proteina,GO_term,Term_Name_Clean
NR3C1,GO:0045944,Positive Regulation Of Transcription By RNA Polymerase II
CPX-6041,GO:0045944,Positive Regulation Of Transcription By RNA Polymerase II
CPX-6043,GO:0045944,Positive Regulation Of Transcription By RNA Polymerase II
CPX-6044,GO:0045944,Positive Regulation Of Transcription By RNA Polymerase II
CPX-6046,GO:0045944,Positive Regulation Of Transcription By RNA Polymerase II
CPX-6049,GO:0045944,Positive Regulation Of Transcription By RNA Polymerase II
CPX-2396,GO:0045944,Positive Regulation Of Transcription By RNA Polymerase II
CPX-2397,GO:0045944,Positive Regulation Of Transcription By RNA Polymerase II
CPX-2398,GO:0045944,Positive Regulation Of Transcription By RNA Polymerase II
CPX-7978,GO:0045944,Positive Regulation Of Transcription By RNA Polymerase II
CPX-915,GO:0045944,Positive Regulation Of Transcription By RNA Polymerase II
CPX-930,GO:0045944,Positive Regulation Of Transcription By RNA Polymerase II
CPX-2491,GO:0045944,Positive Regulation Of Transcription By RNA Polymerase II
CPX-480,GO:0045944,Positive Regulation Of Transcription By RNA Polymerase II
CPX-486,GO:0045944,Positive Regulation Of Transcription By RNA Polymerase II
CPX-2236,GO:0045944,Positive Regulation Of Transcription By RNA Polymerase II
CPX-8601,GO:0045944,Positive Regulation Of Transcription By RNA Polymerase II
CPX-8604,GO:0045944,Positive Regulation Of Transcription By RNA Polymerase II
CPX-8605,GO:0045944,Positive Regulation Of Transcription By RNA Polymerase II
CPX-8606,GO:0045944,Positive Regulation Of Transcription By RNA Polymerase II
CPX-8607,GO:0045944,Positive Regulation Of Transcription By RNA Polymerase II
GSK3B,GO:0045944,Positive Regulation Of Transcription By RNA Polymerase II
CPX-5156,GO:0045944,Positive Regulation Of Transcription By RNA Polymerase II
AKT1,GO:0045944,Positive Regulation Of Transcription By RNA Polymerase II
PTPN11,GO:0045944,Positive Regulation Of Transcription By RNA Polymerase II
CPX-316,GO:0045944,Positive Regulation Of Transcription By RNA Polymerase II
CPX-702,GO:0045944,Positive Regulation Of Transcription By RNA Polymerase II
CPX-711,GO:0045944,Positive Regulation Of Transcription By RNA Polymerase II
CPX-490,GO:0045944,Positive Regulation Of Transcription By RNA Polymerase II
CPX-6420,GO:0045944,Positive Regulation Of Transcription By RNA Polymerase II
CPX-6474,GO:0045944,Positive Regulation Of Transcription By RNA Polymerase II
CPX-6562,GO:0045944,Positive Regulation Of Transcription By RNA Polymerase II
CPX-6786,GO:0045944,Positive Regulation Of Transcription By RNA Polymerase II
CPX-7005,GO:0045944,Positive Regulation Of Transcription By RNA Polymerase II
CPX-7063,GO:0045944,Positive Regulation Of Transcription By RNA Polymerase II
CPX-7100,GO:0045944,Positive Regulation Of Transcription By RNA Polymerase II
MAPK13,GO:0045944,Positive Regulation Of Transcription By RNA Polymerase II
XIAP,GO:0045944,Positive Regulation Of Transcription By RNA Polymerase II
MAPK14,GO:0045944,Positive Regulation Of Transcription By RNA Polymerase II
ERBB2,GO:0045944,Positive Regulation Of Transcription By RNA Polymerase II
ABL1,GO:0045944,Positive Regulation Of Transcription By RNA Polymerase II
BRAF,GO:0045944,Positive Regulation Of Transcription By RNA Polymerase II
CPX-3153,GO:0045944,Positive Regulation Of Transcription By RNA Polymerase II
GATA2,GO:0045944,Positive Regulation Of Transcription By RNA Polymerase II
CPX-6123,GO:0045944,Positive Regulation Of Transcription By RNA Polymerase II
CPX-5828,GO:0045944,Positive Regulation Of Transcription By RNA Polymerase II
CPX-5829,GO:0045944,Positive Regulation Of Transcription By RNA Polymerase II
CPX-5834,GO:0045944,Positive Regulation Of Transcription By RNA Polymerase II
CPX-5835,GO:0045944,Positive Regulation Of Transcription By RNA Polymerase II
STUB1,GO:0045944,Positive Regulation Of Transcription By RNA Polymerase II
CALR,GO:0045944,Positive Regulation Of Transcription By RNA Polymerase II
CPX-3288,GO:0045944,Positive Regulation Of Transcription By RNA Polymerase II
CPX-3285,GO:0045944,Positive Regulation Of Transcription By RNA Polymerase II
NEDD4L,GO:0045944,Positive Regulation Of Transcription By RNA Polymerase II
CPX-5824,GO:0045944,Positive Regulation Of Transcription By RNA Polymerase II
UNG,GO:0045944,Positive Regulation Of Transcription By RNA Polymerase II
CPX-4442,GO:0045944,Positive Regulation Of Transcription By RNA Polymerase II
ATM,GO:0045944,Positive Regulation Of Transcription By RNA Polymerase II
WRN,GO:0045944,Positive Regulation Of Transcription By RNA Polymerase II
OGG1,GO:0045944,Positive Regulation Of Transcription By RNA Polymerase II
PRKDC,GO:0045944,Positive Regulation Of Transcription By RNA Polymerase II
CPX-137,GO:0045944,Positive Regulation Of Transcription By RNA Polymerase II
CPX-262,GO:0045944,Positive Regulation Of Transcription By RNA Polymerase II
CPX-8095,GO:0045944,Positive Regulation Of Transcription By RNA Polymerase II
CPX-8096,GO:0045944,Positive Regulation Of Transcription By RNA Polymerase II
CPX-8101,GO:0045944,Positive Regulation Of Transcription By RNA Polymerase II
CPX-8104,GO:0045944,Positive Regulation Of Transcription By RNA Polymerase II
CPX-8105,GO:0045944,Positive Regulation Of Transcription By RNA Polymerase II
CPX-8121,GO:0045944,Positive Regulation Of Transcription By RNA Polymerase II
CPX-8124,GO:0045944,Positive Regulation Of Transcription By RNA Polymerase II
CPX-8128,GO:0045944,Positive Regulation Of Transcription By RNA Polymerase II
CPX-8129,GO:0045944,Positive Regulation Of Transcription By RNA Polymerase II
CPX-8132,GO:0045944,Positive Regulation Of Transcription By RNA Polymerase II
CPX-8133,GO:0045944,Positive Regulation Of Transcription By RNA Polymerase II
CPX-8134,GO:0045944,Positive Regulation Of Transcription By RNA Polymerase II
CPX-8570,GO:0045944,Positive Regulation Of Transcription By RNA Polymerase II
CPX-8782,GO:0045944,Positive Regulation Of Transcription By RNA Polymerase II
CPX-8783,GO:0045944,Positive Regulation Of Transcription By RNA Polymerase II
TP53BP1,GO:0045944,Positive Regulation Of Transcription By RNA Polymerase II
TOP2A,GO:0045944,Positive Regulation Of Transcription By RNA Polymerase II
CPX-467,GO:0045944,Positive Regulation Of Transcription By RNA Polymerase II
MAPK1,GO:0045944,Positive Regulation Of Transcription By RNA Polymerase II
RPS6KB1,GO:0045944,Positive Regulation Of Transcription By RNA Polymerase II
CPX-6024,GO:0045944,Positive Regulation Of Transcription By RNA Polymerase II
FUS,GO:0045944,Positive Regulation Of Transcription By RNA Polymerase II
H3-3B,GO:0045944,Positive Regulation Of Transcription By RNA Polymerase II
CPX-107,GO:0045944,Positive Regulation Of Transcription By RNA Polymerase II
CPX-6093,GO:0045944,Positive Regulation Of Transcription By RNA Polymerase II
CPX-663,GO:0045944,Positive Regulation Of Transcription By RNA Polymerase II
CPX-759,GO:0045944,Positive Regulation Of Transcription By RNA Polymerase II
ANXA5,GO:0045944,Positive Regulation Of Transcription By RNA Polymerase II
YWHAG,GO:0045944,Positive Regulation Of Transcription By RNA Polymerase II
CPX-514,GO:0045944,Positive Regulation Of Transcription By RNA Polymerase II
HSPA5,GO:0045944,Positive Regulation Of Transcription By RNA Polymerase II
MAPK11,GO:0045944,Positive Regulation Of Transcription By RNA Polymerase II
UBQLN2,GO:0045944,Positive Regulation Of Transcription By RNA Polymerase II
CPX-7765,GO:0045944,Positive Regulation Of Transcription By RNA Polymerase II
CPX-1907,GO:0045944,Positive Regulation Of Transcription By RNA Polymerase II
CPX-975,GO:0045944,Positive Regulation Of Transcription By RNA Polymerase II
CPX-2862,GO:0045944,Positive Regulation Of Transcription By RNA Polymerase II
CPX-2205,GO:0045944,Positive Regulation Of Transcription By RNA Polymerase II
CPX-2307,GO:0045944,Positive Regulation Of Transcription By RNA Polymerase II
CPX-2317,GO:0045944,Positive Regulation Of Transcription By RNA Polymerase II
CPX-2569,GO:0045944,Positive Regulation Of Transcription By RNA Polymerase II
HDAC6,GO:0045944,Positive Regulation Of Transcription By RNA Polymerase II
CDK1,GO:0045944,Positive Regulation Of Transcription By RNA Polymerase II
MAPK8,GO:0045944,Positive Regulation Of Transcription By RNA Polymerase II
CPX-1981,GO:0045944,Positive Regulation Of Transcription By RNA Polymerase II
CPX-1982,GO:0045944,Positive Regulation Of Transcription By RNA Polymerase II
CPX-1984,GO:0045944,Positive Regulation Of Transcription By RNA Polymerase II
CPX-1986,GO:0045944,Positive Regulation Of Transcription By RNA Polymerase II
CPX-1990,GO:0045944,Positive Regulation Of Transcription By RNA Polymerase II
EWSR1,GO:0045944,Positive Regulation Of Transcription By RNA Polymerase II
CPX-2666,GO:0045944,Positive Regulation Of Transcription By RNA Polymerase II
CPX-5634,GO:0045944,Positive Regulation Of Transcription By RNA Polymerase II
PIK3R1,GO:0045944,Positive Regulation Of Transcription By RNA Polymerase II
LCK,GO:0045944,Positive Regulation Of Transcription By RNA Polymerase II
PHGDH,GO:0045944,Positive Regulation Of Transcription By RNA Polymerase II
CPX-1164,GO:0045944,Positive Regulation Of Transcription By RNA Polymerase II
CPX-1194,GO:0045944,Positive Regulation Of Transcription By RNA Polymerase II
CPX-1195,GO:0045944,Positive Regulation Of Transcription By RNA Polymerase II
CPX-1196,GO:0045944,Positive Regulation Of Transcription By RNA Polymerase II
CPX-1199,GO:0045944,Positive Regulation Of Transcription By RNA Polymerase II
CPX-1201,GO:0045944,Positive Regulation Of Transcription By RNA Polymerase II
CPX-1202,GO:0045944,Positive Regulation Of Transcription By RNA Polymerase II
CPX-1203,GO:0045944,Positive Regulation Of Transcription By RNA Polymerase II
CPX-1204,GO:0045944,Positive Regulation Of Transcription By RNA Polymerase II
CPX-1205,GO:0045944,Positive Regulation Of Transcription By RNA Polymerase II
CPX-1206,GO:0045944,Positive Regulation Of Transcription By RNA Polymerase II
CPX-1207,GO:0045944,Positive Regulation Of Transcription By RNA Polymerase II
CPX-1209,GO:0045944,Positive Regulation Of Transcription By RNA Polymerase II
CPX-1210,GO:0045944,Positive Regulation Of Transcription By RNA Polymerase II
CPX-1211,GO:0045944,Positive Regulation Of Transcription By RNA Polymerase II
CPX-1212,GO:0045944,Positive Regulation Of Transcription By RNA Polymerase II
CPX-1213,GO:0045944,Positive Regulation Of Transcription By RNA Polymerase II
CPX-1215,GO:0045944,Positive Regulation Of Transcription By RNA Polymerase II
CPX-1216,GO:0045944,Positive Regulation Of Transcription By RNA Polymerase II
CPX-1217,GO:0045944,Positive Regulation Of Transcription By RNA Polymerase II
CPX-1218,GO:0045944,Positive Regulation Of Transcription By RNA Polymerase II
CPX-1219,GO:0045944,Positive Regulation Of Transcription By RNA Polymerase II
CPX-1220,GO:0045944,Positive Regulation Of Transcription By RNA Polymerase II
CPX-1221,GO:0045944,Positive Regulation Of Transcription By RNA Polymerase II
CPX-1222,GO:0045944,Positive Regulation Of Transcription By RNA Polymerase II
CPX-1223,GO:0045944,Positive Regulation Of Transcription By RNA Polymerase II
CPX-1224,GO:0045944,Positive Regulation Of Transcription By RNA Polymerase II
CPX-1225,GO:0045944,Positive Regulation Of Transcription By RNA Polymerase II
CPX-1226,GO:0045944,Positive Regulation Of Transcription By RNA Polymerase II
CPX-1227,GO:0045944,Positive Regulation Of Transcription By RNA Polymerase II
CPX-1228,GO:0045944,Positive Regulation Of Transcription By RNA Polymerase II
CPX-4084,GO:0045944,Positive Regulation Of Transcription By RNA Polymerase II
CPX-4203,GO:0045944,Positive Regulation Of Transcription By RNA Polymerase II
CPX-4206,GO:0045944,Positive Regulation Of Transcription By RNA Polymerase II
CPX-4207,GO:0045944,Positive Regulation Of Transcription By RNA Polymerase II
CPX-4223,GO:0045944,Positive Regulation Of Transcription By RNA Polymerase II
CPX-4224,GO:0045944,Positive Regulation Of Transcription By RNA Polymerase II
CPX-4225,GO:0045944,Positive Regulation Of Transcription By RNA Polymerase II
CPX-4226,GO:0045944,Positive Regulation Of Transcription By RNA Polymerase II
CPX-978,GO:0045944,Positive Regulation Of Transcription By RNA Polymerase II
ATXN3,GO:0045944,Positive Regulation Of Transcription By RNA Polymerase II
CPX-6263,GO:0045944,Positive Regulation Of Transcription By RNA Polymerase II
SOX4,GO:0045944,Positive Regulation Of Transcription By RNA Polymerase II
CPX-265,GO:0045944,Positive Regulation Of Transcription By RNA Polymerase II
CPX-2391,GO:0045944,Positive Regulation Of Transcription By RNA Polymerase II
KDM4B,GO:0045944,Positive Regulation Of Transcription By RNA Polymerase II
KDM6B,GO:0045944,Positive Regulation Of Transcription By RNA Polymerase II
NCOR1,GO:0045944,Positive Regulation Of Transcription By RNA Polymerase II
KMT5B,GO:0045944,Positive Regulation Of Transcription By RNA Polymerase II
CPX-709,GO:0045944,Positive Regulation Of Transcription By RNA Polymerase II
SIRT6,GO:0045944,Positive Regulation Of Transcription By RNA Polymerase II
DNMT1,GO:0045944,Positive Regulation Of Transcription By RNA Polymerase II
KDM4A,GO:0045944,Positive Regulation Of Transcription By RNA Polymerase II
CPX-3321,GO:0045944,Positive Regulation Of Transcription By RNA Polymerase II
CPX-3323,GO:0045944,Positive Regulation Of Transcription By RNA Polymerase II
CPX-880,GO:0045944,Positive Regulation Of Transcription By RNA Polymerase II
CPX-922,GO:0045944,Positive Regulation Of Transcription By RNA Polymerase II
AR,GO:0045944,Positive Regulation Of Transcription By RNA Polymerase II
KDM5C,GO:0045944,Positive Regulation Of Transcription By RNA Polymerase II
CPX-7091,GO:0045944,Positive Regulation Of Transcription By RNA Polymerase II
CPX-7104,GO:0045944,Positive Regulation Of Transcription By RNA Polymerase II
NSD2,GO:0045944,Positive Regulation Of Transcription By RNA Polymerase II
EHMT2,GO:0045944,Positive Regulation Of Transcription By RNA Polymerase II
NCOR2,GO:0045944,Positive Regulation Of Transcription By RNA Polymerase II
CPX-508,GO:0045944,Positive Regulation Of Transcription By RNA Polymerase II
CPX-513,GO:0045944,Positive Regulation Of Transcription By RNA Polymerase II
CPX-5342,GO:0045944,Positive Regulation Of Transcription By RNA Polymerase II
CPX-631,GO:0045944,Positive Regulation Of Transcription By RNA Polymerase II
CPX-632,GO:0045944,Positive Regulation Of Transcription By RNA Polymerase II
CPX-654,GO:0045944,Positive Regulation Of Transcription By RNA Polymerase II
CPX-662,GO:0045944,Positive Regulation Of Transcription By RNA Polymerase II
CPX-664,GO:0045944,Positive Regulation Of Transcription By RNA Polymerase II
CPX-678,GO:0045944,Positive Regulation Of Transcription By RNA Polymerase II
CPX-816,GO:0045944,Positive Regulation Of Transcription By RNA Polymerase II
TET2,GO:0045944,Positive Regulation Of Transcription By RNA Polymerase II
CTCF,GO:0045944,Positive Regulation Of Transcription By RNA Polymerase II
CPX-6597,GO:0045944,Positive Regulation Of Transcription By RNA Polymerase II
CPX-6600,GO:0045944,Positive Regulation Of Transcription By RNA Polymerase II
HMOX1,GO:0045944,Positive Regulation Of Transcription By RNA Polymerase II
NFKBIA,GO:0045944,Positive Regulation Of Transcription By RNA Polymerase II
CSNK2A1,GO:0045944,Positive Regulation Of Transcription By RNA Polymerase II
CPX-5833,GO:0045944,Positive Regulation Of Transcription By RNA Polymerase II
CPX-5837,GO:0045944,Positive Regulation Of Transcription By RNA Polymerase II
CPX-5838,GO:0045944,Positive Regulation Of Transcription By RNA Polymerase II
CPX-5832,GO:0045944,Positive Regulation Of Transcription By RNA Polymerase II
SPI1,GO:0045944,Positive Regulation Of Transcription By RNA Polymerase II
CPX-2014,GO:0045944,Positive Regulation Of Transcription By RNA Polymerase II
CPX-624,GO:0045944,Positive Regulation Of Transcription By RNA Polymerase II
CPX-8834,GO:0045944,Positive Regulation Of Transcription By RNA Polymerase II
EIF2AK2,GO:0045944,Positive Regulation Of Transcription By RNA Polymerase II
IRF1,GO:0045944,Positive Regulation Of Transcription By RNA Polymerase II
CPX-525,GO:0045944,Positive Regulation Of Transcription By RNA Polymerase II
CPX-666,GO:0045944,Positive Regulation Of Transcription By RNA Polymerase II
CPX-2007,GO:0045944,Positive Regulation Of Transcription By RNA Polymerase II
RIPK1,GO:0045944,Positive Regulation Of Transcription By RNA Polymerase II
LMNB1,GO:0045944,Positive Regulation Of Transcription By RNA Polymerase II
CDH1,GO:0045944,Positive Regulation Of Transcription By RNA Polymerase II
CSNK2A2,GO:0045944,Positive Regulation Of Transcription By RNA Polymerase II
PIK3CA,GO:0045944,Positive Regulation Of Transcription By RNA Polymerase II
CPX-1988,GO:0045944,Positive Regulation Of Transcription By RNA Polymerase II
CPX-5830,GO:0045944,Positive Regulation Of Transcription By RNA Polymerase II
CPX-5836,GO:0045944,Positive Regulation Of Transcription By RNA Polymerase II
MAP2K1,GO:0045944,Positive Regulation Of Transcription By RNA Polymerase II
CXCL8,GO:0045944,Positive Regulation Of Transcription By RNA Polymerase II
EIF2AK3,GO:0045944,Positive Regulation Of Transcription By RNA Polymerase II
CPX-17,GO:0045944,Positive Regulation Of Transcription By RNA Polymerase II
CPX-20,GO:0045944,Positive Regulation Of Transcription By RNA Polymerase II
CPX-6047,GO:0045944,Positive Regulation Of Transcription By RNA Polymerase II
SOX2,GO:0045944,Positive Regulation Of Transcription By RNA Polymerase II
LMNB2,GO:0045944,Positive Regulation Of Transcription By RNA Polymerase II
CPX-1,GO:0045944,Positive Regulation Of Transcription By RNA Polymerase II
CPX-1123,GO:0045944,Positive Regulation Of Transcription By RNA Polymerase II
CPX-1147,GO:0045944,Positive Regulation Of Transcription By RNA Polymerase II
CPX-6045,GO:0045944,Positive Regulation Of Transcription By RNA Polymerase II
ATG7,GO:0045944,Positive Regulation Of Transcription By RNA Polymerase II
MTOR,GO:0045944,Positive Regulation Of Transcription By RNA Polymerase II
CPX-6593,GO:0045944,Positive Regulation Of Transcription By RNA Polymerase II
CPX-6595,GO:0045944,Positive Regulation Of Transcription By RNA Polymerase II
CPX-304,GO:0045944,Positive Regulation Of Transcription By RNA Polymerase II
CPX-481,GO:0045944,Positive Regulation Of Transcription By RNA Polymerase II
CPX-200,GO:0045944,Positive Regulation Of Transcription By RNA Polymerase II
CPX-354,GO:0045944,Positive Regulation Of Transcription By RNA Polymerase II
CPX-356,GO:0045944,Positive Regulation Of Transcription By RNA Polymerase II
CPX-358,GO:0045944,Positive Regulation Of Transcription By RNA Polymerase II
MMP9,GO:0045944,Positive Regulation Of Transcription By RNA Polymerase II
CSNK2B,GO:0045944,Positive Regulation Of Transcription By RNA Polymerase II
CPX-1983,GO:0045944,Positive Regulation Of Transcription By RNA Polymerase II
CPX-1985,GO:0045944,Positive Regulation Of Transcription By RNA Polymerase II
CPX-1987,GO:0045944,Positive Regulation Of Transcription By RNA Polymerase II
CPX-1991,GO:0045944,Positive Regulation Of Transcription By RNA Polymerase II
CPX-298,GO:0045944,Positive Regulation Of Transcription By RNA Polymerase II
CPX-860,GO:0045944,Positive Regulation Of Transcription By RNA Polymerase II
FOXO1,GO:0045944,Positive Regulation Of Transcription By RNA Polymerase II
JAK2,GO:0045944,Positive Regulation Of Transcription By RNA Polymerase II
CPX-6570,GO:0045944,Positive Regulation Of Transcription By RNA Polymerase II
ERN1,GO:0045944,Positive Regulation Of Transcription By RNA Polymerase II
CPX-7241,GO:0045944,Positive Regulation Of Transcription By RNA Polymerase II
IKBKB,GO:0045944,Positive Regulation Of Transcription By RNA Polymerase II
CPX-69,GO:0045944,Positive Regulation Of Transcription By RNA Polymerase II
CPX-91,GO:0045944,Positive Regulation Of Transcription By RNA Polymerase II
MYD88,GO:0045944,Positive Regulation Of Transcription By RNA Polymerase II
CPX-8623,GO:0045944,Positive Regulation Of Transcription By RNA Polymerase II
CPX-8624,GO:0045944,Positive Regulation Of Transcription By RNA Polymerase II
CPX-8625,GO:0045944,Positive Regulation Of Transcription By RNA Polymerase II
CPX-77,GO:0045944,Positive Regulation Of Transcription By RNA Polymerase II
CPX-80,GO:0045944,Positive Regulation Of Transcription By RNA Polymerase II
NOTCH2,GO:0045944,Positive Regulation Of Transcription By RNA Polymerase II
CDK4,GO:0045944,Positive Regulation Of Transcription By RNA Polymerase II
HDAC4,GO:0045944,Positive Regulation Of Transcription By RNA Polymerase II
CPX-6276,GO:0045944,Positive Regulation Of Transcription By RNA Polymerase II
PRMT1,GO:0045944,Positive Regulation Of Transcription By RNA Polymerase II
HDAC9,GO:0045944,Positive Regulation Of Transcription By RNA Polymerase II
REST,GO:0045944,Positive Regulation Of Transcription By RNA Polymerase II
CPX-2291,GO:0045944,Positive Regulation Of Transcription By RNA Polymerase II
CPX-2292,GO:0045944,Positive Regulation Of Transcription By RNA Polymerase II
CPX-2295,GO:0045944,Positive Regulation Of Transcription By RNA Polymerase II
CPX-2296,GO:0045944,Positive Regulation Of Transcription By RNA Polymerase II
CPX-2297,GO:0045944,Positive Regulation Of Transcription By RNA Polymerase II
CPX-2298,GO:0045944,Positive Regulation Of Transcription By RNA Polymerase II
CPX-2555,GO:0045944,Positive Regulation Of Transcription By RNA Polymerase II
CPX-7546,GO:0045944,Positive Regulation Of Transcription By RNA Polymerase II
CPX-7587,GO:0045944,Positive Regulation Of Transcription By RNA Polymerase II
CPX-7588,GO:0045944,Positive Regulation Of Transcription By RNA Polymerase II
CPX-7589,GO:0045944,Positive Regulation Of Transcription By RNA Polymerase II
CPX-7590,GO:0045944,Positive Regulation Of Transcription By RNA Polymerase II
CPX-7591,GO:0045944,Positive Regulation Of Transcription By RNA Polymerase II
CPX-7592,GO:0045944,Positive Regulation Of Transcription By RNA Polymerase II
GATA3,GO:0045944,Positive Regulation Of Transcription By RNA Polymerase II
HELLS,GO:0045944,Positive Regulation Of Transcription By RNA Polymerase II
CPX-1072,GO:0045944,Positive Regulation Of Transcription By RNA Polymerase II
CPX-134,GO:0045944,Positive Regulation Of Transcription By RNA Polymerase II
CD4,GO:0045944,Positive Regulation Of Transcription By RNA Polymerase II
MMP2,GO:0045944,Positive Regulation Of Transcription By RNA Polymerase II
KIT,GO:0045944,Positive Regulation Of Transcription By RNA Polymerase II
SHH,GO:0045944,Positive Regulation Of Transcription By RNA Polymerase II
ZEB1,GO:0045944,Positive Regulation Of Transcription By RNA Polymerase II
ALK,GO:0045944,Positive Regulation Of Transcription By RNA Polymerase II
CPX-6094,GO:0045944,Positive Regulation Of Transcription By RNA Polymerase II
CPX-1063,GO:0045944,Positive Regulation Of Transcription By RNA Polymerase II
TRIP12,GO:0045944,Positive Regulation Of Transcription By RNA Polymerase II
CBL,GO:0045944,Positive Regulation Of Transcription By RNA Polymerase II
ERBB3,GO:0045944,Positive Regulation Of Transcription By RNA Polymerase II
TNFRSF10B,GO:0045944,Positive Regulation Of Transcription By RNA Polymerase II
CPX-6142,GO:0045944,Positive Regulation Of Transcription By RNA Polymerase II
MBTPS1,GO:0045944,Positive Regulation Of Transcription By RNA Polymerase II
FOXP3,GO:0045944,Positive Regulation Of Transcription By RNA Polymerase II
CD274,GO:0045944,Positive Regulation Of Transcription By RNA Polymerase II
TFRC,GO:0045944,Positive Regulation Of Transcription By RNA Polymerase II
PLK1,GO:0045944,Positive Regulation Of Transcription By RNA Polymerase II
CDCA7,GO:0045944,Positive Regulation Of Transcription By RNA Polymerase II
AURKB,GO:0045944,Positive Regulation Of Transcription By RNA Polymerase II
LMO2,GO:0045944,Positive Regulation Of Transcription By RNA Polymerase II
CPX-2283,GO:0045944,Positive Regulation Of Transcription By RNA Polymerase II
CPX-2285,GO:0045944,Positive Regulation Of Transcription By RNA Polymerase II
CPX-2286,GO:0045944,Positive Regulation Of Transcription By RNA Polymerase II
CPX-2288,GO:0045944,Positive Regulation Of Transcription By RNA Polymerase II
CPX-2289,GO:0045944,Positive Regulation Of Transcription By RNA Polymerase II
CPX-2290,GO:0045944,Positive Regulation Of Transcription By RNA Polymerase II
CPX-7581,GO:0045944,Positive Regulation Of Transcription By RNA Polymerase II
CPX-7582,GO:0045944,Positive Regulation Of Transcription By RNA Polymerase II
CPX-7583,GO:0045944,Positive Regulation Of Transcription By RNA Polymerase II
CPX-7584,GO:0045944,Positive Regulation Of Transcription By RNA Polymerase II
CPX-7585,GO:0045944,Positive Regulation Of Transcription By RNA Polymerase II
CPX-7586,GO:0045944,Positive Regulation Of Transcription By RNA Polymerase II
RET,GO:0045944,Positive Regulation Of Transcription By RNA Polymerase II
FGFR3,GO:0045944,Positive Regulation Of Transcription By RNA Polymerase II
CDK6,GO:0045944,Positive Regulation Of Transcription By RNA Polymerase II
CPX-155,GO:0045944,Positive Regulation Of Transcription By RNA Polymerase II
CPX-175,GO:0045944,Positive Regulation Of Transcription By RNA Polymerase II
CPX-7728,GO:0045944,Positive Regulation Of Transcription By RNA Polymerase II
HMGA1,GO:0045944,Positive Regulation Of Transcription By RNA Polymerase II
CHD8,GO:0045944,Positive Regulation Of Transcription By RNA Polymerase II
SOX9,GO:0045944,Positive Regulation Of Transcription By RNA Polymerase II
CPX-54,GO:0045944,Positive Regulation Of Transcription By RNA Polymerase II
NF1,GO:0045944,Positive Regulation Of Transcription By RNA Polymerase II
ROCK1,GO:0045944,Positive Regulation Of Transcription By RNA Polymerase II
DYRK2,GO:0045944,Positive Regulation Of Transcription By RNA Polymerase II
CPX-1921,GO:0045944,Positive Regulation Of Transcription By RNA Polymerase II
MAP3K1,GO:0045944,Positive Regulation Of Transcription By RNA Polymerase II
GATA4,GO:0045944,Positive Regulation Of Transcription By RNA Polymerase II
CPX-2530,GO:0045944,Positive Regulation Of Transcription By RNA Polymerase II
RHOA,GO:0045944,Positive Regulation Of Transcription By RNA Polymerase II
PGR,GO:0045944,Positive Regulation Of Transcription By RNA Polymerase II
SNAI2,GO:0045944,Positive Regulation Of Transcription By RNA Polymerase II
TBX21,GO:0045944,Positive Regulation Of Transcription By RNA Polymerase II
TWIST1,GO:0045944,Positive Regulation Of Transcription By RNA Polymerase II
CD40,GO:0045944,Positive Regulation Of Transcription By RNA Polymerase II
CPX-6741,GO:0045944,Positive Regulation Of Transcription By RNA Polymerase II
CPX-6743,GO:0045944,Positive Regulation Of Transcription By RNA Polymerase II
KLF6,GO:0045944,Positive Regulation Of Transcription By RNA Polymerase II
CPX-509,GO:0045944,Positive Regulation Of Transcription By RNA Polymerase II
CPX-6469,GO:0045944,Positive Regulation Of Transcription By RNA Polymerase II
CPX-6525,GO:0045944,Positive Regulation Of Transcription By RNA Polymerase II
CPX-6586,GO:0045944,Positive Regulation Of Transcription By RNA Polymerase II
CPX-7006,GO:0045944,Positive Regulation Of Transcription By RNA Polymerase II
CPX-7065,GO:0045944,Positive Regulation Of Transcription By RNA Polymerase II
CPX-7095,GO:0045944,Positive Regulation Of Transcription By RNA Polymerase II
CPX-71,GO:0045944,Positive Regulation Of Transcription By RNA Polymerase II
CPX-256,GO:0045944,Positive Regulation Of Transcription By RNA Polymerase II
MUC1,GO:0045944,Positive Regulation Of Transcription By RNA Polymerase II
PAX6,GO:0045944,Positive Regulation Of Transcription By RNA Polymerase II
CTLA4,GO:0045944,Positive Regulation Of Transcription By RNA Polymerase II
CSF1R,GO:0045944,Positive Regulation Of Transcription By RNA Polymerase II
FLT3,GO:0045944,Positive Regulation Of Transcription By RNA Polymerase II
AXL,GO:0045944,Positive Regulation Of Transcription By RNA Polymerase II
CPX-833,GO:0045944,Positive Regulation Of Transcription By RNA Polymerase II
IRF4,GO:0045944,Positive Regulation Of Transcription By RNA Polymerase II
PTPRC,GO:0045944,Positive Regulation Of Transcription By RNA Polymerase II
JAK3,GO:0045944,Positive Regulation Of Transcription By RNA Polymerase II
BCL6,GO:0045944,Positive Regulation Of Transcription By RNA Polymerase II
CPX-5635,GO:0045944,Positive Regulation Of Transcription By RNA Polymerase II
BIRC3,GO:0045944,Positive Regulation Of Transcription By RNA Polymerase II
HNRNPK,GO:0045944,Positive Regulation Of Transcription By RNA Polymerase II
CPX-5991,GO:0045944,Positive Regulation Of Transcription By RNA Polymerase II
CPX-5989,GO:0045944,Positive Regulation Of Transcription By RNA Polymerase II
CPX-6082,GO:0045944,Positive Regulation Of Transcription By RNA Polymerase II
CPX-3079,GO:0045944,Positive Regulation Of Transcription By RNA Polymerase II
CPX-3082,GO:0045944,Positive Regulation Of Transcription By RNA Polymerase II
UBE3A,GO:0045944,Positive Regulation Of Transcription By RNA Polymerase II
CPX-6472,GO:0045944,Positive Regulation Of Transcription By RNA Polymerase II
PBX1,GO:0045944,Positive Regulation Of Transcription By RNA Polymerase II
IKBKG,GO:0045944,Positive Regulation Of Transcription By RNA Polymerase II
DDX3X,GO:0045944,Positive Regulation Of Transcription By RNA Polymerase II
JAK1,GO:0045944,Positive Regulation Of Transcription By RNA Polymerase II
RPS6KA5,GO:0045944,Positive Regulation Of Transcription By RNA Polymerase II
CARD11,GO:0045944,Positive Regulation Of Transcription By RNA Polymerase II
MLH1,GO:0045944,Positive Regulation Of Transcription By RNA Polymerase II
CDK12,GO:0045944,Positive Regulation Of Transcription By RNA Polymerase II
CDKN3,GO:0045944,Positive Regulation Of Transcription By RNA Polymerase II
SLC25A3,GO:0045944,Positive Regulation Of Transcription By RNA Polymerase II
CSNK1A1L,GO:0045944,Positive Regulation Of Transcription By RNA Polymerase II
ARFGEF2,GO:0045944,Positive Regulation Of Transcription By RNA Polymerase II
CPX-8081,GO:0045944,Positive Regulation Of Transcription By RNA Polymerase II
UNC45B,GO:0045944,Positive Regulation Of Transcription By RNA Polymerase II
NDRG1,GO:0045944,Positive Regulation Of Transcription By RNA Polymerase II
CPX-2161,GO:0045944,Positive Regulation Of Transcription By RNA Polymerase II
RNF146,GO:0045944,Positive Regulation Of Transcription By RNA Polymerase II
CPX-7107,GO:0045944,Positive Regulation Of Transcription By RNA Polymerase II
MAPKBP1,GO:0045944,Positive Regulation Of Transcription By RNA Polymerase II
MAP3K9,GO:0045944,Positive Regulation Of Transcription By RNA Polymerase II
DSTYK,GO:0045944,Positive Regulation Of Transcription By RNA Polymerase II
NUAK2,GO:0045944,Positive Regulation Of Transcription By RNA Polymerase II
GNB3,GO:0008202,Steroid Metabolic Process
CYP2C9,GO:0008202,Steroid Metabolic Process
GNB5,GO:0008202,Steroid Metabolic Process
IDE,GO:0008202,Steroid Metabolic Process
HTR6,GO:0008202,Steroid Metabolic Process
GNB2,GO:0008202,Steroid Metabolic Process
HTR4,GO:0008202,Steroid Metabolic Process
MAOB,GO:0008202,Steroid Metabolic Process
CPX-5225,GO:0008202,Steroid Metabolic Process
AVPR1A,GO:0008202,Steroid Metabolic Process
MC4R,GO:0008202,Steroid Metabolic Process
LRTOMT,GO:0008202,Steroid Metabolic Process
GNAI2,GO:0008202,Steroid Metabolic Process
MPDZ,GO:0008202,Steroid Metabolic Process
NPY2R,GO:0008202,Steroid Metabolic Process
CPX-1910,GO:0008202,Steroid Metabolic Process
CYP1A2,GO:0008202,Steroid Metabolic Process
COMT,GO:0008202,Steroid Metabolic Process
GNAI3,GO:0008202,Steroid Metabolic Process
AGTR2,GO:0008202,Steroid Metabolic Process
GLP1R,GO:0008202,Steroid Metabolic Process
MTHFR,GO:0008202,Steroid Metabolic Process
CPX-7724,GO:0008202,Steroid Metabolic Process
DBH,GO:0008202,Steroid Metabolic Process
DDC,GO:0008202,Steroid Metabolic Process
ADORA2A,GO:0008202,Steroid Metabolic Process
CUX2,GO:0008202,Steroid Metabolic Process
ALDH2,GO:0008202,Steroid Metabolic Process
RHO,GO:0008202,Steroid Metabolic Process
ADCY1,GO:0008202,Steroid Metabolic Process
ADRA1B,GO:0008202,Steroid Metabolic Process
TSPEAR,GO:0008202,Steroid Metabolic Process
ADRB1,GO:0008202,Steroid Metabolic Process
ADRA1D,GO:0008202,Steroid Metabolic Process
GHSR,GO:0008202,Steroid Metabolic Process
HCRT,GO:0008202,Steroid Metabolic Process
SSTR5,GO:0008202,Steroid Metabolic Process
ACHE,GO:0008202,Steroid Metabolic Process
ARR3,GO:0008202,Steroid Metabolic Process
GRK2,GO:0008202,Steroid Metabolic Process
EDN3,GO:0008202,Steroid Metabolic Process
OCA2,GO:0008202,Steroid Metabolic Process
SSTR2,GO:0008202,Steroid Metabolic Process
CPX-3065,GO:0008202,Steroid Metabolic Process
ADORA1,GO:0008202,Steroid Metabolic Process
HTR1B,GO:0008202,Steroid Metabolic Process
HRH1,GO:0008202,Steroid Metabolic Process
ADRA2C,GO:0008202,Steroid Metabolic Process
SAG,GO:0008202,Steroid Metabolic Process
SLC4A4,GO:0008202,Steroid Metabolic Process
OPRM1,GO:0008202,Steroid Metabolic Process
ADCY5,GO:0008202,Steroid Metabolic Process
PDYN,GO:0008202,Steroid Metabolic Process
ADRA2B,GO:0008202,Steroid Metabolic Process
SLC18A2,GO:0008202,Steroid Metabolic Process
FAAH,GO:0008202,Steroid Metabolic Process
BCHE,GO:0008202,Steroid Metabolic Process
GAL,GO:0008202,Steroid Metabolic Process
SERPINA6,GO:0008202,Steroid Metabolic Process
CYSLTR2,GO:0008202,Steroid Metabolic Process
P2RY12,GO:0008202,Steroid Metabolic Process
CPX-2808,GO:0008202,Steroid Metabolic Process
PLCB1,GO:0008202,Steroid Metabolic Process
TRIO,GO:0008202,Steroid Metabolic Process
PLA2G4A,GO:0008202,Steroid Metabolic Process
CYSLTR1,GO:0008202,Steroid Metabolic Process
ADRA1A,GO:0008202,Steroid Metabolic Process
GRK5,GO:0008202,Steroid Metabolic Process
CPX-4424,GO:0008202,Steroid Metabolic Process
PLCB3,GO:0008202,Steroid Metabolic Process
BDKRB2,GO:0008202,Steroid Metabolic Process
HRH4,GO:0008202,Steroid Metabolic Process
CPX-2531,GO:0008202,Steroid Metabolic Process
P2RY1,GO:0008202,Steroid Metabolic Process
EDNRB,GO:0008202,Steroid Metabolic Process
OPRD1,GO:0008202,Steroid Metabolic Process
GALM,GO:0008202,Steroid Metabolic Process
SLC22A3,GO:0008202,Steroid Metabolic Process
SLC17A8,GO:0008202,Steroid Metabolic Process
LMX1B,GO:0008202,Steroid Metabolic Process
SLC18A3,GO:0008202,Steroid Metabolic Process
HCRTR1,GO:0008202,Steroid Metabolic Process
ABCB1,GO:0008202,Steroid Metabolic Process
PYGM,GO:0008202,Steroid Metabolic Process
DGKE,GO:0008202,Steroid Metabolic Process
LPAR6,GO:0008202,Steroid Metabolic Process
PLCD1,GO:0008202,Steroid Metabolic Process
APOL1,GO:0008202,Steroid Metabolic Process
GLA,GO:0008202,Steroid Metabolic Process
MYL2,GO:0008202,Steroid Metabolic Process
PRKAG2,GO:0008202,Steroid Metabolic Process
JUP,GO:0008202,Steroid Metabolic Process
CPX-2093,GO:0008202,Steroid Metabolic Process
IAPP,GO:0008202,Steroid Metabolic Process
SORL1,GO:0008202,Steroid Metabolic Process
ABCA7,GO:0008202,Steroid Metabolic Process
PRKCG,GO:0008202,Steroid Metabolic Process
CP,GO:0008202,Steroid Metabolic Process
SLC25A4,GO:0008202,Steroid Metabolic Process
MBNL1,GO:0008202,Steroid Metabolic Process
GBA,GO:0008202,Steroid Metabolic Process
PRKAG1,GO:0008202,Steroid Metabolic Process
ATP13A2,GO:0008202,Steroid Metabolic Process
PLA2G6,GO:0008202,Steroid Metabolic Process
CD2AP,GO:0008202,Steroid Metabolic Process
SV2A,GO:0008202,Steroid Metabolic Process
GSTO1,GO:0008202,Steroid Metabolic Process
VLDLR,GO:0008202,Steroid Metabolic Process
MAG,GO:0008202,Steroid Metabolic Process
PICALM,GO:0008202,Steroid Metabolic Process
NSF,GO:0008202,Steroid Metabolic Process
SYNJ1,GO:0008202,Steroid Metabolic Process
KIF1A,GO:0008202,Steroid Metabolic Process
PLP1,GO:0008202,Steroid Metabolic Process
ITM2B,GO:0008202,Steroid Metabolic Process
MC3R,GO:0008202,Steroid Metabolic Process
CPX-5226,GO:0008202,Steroid Metabolic Process
CCKAR,GO:0008202,Steroid Metabolic Process
CPX-6222,GO:0008202,Steroid Metabolic Process
EDNRA,GO:0008202,Steroid Metabolic Process
P2RY11,GO:0008202,Steroid Metabolic Process
ENO3,GO:0008202,Steroid Metabolic Process
PKLR,GO:0008202,Steroid Metabolic Process
KISS1,GO:0008202,Steroid Metabolic Process
AVP,GO:0008202,Steroid Metabolic Process
NPSR1,GO:0008202,Steroid Metabolic Process
TRHR,GO:0008202,Steroid Metabolic Process
MC1R,GO:0008202,Steroid Metabolic Process
PYGL,GO:0008202,Steroid Metabolic Process
PYGB,GO:0008202,Steroid Metabolic Process
SI,GO:0008202,Steroid Metabolic Process
HKDC1,GO:0008202,Steroid Metabolic Process
GNE,GO:0008202,Steroid Metabolic Process
MGAM,GO:0008202,Steroid Metabolic Process
SLC40A1,GO:0008202,Steroid Metabolic Process
PGD,GO:0008202,Steroid Metabolic Process
UGT1A6,GO:0008202,Steroid Metabolic Process
CPX-8502,GO:0008202,Steroid Metabolic Process
CPX-8541,GO:0008202,Steroid Metabolic Process
CPX-8552,GO:0008202,Steroid Metabolic Process
CPX-8557,GO:0008202,Steroid Metabolic Process
CPX-8560,GO:0008202,Steroid Metabolic Process
CPX-8563,GO:0008202,Steroid Metabolic Process
TALDO1,GO:0008202,Steroid Metabolic Process
UGT1A10,GO:0008202,Steroid Metabolic Process
NR1I3,GO:0008202,Steroid Metabolic Process
CTH,GO:0008202,Steroid Metabolic Process
UGT1A7,GO:0008202,Steroid Metabolic Process
UGT1A8,GO:0008202,Steroid Metabolic Process
SAT1,GO:0008202,Steroid Metabolic Process
AKR1C1,GO:0008202,Steroid Metabolic Process
G6PD,GO:0008202,Steroid Metabolic Process
CYP1A1,GO:0008202,Steroid Metabolic Process
BLVRA,GO:0008202,Steroid Metabolic Process
TKT,GO:0008202,Steroid Metabolic Process
CYP2E1,GO:0008202,Steroid Metabolic Process
H6PD,GO:0008202,Steroid Metabolic Process
CYP1B1,GO:0008202,Steroid Metabolic Process
ATP12A,GO:0008202,Steroid Metabolic Process
SULT2A1,GO:0008202,Steroid Metabolic Process
PON1,GO:0008202,Steroid Metabolic Process
CYP26A1,GO:0008202,Steroid Metabolic Process
SLC10A2,GO:0008202,Steroid Metabolic Process
SLCO1B3,GO:0008202,Steroid Metabolic Process
CYP46A1,GO:0008202,Steroid Metabolic Process
CPX-2160,GO:0008202,Steroid Metabolic Process
UGT2B10,GO:0008202,Steroid Metabolic Process
CBR1,GO:0008202,Steroid Metabolic Process
CYP11B1,GO:0008202,Steroid Metabolic Process
CPX-8562,GO:0008202,Steroid Metabolic Process
CYP7B1,GO:0008202,Steroid Metabolic Process
UGT2B17,GO:0008202,Steroid Metabolic Process
SLC47A2,GO:0008202,Steroid Metabolic Process
UGT2B28,GO:0008202,Steroid Metabolic Process
UGT2B15,GO:0008202,Steroid Metabolic Process
CYB5A,GO:0008202,Steroid Metabolic Process
CPX-8543,GO:0008202,Steroid Metabolic Process
CES1,GO:0008202,Steroid Metabolic Process
HSD11B1,GO:0008202,Steroid Metabolic Process
DPYD,GO:0008202,Steroid Metabolic Process
CYP19A1,GO:0008202,Steroid Metabolic Process
ABCC1,GO:0008202,Steroid Metabolic Process
UGT1A3,GO:0008202,Steroid Metabolic Process
POR,GO:0008202,Steroid Metabolic Process
DNAL1,GO:0008202,Steroid Metabolic Process
SRD5A2,GO:0008202,Steroid Metabolic Process
EPHX1,GO:0008202,Steroid Metabolic Process
ABCC2,GO:0008202,Steroid Metabolic Process
ABCG2,GO:0008202,Steroid Metabolic Process
ABCB4,GO:0008202,Steroid Metabolic Process
ALDH1A1,GO:0008202,Steroid Metabolic Process
SLC19A1,GO:0008202,Steroid Metabolic Process
CYP2B6,GO:0008202,Steroid Metabolic Process
ABCC10,GO:0008202,Steroid Metabolic Process
ABCC11,GO:0008202,Steroid Metabolic Process
GRK4,GO:0008202,Steroid Metabolic Process
DHFR,GO:0008202,Steroid Metabolic Process
ACACA,GO:0008202,Steroid Metabolic Process
GMPPB,GO:0008202,Steroid Metabolic Process
GLS,GO:0008202,Steroid Metabolic Process
DNAJC5,GO:0008202,Steroid Metabolic Process
CRYAB,GO:0008202,Steroid Metabolic Process
KNG1,GO:0008202,Steroid Metabolic Process
CPX-2216,GO:0008202,Steroid Metabolic Process
CPX-6233,GO:0008202,Steroid Metabolic Process
CPX-6242,GO:0008202,Steroid Metabolic Process
CPX-6159,GO:0008202,Steroid Metabolic Process
SSTR4,GO:0008202,Steroid Metabolic Process
SSTR1,GO:0008202,Steroid Metabolic Process
SPINT2,GO:0008202,Steroid Metabolic Process
TACR1,GO:0008202,Steroid Metabolic Process
GRK3,GO:0008202,Steroid Metabolic Process
ARHGEF1,GO:0008202,Steroid Metabolic Process
WLS,GO:0008202,Steroid Metabolic Process
GRK6,GO:0008202,Steroid Metabolic Process
GPER1,GO:0008202,Steroid Metabolic Process
CLCNKA,GO:0008202,Steroid Metabolic Process
CPX-5774,GO:0008202,Steroid Metabolic Process
UMOD,GO:0008202,Steroid Metabolic Process
VIPR1,GO:0008202,Steroid Metabolic Process
ALDH18A1,GO:0008202,Steroid Metabolic Process
SRGAP3,GO:0008202,Steroid Metabolic Process
HYDIN,GO:0008202,Steroid Metabolic Process
CPX-6175,GO:0008202,Steroid Metabolic Process
CPX-6176,GO:0008202,Steroid Metabolic Process
TBXA2R,GO:0008202,Steroid Metabolic Process
C1QBP,GO:0008202,Steroid Metabolic Process
CPX-6245,GO:0008202,Steroid Metabolic Process
TSHR,GO:0008202,Steroid Metabolic Process
ADCY6,GO:0008202,Steroid Metabolic Process
PRKCH,GO:0008202,Steroid Metabolic Process
GLIS3,GO:0008202,Steroid Metabolic Process
P2RX1,GO:0008202,Steroid Metabolic Process
ADH5,GO:0008202,Steroid Metabolic Process
AAK1,GO:0008202,Steroid Metabolic Process
REPS1,GO:0008202,Steroid Metabolic Process
AVPR2,GO:0008202,Steroid Metabolic Process
ATP7B,GO:0008202,Steroid Metabolic Process
GGT1,GO:0008202,Steroid Metabolic Process
CYP27A1,GO:0008202,Steroid Metabolic Process
NPC1,GO:0008202,Steroid Metabolic Process
ABCG8,GO:0008202,Steroid Metabolic Process
ACOX1,GO:0008202,Steroid Metabolic Process
SLC51A,GO:0008202,Steroid Metabolic Process
CYP8B1,GO:0008202,Steroid Metabolic Process
SLC51B,GO:0008202,Steroid Metabolic Process
ABCG5,GO:0008202,Steroid Metabolic Process
CPX-6282,GO:0008202,Steroid Metabolic Process
CPX-6283,GO:0008202,Steroid Metabolic Process
SLC9A3R1,GO:0008202,Steroid Metabolic Process
SLC9A3,GO:0008202,Steroid Metabolic Process
SLC26A3,GO:0008202,Steroid Metabolic Process
CPX-6211,GO:0008202,Steroid Metabolic Process
CYP3A4,GO:0008202,Steroid Metabolic Process
ALOX15,GO:0008202,Steroid Metabolic Process
HPGD,GO:0008202,Steroid Metabolic Process
SLC16A1,GO:0008202,Steroid Metabolic Process
CPX-1772,GO:0008202,Steroid Metabolic Process
CPX-1776,GO:0008202,Steroid Metabolic Process
CPX-1778,GO:0008202,Steroid Metabolic Process
CPX-1780,GO:0008202,Steroid Metabolic Process
CPX-1782,GO:0008202,Steroid Metabolic Process
CPX-1783,GO:0008202,Steroid Metabolic Process
CPX-1784,GO:0008202,Steroid Metabolic Process
CPX-1773,GO:0008202,Steroid Metabolic Process
CD55,GO:0008202,Steroid Metabolic Process
HSPG2,GO:0008202,Steroid Metabolic Process
AGRN,GO:0008202,Steroid Metabolic Process
NLGN4X,GO:0008202,Steroid Metabolic Process
HRG,GO:0008202,Steroid Metabolic Process
GPT2,GO:0008202,Steroid Metabolic Process
CPX-6215,GO:0008202,Steroid Metabolic Process
CST3,GO:0008202,Steroid Metabolic Process
ANTXR2,GO:0008202,Steroid Metabolic Process
KL,GO:0008202,Steroid Metabolic Process
PTH1R,GO:0008202,Steroid Metabolic Process
CASR,GO:0008202,Steroid Metabolic Process
CPX-6155,GO:0008202,Steroid Metabolic Process
CPX-6161,GO:0008202,Steroid Metabolic Process
CETP,GO:0008202,Steroid Metabolic Process
CPX-5151,GO:0008202,Steroid Metabolic Process
APOC3,GO:0008202,Steroid Metabolic Process
SERPINF1,GO:0008202,Steroid Metabolic Process
APCS,GO:0008202,Steroid Metabolic Process
LCAT,GO:0008202,Steroid Metabolic Process
PIKFYVE,GO:0008202,Steroid Metabolic Process
PLA2G7,GO:0008202,Steroid Metabolic Process
EPHA1,GO:0008202,Steroid Metabolic Process
LIPC,GO:0008202,Steroid Metabolic Process
CPX-1922,GO:0008202,Steroid Metabolic Process
CPX-6225,GO:0008202,Steroid Metabolic Process
SERPINF2,GO:0008202,Steroid Metabolic Process
FAM20C,GO:0008202,Steroid Metabolic Process
BGN,GO:0008202,Steroid Metabolic Process
TRPC6,GO:0008202,Steroid Metabolic Process
PEX3,GO:0008202,Steroid Metabolic Process
XPNPEP2,GO:0008202,Steroid Metabolic Process
DHCR24,GO:0008202,Steroid Metabolic Process
ECE1,GO:0008202,Steroid Metabolic Process
CNTN4,GO:0008202,Steroid Metabolic Process
CPX-1766,GO:0008202,Steroid Metabolic Process
CPX-390,GO:0008202,Steroid Metabolic Process
CPX-391,GO:0008202,Steroid Metabolic Process
EPHB2,GO:0008202,Steroid Metabolic Process
CPX-6205,GO:0008202,Steroid Metabolic Process
CPX-5675,GO:0008202,Steroid Metabolic Process
C4B,GO:0008202,Steroid Metabolic Process
APOA5,GO:0008202,Steroid Metabolic Process
APOC2,GO:0008202,Steroid Metabolic Process
FPR2,GO:0008202,Steroid Metabolic Process
LSR,GO:0008202,Steroid Metabolic Process
LRP2,GO:0008202,Steroid Metabolic Process
PDXK,GO:0008202,Steroid Metabolic Process
GYS1,GO:0008202,Steroid Metabolic Process
SPAST,GO:0008202,Steroid Metabolic Process
TBR1,GO:0008202,Steroid Metabolic Process
PRKAR1A,GO:0008202,Steroid Metabolic Process
MYO9A,GO:0008202,Steroid Metabolic Process
GFPT1,GO:0008202,Steroid Metabolic Process
CAPN3,GO:0008202,Steroid Metabolic Process
DPAGT1,GO:0008202,Steroid Metabolic Process
CAST,GO:0008202,Steroid Metabolic Process
CYP51A1,GO:0008202,Steroid Metabolic Process
STS,GO:0008202,Steroid Metabolic Process
GCK,GO:0008202,Steroid Metabolic Process
HSD17B1,GO:0008202,Steroid Metabolic Process
TPI1,GO:0008202,Steroid Metabolic Process
PTGIS,GO:0008202,Steroid Metabolic Process
GOT2,GO:0008202,Steroid Metabolic Process
HSD17B7,GO:0008202,Steroid Metabolic Process
MGLL,GO:0008202,Steroid Metabolic Process
PIK3C2A,GO:0008202,Steroid Metabolic Process
CYP11A1,GO:0008202,Steroid Metabolic Process
G6PC3,GO:0008202,Steroid Metabolic Process
FABP2,GO:0008202,Steroid Metabolic Process
MVD,GO:0008202,Steroid Metabolic Process
DHCR7,GO:0008202,Steroid Metabolic Process
FDPS,GO:0008202,Steroid Metabolic Process
SOAT1,GO:0008202,Steroid Metabolic Process
CYP17A1,GO:0008202,Steroid Metabolic Process
ANGPTL3,GO:0008202,Steroid Metabolic Process
CPT2,GO:0008202,Steroid Metabolic Process
DGAT1,GO:0008202,Steroid Metabolic Process
OTC,GO:0008202,Steroid Metabolic Process
SULT2B1,GO:0008202,Steroid Metabolic Process
SULT1E1,GO:0008202,Steroid Metabolic Process
AADAC,GO:0008202,Steroid Metabolic Process
ALDH1A2,GO:0008202,Steroid Metabolic Process
TTPA,GO:0008202,Steroid Metabolic Process
ALDH1A3,GO:0008202,Steroid Metabolic Process
PDE5A,GO:0008202,Steroid Metabolic Process
TAT,GO:0008202,Steroid Metabolic Process
HSD17B3,GO:0008202,Steroid Metabolic Process
CYP4V2,GO:0008202,Steroid Metabolic Process
SHBG,GO:0008202,Steroid Metabolic Process
AKR1C3,GO:0008202,Steroid Metabolic Process
HSD3B2,GO:0008202,Steroid Metabolic Process
PLA2G4C,GO:0008202,Steroid Metabolic Process
CYP21A2,GO:0008202,Steroid Metabolic Process
ALDOB,GO:0008202,Steroid Metabolic Process
PHOX2B,GO:0008202,Steroid Metabolic Process
GPR17,GO:0008202,Steroid Metabolic Process
SLC2A10,GO:0008202,Steroid Metabolic Process
ADORA3,GO:0008202,Steroid Metabolic Process
P2RY2,GO:0008202,Steroid Metabolic Process
ENTPD1,GO:0008202,Steroid Metabolic Process
PANX1,GO:0008202,Steroid Metabolic Process
P2RX4,GO:0008202,Steroid Metabolic Process
CPX-890,GO:0008202,Steroid Metabolic Process
CNR2,GO:0008202,Steroid Metabolic Process
P2RY4,GO:0008202,Steroid Metabolic Process
CPX-6185,GO:0008202,Steroid Metabolic Process
CPX-6190,GO:0008202,Steroid Metabolic Process
CDKAL1,GO:0008202,Steroid Metabolic Process
LHCGR,GO:0008202,Steroid Metabolic Process
MAGI2,GO:0008202,Steroid Metabolic Process
PDE4A,GO:0008202,Steroid Metabolic Process
RAPGEF4,GO:0008202,Steroid Metabolic Process
RAPGEF3,GO:0008202,Steroid Metabolic Process
CPX-2188,GO:0008202,Steroid Metabolic Process
ALDH7A1,GO:0008202,Steroid Metabolic Process
GIPR,GO:0008202,Steroid Metabolic Process
SLC5A5,GO:0008202,Steroid Metabolic Process
CYP11B2,GO:0008202,Steroid Metabolic Process
CCR4,GO:0008202,Steroid Metabolic Process
TAS2R46,GO:0008202,Steroid Metabolic Process
S1PR2,GO:0008202,Steroid Metabolic Process
CPX-6234,GO:0008202,Steroid Metabolic Process
KLK4,GO:0008202,Steroid Metabolic Process
CA2,GO:0008202,Steroid Metabolic Process
DAGLA,GO:0008202,Steroid Metabolic Process
ABHD12,GO:0008202,Steroid Metabolic Process
SLC4A1,GO:0008202,Steroid Metabolic Process
SLC9A1,GO:0008202,Steroid Metabolic Process
CA3,GO:0008202,Steroid Metabolic Process
MERTK,GO:0008202,Steroid Metabolic Process
CPX-1919,GO:0008202,Steroid Metabolic Process
MIPEP,GO:0008202,Steroid Metabolic Process
VIL1,GO:0008202,Steroid Metabolic Process
LTA4H,GO:0008202,Steroid Metabolic Process
ALOX12,GO:0008202,Steroid Metabolic Process
PTGIR,GO:0008202,Steroid Metabolic Process
LTC4S,GO:0008202,Steroid Metabolic Process
GP6,GO:0008202,Steroid Metabolic Process
ALOX15B,GO:0008202,Steroid Metabolic Process
ALOX5AP,GO:0008202,Steroid Metabolic Process
CPX-6223,GO:0008202,Steroid Metabolic Process
AIP,GO:0008202,Steroid Metabolic Process
MPI,GO:0008202,Steroid Metabolic Process
ATAD1,GO:0008202,Steroid Metabolic Process
ALDH3A1,GO:0008202,Steroid Metabolic Process
TDO2,GO:0008202,Steroid Metabolic Process
PEPD,GO:0008202,Steroid Metabolic Process
GPI,GO:0008202,Steroid Metabolic Process
PROS1,GO:0008202,Steroid Metabolic Process
ALDH1B1,GO:0008202,Steroid Metabolic Process
PAH,GO:0008202,Steroid Metabolic Process
GNRHR,GO:0008202,Steroid Metabolic Process
GUSB,GO:0008202,Steroid Metabolic Process
POU4F1,GO:0008202,Steroid Metabolic Process
GRIP1,GO:0008202,Steroid Metabolic Process
MC2R,GO:0008202,Steroid Metabolic Process
FFAR1,GO:0008202,Steroid Metabolic Process
TACR2,GO:0008202,Steroid Metabolic Process
HCRTR2,GO:0008202,Steroid Metabolic Process
MRAP,GO:0008202,Steroid Metabolic Process
CPX-5602,GO:0008202,Steroid Metabolic Process
CPX-5605,GO:0008202,Steroid Metabolic Process
GLUD1,GO:0008202,Steroid Metabolic Process
GRHPR,GO:0008202,Steroid Metabolic Process
ALDH5A1,GO:0008202,Steroid Metabolic Process
AKR1A1,GO:0008202,Steroid Metabolic Process
GLO1,GO:0008202,Steroid Metabolic Process
NPR3,GO:0008202,Steroid Metabolic Process
PDE11A,GO:0008202,Steroid Metabolic Process
PRKG1,GO:0008202,Steroid Metabolic Process
CD46,GO:0008202,Steroid Metabolic Process
PI4KB,GO:0008202,Steroid Metabolic Process
SERPIND1,GO:0008202,Steroid Metabolic Process
LYZ,GO:0008202,Steroid Metabolic Process
SERPINC1,GO:0008202,Steroid Metabolic Process
CPX-1777,GO:0008202,Steroid Metabolic Process
CPX-1774,GO:0008202,Steroid Metabolic Process
CPX-3165,GO:0008202,Steroid Metabolic Process
CPX-1775,GO:0008202,Steroid Metabolic Process
CPX-3166,GO:0008202,Steroid Metabolic Process
CPX-1770,GO:0008202,Steroid Metabolic Process
KRT12,GO:0008202,Steroid Metabolic Process
CPX-1736,GO:0008202,Steroid Metabolic Process
CPX-1723,GO:0008202,Steroid Metabolic Process
VSX2,GO:0008202,Steroid Metabolic Process
PLD1,GO:0008202,Steroid Metabolic Process
PLCB4,GO:0008202,Steroid Metabolic Process
PRKCB,GO:0008202,Steroid Metabolic Process
MYLK3,GO:0008202,Steroid Metabolic Process
LITAF,GO:0008202,Steroid Metabolic Process
EPHA4,GO:0008202,Steroid Metabolic Process
CPX-376,GO:0008202,Steroid Metabolic Process
MCTP2,GO:0008202,Steroid Metabolic Process
CAMK1D,GO:0008202,Steroid Metabolic Process
SLC5A1,GO:0008202,Steroid Metabolic Process
FOLR1,GO:0008202,Steroid Metabolic Process
EPS8,GO:0008202,Steroid Metabolic Process
DPYSL5,GO:0008202,Steroid Metabolic Process
RASGRP1,GO:0008202,Steroid Metabolic Process
UNC119,GO:0008202,Steroid Metabolic Process
KIRREL1,GO:0008202,Steroid Metabolic Process
PTPRF,GO:0008202,Steroid Metabolic Process
FOLR2,GO:0008202,Steroid Metabolic Process
MTR,GO:0008202,Steroid Metabolic Process
ATOH7,GO:0008202,Steroid Metabolic Process
PTF1A,GO:0008202,Steroid Metabolic Process
PURA,GO:0008202,Steroid Metabolic Process
SLC25A1,GO:0008202,Steroid Metabolic Process
ACO2,GO:0008202,Steroid Metabolic Process
EHHADH,GO:0008202,Steroid Metabolic Process
IREB2,GO:0008202,Steroid Metabolic Process
NNT,GO:0008202,Steroid Metabolic Process
L2HGDH,GO:0008202,Steroid Metabolic Process
SORD,GO:0008202,Steroid Metabolic Process
RPIA,GO:0008202,Steroid Metabolic Process
PGAM2,GO:0008202,Steroid Metabolic Process
BCAT2,GO:0008202,Steroid Metabolic Process
MDH2,GO:0008202,Steroid Metabolic Process
FH,GO:0008202,Steroid Metabolic Process
OAT,GO:0008202,Steroid Metabolic Process
ACADM,GO:0008202,Steroid Metabolic Process
PGM1,GO:0008202,Steroid Metabolic Process
ASS1,GO:0008202,Steroid Metabolic Process
OGDHL,GO:0008202,Steroid Metabolic Process
FBP2,GO:0008202,Steroid Metabolic Process
PFKP,GO:0008202,Steroid Metabolic Process
GLDC,GO:0008202,Steroid Metabolic Process
BPGM,GO:0008202,Steroid Metabolic Process
CPX-6261,GO:0008202,Steroid Metabolic Process
FBP1,GO:0008202,Steroid Metabolic Process
HADH,GO:0008202,Steroid Metabolic Process
PFKM,GO:0008202,Steroid Metabolic Process
STRA6,GO:0008202,Steroid Metabolic Process
CRABP2,GO:0008202,Steroid Metabolic Process
CAPN10,GO:0008202,Steroid Metabolic Process
CPT1C,GO:0008202,Steroid Metabolic Process
CRYM,GO:0008202,Steroid Metabolic Process
RDH11,GO:0008202,Steroid Metabolic Process
DHRS9,GO:0008202,Steroid Metabolic Process
HBA2,GO:0008202,Steroid Metabolic Process
FAH,GO:0008202,Steroid Metabolic Process
TF,GO:0008202,Steroid Metabolic Process
CPX-5601,GO:0008202,Steroid Metabolic Process
SPR,GO:0008202,Steroid Metabolic Process
SRD5A1,GO:0008202,Steroid Metabolic Process
RABGAP1L,GO:0008202,Steroid Metabolic Process
GPD1,GO:0008202,Steroid Metabolic Process
PPT1,GO:0008202,Steroid Metabolic Process
AGK,GO:0008202,Steroid Metabolic Process
GDAP1,GO:0008202,Steroid Metabolic Process
MYOT,GO:0008202,Steroid Metabolic Process
CPX-1771,GO:0008202,Steroid Metabolic Process
CPX-1781,GO:0008202,Steroid Metabolic Process
SLC26A2,GO:0008202,Steroid Metabolic Process
ATXN10,GO:0008202,Steroid Metabolic Process
CELF2,GO:0008202,Steroid Metabolic Process
SHPK,GO:0008202,Steroid Metabolic Process
CPX-4001,GO:0008202,Steroid Metabolic Process
ASPA,GO:0008202,Steroid Metabolic Process
MCOLN1,GO:0008202,Steroid Metabolic Process
TRPM7,GO:0008202,Steroid Metabolic Process
TCN2,GO:0008202,Steroid Metabolic Process
GCSH,GO:0008202,Steroid Metabolic Process
IMPDH2,GO:0008202,Steroid Metabolic Process
CPX-3168,GO:0008202,Steroid Metabolic Process
CPX-3169,GO:0008202,Steroid Metabolic Process
TYMP,GO:0008202,Steroid Metabolic Process
ALDH4A1,GO:0008202,Steroid Metabolic Process
GATM,GO:0008202,Steroid Metabolic Process
CPX-4742,GO:0008202,Steroid Metabolic Process
LDHD,GO:0008202,Steroid Metabolic Process
GYS2,GO:0008202,Steroid Metabolic Process
CPX-6224,GO:0008202,Steroid Metabolic Process
CPX-6235,GO:0008202,Steroid Metabolic Process
CPX-929,GO:0008202,Steroid Metabolic Process
PPM1F,GO:0008202,Steroid Metabolic Process
MYH8,GO:0008202,Steroid Metabolic Process
FOXE1,GO:0008202,Steroid Metabolic Process
NMNAT1,GO:0008202,Steroid Metabolic Process
CPX-6502,GO:0008202,Steroid Metabolic Process
FGGY,GO:0008202,Steroid Metabolic Process
TPO,GO:0008202,Steroid Metabolic Process
PMP22,GO:0008202,Steroid Metabolic Process
CAD,GO:0008202,Steroid Metabolic Process
PDE3B,GO:0008202,Steroid Metabolic Process
MOCS1,GO:0008202,Steroid Metabolic Process
NKX6-2,GO:0008202,Steroid Metabolic Process
MPLKIP,GO:0008202,Steroid Metabolic Process
PAPSS2,GO:0008202,Steroid Metabolic Process
TNNI2,GO:0008202,Steroid Metabolic Process
MRGPRX4,GO:0008202,Steroid Metabolic Process
GJB1,GO:0008202,Steroid Metabolic Process
GDA,GO:0008202,Steroid Metabolic Process
PRKAR2A,GO:0008202,Steroid Metabolic Process
PRKAR1B,GO:0008202,Steroid Metabolic Process
LRPAP1,GO:0008202,Steroid Metabolic Process
SLC6A8,GO:0008202,Steroid Metabolic Process
ZP3,GO:0008202,Steroid Metabolic Process
CPE,GO:0008202,Steroid Metabolic Process
CPX-1748,GO:0008202,Steroid Metabolic Process
FAM20A,GO:0008202,Steroid Metabolic Process
ALAS2,GO:0008202,Steroid Metabolic Process
CPX-2189,GO:0008202,Steroid Metabolic Process
CPX-2191,GO:0008202,Steroid Metabolic Process
CPX-3148,GO:0008202,Steroid Metabolic Process
DECR1,GO:0008202,Steroid Metabolic Process
KHK,GO:0008202,Steroid Metabolic Process
ACSF3,GO:0008202,Steroid Metabolic Process
MGP,GO:0008202,Steroid Metabolic Process
HBA1,GO:0008202,Steroid Metabolic Process
GDI1,GO:0008202,Steroid Metabolic Process
GLYCTK,GO:0008202,Steroid Metabolic Process
TTBK2,GO:0008202,Steroid Metabolic Process
SRR,GO:0008202,Steroid Metabolic Process
CDC42BPB,GO:0008202,Steroid Metabolic Process
ROBO2,GO:0008202,Steroid Metabolic Process
SYT2,GO:0008202,Steroid Metabolic Process
AASS,GO:0008202,Steroid Metabolic Process
OPLAH,GO:0008202,Steroid Metabolic Process
GALK1,GO:0008202,Steroid Metabolic Process
PRSS12,GO:0008202,Steroid Metabolic Process
CAMK1G,GO:0008202,Steroid Metabolic Process
CAMKK1,GO:0008202,Steroid Metabolic Process
PHKG2,GO:0008202,Steroid Metabolic Process
ATP13A3,GO:0008202,Steroid Metabolic Process
CPX-1779,GO:0008202,Steroid Metabolic Process
ST14,GO:0008202,Steroid Metabolic Process
PTCHD1,GO:0008202,Steroid Metabolic Process
PHKB,GO:0008202,Steroid Metabolic Process
PHKA1,GO:0008202,Steroid Metabolic Process
PHKA2,GO:0008202,Steroid Metabolic Process
PHKG1,GO:0008202,Steroid Metabolic Process
GALT,GO:0008202,Steroid Metabolic Process
MYLK4,GO:0008202,Steroid Metabolic Process
NBEA,GO:0008202,Steroid Metabolic Process
MYO18B,GO:0008202,Steroid Metabolic Process
INVS,GO:0008202,Steroid Metabolic Process
PI4KA,GO:0008202,Steroid Metabolic Process
CPX-5047,GO:0008202,Steroid Metabolic Process
CPX-5050,GO:0008202,Steroid Metabolic Process
HMCN1,GO:0008202,Steroid Metabolic Process
UGP2,GO:0008202,Steroid Metabolic Process
SIAE,GO:0008202,Steroid Metabolic Process
DST,GO:0008202,Steroid Metabolic Process
OPHN1,GO:0008202,Steroid Metabolic Process
PDE4DIP,GO:0008202,Steroid Metabolic Process
PRKX,GO:0008202,Steroid Metabolic Process
PKD1L1,GO:0008202,Steroid Metabolic Process
SERPINB8,GO:0008202,Steroid Metabolic Process
NTNG2,GO:0008202,Steroid Metabolic Process
MINPP1,GO:0008202,Steroid Metabolic Process
PLD3,GO:0008202,Steroid Metabolic Process
CPX-5048,GO:0008202,Steroid Metabolic Process
CPX-5049,GO:0008202,Steroid Metabolic Process
LYST,GO:0008202,Steroid Metabolic Process
SNX3,GO:0008202,Steroid Metabolic Process
JAM3,GO:0008202,Steroid Metabolic Process
EYA4,GO:0008202,Steroid Metabolic Process
ALPK3,GO:0008202,Steroid Metabolic Process
TRPV6,GO:0008202,Steroid Metabolic Process
LMOD1,GO:0008202,Steroid Metabolic Process
GOSR2,GO:0008202,Steroid Metabolic Process
SLC5A11,GO:0008202,Steroid Metabolic Process
GARS1,GO:0008202,Steroid Metabolic Process
MPST,GO:0008202,Steroid Metabolic Process
MEX3C,GO:0008202,Steroid Metabolic Process
RHD,GO:0008202,Steroid Metabolic Process
USP45,GO:0008202,Steroid Metabolic Process
NQO2,GO:0008202,Steroid Metabolic Process
MIEF2,GO:0008202,Steroid Metabolic Process
VAMP1,GO:0008202,Steroid Metabolic Process
EXPH5,GO:0008202,Steroid Metabolic Process
STX3,GO:0008202,Steroid Metabolic Process
CPX-7142,GO:0008202,Steroid Metabolic Process
CYB5R3,GO:0008202,Steroid Metabolic Process
CPX-6152,GO:0008202,Steroid Metabolic Process
GPR161,GO:0008202,Steroid Metabolic Process
ETHE1,GO:0008202,Steroid Metabolic Process
PITRM1,GO:0008202,Steroid Metabolic Process
ADGRG6,GO:0008202,Steroid Metabolic Process
RCBTB1,GO:0008202,Steroid Metabolic Process
ADGRG2,GO:0008202,Steroid Metabolic Process
ECEL1,GO:0008202,Steroid Metabolic Process
PRSS56,GO:0008202,Steroid Metabolic Process
TSPAN7,GO:0008202,Steroid Metabolic Process
FRRS1L,GO:0008202,Steroid Metabolic Process
TMEM240,GO:0008202,Steroid Metabolic Process
STK19,GO:0008202,Steroid Metabolic Process
CGNL1,GO:0008202,Steroid Metabolic Process
DCXR,GO:0008202,Steroid Metabolic Process
PNKD,GO:0008202,Steroid Metabolic Process
CFHR3,GO:0008202,Steroid Metabolic Process
SLC30A9,GO:0008202,Steroid Metabolic Process
CPX-6154,GO:0008202,Steroid Metabolic Process
CPX-8062,GO:0008202,Steroid Metabolic Process
CPX-5961,GO:0008202,Steroid Metabolic Process
CPX-5963,GO:0008202,Steroid Metabolic Process
CPX-5965,GO:0008202,Steroid Metabolic Process
CPX-5966,GO:0008202,Steroid Metabolic Process
CPX-2931,GO:0008202,Steroid Metabolic Process
CPX-2933,GO:0008202,Steroid Metabolic Process
CPX-8462,GO:0008202,Steroid Metabolic Process
CPX-8464,GO:0008202,Steroid Metabolic Process
CPX-8465,GO:0008202,Steroid Metabolic Process
CORIN,GO:0008202,Steroid Metabolic Process
FRMPD4,GO:0008202,Steroid Metabolic Process
SERPINB7,GO:0008202,Steroid Metabolic Process
KIAA0753,GO:0008202,Steroid Metabolic Process
BBS10,GO:0008202,Steroid Metabolic Process
SOHLH1,GO:0008202,Steroid Metabolic Process
CD59,GO:0008202,Steroid Metabolic Process
CEL,GO:0008202,Steroid Metabolic Process
GSTZ1,GO:0008202,Steroid Metabolic Process
GPR68,GO:0008202,Steroid Metabolic Process
PDK3,GO:0008202,Steroid Metabolic Process
NDP,GO:0008202,Steroid Metabolic Process
SQOR,GO:0008202,Steroid Metabolic Process
RPGR,GO:0008202,Steroid Metabolic Process
MLIP,GO:0008202,Steroid Metabolic Process
PDE4C,GO:0008202,Steroid Metabolic Process
CPX-5053,GO:0008202,Steroid Metabolic Process
CPX-5055,GO:0008202,Steroid Metabolic Process
MYOF,GO:0008202,Steroid Metabolic Process
ZFHX4,GO:0008202,Steroid Metabolic Process
MIP,GO:0008202,Steroid Metabolic Process
NAT8L,GO:0008202,Steroid Metabolic Process
NKAIN2,GO:0008202,Steroid Metabolic Process
CPX-2469,GO:0035088,Establishment Or Maintenance Of Apical/Basal Cell Polarity
CC2D1A,GO:0035088,Establishment Or Maintenance Of Apical/Basal Cell Polarity
NHLH2,GO:0035088,Establishment Or Maintenance Of Apical/Basal Cell Polarity
TTBK1,GO:0035088,Establishment Or Maintenance Of Apical/Basal Cell Polarity
TRIM36,GO:0035088,Establishment Or Maintenance Of Apical/Basal Cell Polarity
CPX-7842,GO:0035088,Establishment Or Maintenance Of Apical/Basal Cell Polarity
CPX-7843,GO:0035088,Establishment Or Maintenance Of Apical/Basal Cell Polarity
BRSK1,GO:0035088,Establishment Or Maintenance Of Apical/Basal Cell Polarity
GAK,GO:0035088,Establishment Or Maintenance Of Apical/Basal Cell Polarity
IGLL1,GO:0035088,Establishment Or Maintenance Of Apical/Basal Cell Polarity
STRADA,GO:0035088,Establishment Or Maintenance Of Apical/Basal Cell Polarity
EPM2A,GO:0035088,Establishment Or Maintenance Of Apical/Basal Cell Polarity
DNAJC6,GO:0035088,Establishment Or Maintenance Of Apical/Basal Cell Polarity
LGMN,GO:0035088,Establishment Or Maintenance Of Apical/Basal Cell Polarity
SRPK2,GO:0035088,Establishment Or Maintenance Of Apical/Basal Cell Polarity
CSNK1D,GO:0035088,Establishment Or Maintenance Of Apical/Basal Cell Polarity
CPX-3961,GO:0035088,Establishment Or Maintenance Of Apical/Basal Cell Polarity
RBM28,GO:0035088,Establishment Or Maintenance Of Apical/Basal Cell Polarity
KISS1R,GO:0035088,Establishment Or Maintenance Of Apical/Basal Cell Polarity
GFM1,GO:0035088,Establishment Or Maintenance Of Apical/Basal Cell Polarity
CPX-466,GO:0035088,Establishment Or Maintenance Of Apical/Basal Cell Polarity
EFL1,GO:0035088,Establishment Or Maintenance Of Apical/Basal Cell Polarity
GUF1,GO:0035088,Establishment Or Maintenance Of Apical/Basal Cell Polarity
EIF5B,GO:0035088,Establishment Or Maintenance Of Apical/Basal Cell Polarity
CPX-5622,GO:0035088,Establishment Or Maintenance Of Apical/Basal Cell Polarity
RETREG1,GO:0035088,Establishment Or Maintenance Of Apical/Basal Cell Polarity
ARL6IP1,GO:0035088,Establishment Or Maintenance Of Apical/Basal Cell Polarity
TUFM,GO:0035088,Establishment Or Maintenance Of Apical/Basal Cell Polarity
FTSJ1,GO:0035088,Establishment Or Maintenance Of Apical/Basal Cell Polarity
CPX-630,GO:0035088,Establishment Or Maintenance Of Apical/Basal Cell Polarity
ADAM33,GO:0035088,Establishment Or Maintenance Of Apical/Basal Cell Polarity
CPX-2652,GO:0035088,Establishment Or Maintenance Of Apical/Basal Cell Polarity
RSRC1,GO:0035088,Establishment Or Maintenance Of Apical/Basal Cell Polarity
CPX-6822,GO:0035088,Establishment Or Maintenance Of Apical/Basal Cell Polarity
NCOA4,GO:0035088,Establishment Or Maintenance Of Apical/Basal Cell Polarity
CLPB,GO:0035088,Establishment Or Maintenance Of Apical/Basal Cell Polarity
HAX1,GO:0035088,Establishment Or Maintenance Of Apical/Basal Cell Polarity
SPG21,GO:0035088,Establishment Or Maintenance Of Apical/Basal Cell Polarity
STAMBP,GO:0035088,Establishment Or Maintenance Of Apical/Basal Cell Polarity
TG,GO:0035088,Establishment Or Maintenance Of Apical/Basal Cell Polarity
HSPE1,GO:0035088,Establishment Or Maintenance Of Apical/Basal Cell Polarity
MKKS,GO:0035088,Establishment Or Maintenance Of Apical/Basal Cell Polarity
TRAP1,GO:0035088,Establishment Or Maintenance Of Apical/Basal Cell Polarity
CPX-8001,GO:0035088,Establishment Or Maintenance Of Apical/Basal Cell Polarity
HIKESHI,GO:0035088,Establishment Or Maintenance Of Apical/Basal Cell Polarity
EDEM3,GO:0035088,Establishment Or Maintenance Of Apical/Basal Cell Polarity
DNAJB2,GO:0035088,Establishment Or Maintenance Of Apical/Basal Cell Polarity
SEC23B,GO:0035088,Establishment Or Maintenance Of Apical/Basal Cell Polarity
DMP1,GO:0035088,Establishment Or Maintenance Of Apical/Basal Cell Polarity
CPX-8163,GO:0035088,Establishment Or Maintenance Of Apical/Basal Cell Polarity
CPX-8164,GO:0035088,Establishment Or Maintenance Of Apical/Basal Cell Polarity
CPX-2360,GO:0035088,Establishment Or Maintenance Of Apical/Basal Cell Polarity
SERPINH1,GO:0035088,Establishment Or Maintenance Of Apical/Basal Cell Polarity
PRKCSH,GO:0035088,Establishment Or Maintenance Of Apical/Basal Cell Polarity
NDUFAF6,GO:0035088,Establishment Or Maintenance Of Apical/Basal Cell Polarity
BMP1,GO:0035088,Establishment Or Maintenance Of Apical/Basal Cell Polarity
TGM1,GO:0035088,Establishment Or Maintenance Of Apical/Basal Cell Polarity
CXCR1,GO:0035088,Establishment Or Maintenance Of Apical/Basal Cell Polarity
PTGS1,GO:0035088,Establishment Or Maintenance Of Apical/Basal Cell Polarity
HRH2,GO:0035088,Establishment Or Maintenance Of Apical/Basal Cell Polarity
PLEKHG2,GO:0035088,Establishment Or Maintenance Of Apical/Basal Cell Polarity
FCHO1,GO:0035088,Establishment Or Maintenance Of Apical/Basal Cell Polarity
NECAP1,GO:0035088,Establishment Or Maintenance Of Apical/Basal Cell Polarity
ABCA3,GO:0035088,Establishment Or Maintenance Of Apical/Basal Cell Polarity
GNRH1,GO:0035088,Establishment Or Maintenance Of Apical/Basal Cell Polarity
SFTPA2,GO:0035088,Establishment Or Maintenance Of Apical/Basal Cell Polarity
PREP,GO:0035088,Establishment Or Maintenance Of Apical/Basal Cell Polarity
FGF23,GO:0035088,Establishment Or Maintenance Of Apical/Basal Cell Polarity
SOST,GO:0035088,Establishment Or Maintenance Of Apical/Basal Cell Polarity
PHEX,GO:0035088,Establishment Or Maintenance Of Apical/Basal Cell Polarity
PTH,GO:0035088,Establishment Or Maintenance Of Apical/Basal Cell Polarity
HTRA2,GO:0035088,Establishment Or Maintenance Of Apical/Basal Cell Polarity
FBLN1,GO:0035088,Establishment Or Maintenance Of Apical/Basal Cell Polarity
CPX-1759,GO:0035088,Establishment Or Maintenance Of Apical/Basal Cell Polarity
LPIN2,GO:0035088,Establishment Or Maintenance Of Apical/Basal Cell Polarity
CAVIN1,GO:0035088,Establishment Or Maintenance Of Apical/Basal Cell Polarity
PKN2,GO:0035088,Establishment Or Maintenance Of Apical/Basal Cell Polarity
CPX-848,GO:0035088,Establishment Or Maintenance Of Apical/Basal Cell Polarity
PNLIP,GO:0035088,Establishment Or Maintenance Of Apical/Basal Cell Polarity
ZMPSTE24,GO:0035088,Establishment Or Maintenance Of Apical/Basal Cell Polarity
PEX5,GO:0035088,Establishment Or Maintenance Of Apical/Basal Cell Polarity
LPIN1,GO:0035088,Establishment Or Maintenance Of Apical/Basal Cell Polarity
MTTP,GO:0035088,Establishment Or Maintenance Of Apical/Basal Cell Polarity
MCF2,GO:0035088,Establishment Or Maintenance Of Apical/Basal Cell Polarity
BMP15,GO:0035088,Establishment Or Maintenance Of Apical/Basal Cell Polarity
CFC1,GO:0035088,Establishment Or Maintenance Of Apical/Basal Cell Polarity
PTPN23,GO:0035088,Establishment Or Maintenance Of Apical/Basal Cell Polarity
NODAL,GO:0035088,Establishment Or Maintenance Of Apical/Basal Cell Polarity
FBN1,GO:0035088,Establishment Or Maintenance Of Apical/Basal Cell Polarity
PTPN14,GO:0035088,Establishment Or Maintenance Of Apical/Basal Cell Polarity
GDF9,GO:0035088,Establishment Or Maintenance Of Apical/Basal Cell Polarity
SMAD9,GO:0035088,Establishment Or Maintenance Of Apical/Basal Cell Polarity
ACVRL1,GO:0035088,Establishment Or Maintenance Of Apical/Basal Cell Polarity
PTPRN2,GO:0035088,Establishment Or Maintenance Of Apical/Basal Cell Polarity
LOXL1,GO:0035088,Establishment Or Maintenance Of Apical/Basal Cell Polarity
LTBP2,GO:0035088,Establishment Or Maintenance Of Apical/Basal Cell Polarity
LTBP3,GO:0035088,Establishment Or Maintenance Of Apical/Basal Cell Polarity
IFITM5,GO:0035088,Establishment Or Maintenance Of Apical/Basal Cell Polarity
CPX-6168,GO:0035088,Establishment Or Maintenance Of Apical/Basal Cell Polarity
CPX-6184,GO:0035088,Establishment Or Maintenance Of Apical/Basal Cell Polarity
CPX-6187,GO:0035088,Establishment Or Maintenance Of Apical/Basal Cell Polarity
CPX-6188,GO:0035088,Establishment Or Maintenance Of Apical/Basal Cell Polarity
CPX-6191,GO:0035088,Establishment Or Maintenance Of Apical/Basal Cell Polarity
CPX-6192,GO:0035088,Establishment Or Maintenance Of Apical/Basal Cell Polarity
CPX-8343,GO:0035088,Establishment Or Maintenance Of Apical/Basal Cell Polarity
TBX1,GO:0035088,Establishment Or Maintenance Of Apical/Basal Cell Polarity
CPT1B,GO:0035088,Establishment Or Maintenance Of Apical/Basal Cell Polarity
CTSG,GO:0035088,Establishment Or Maintenance Of Apical/Basal Cell Polarity
CPX-4663,GO:0035088,Establishment Or Maintenance Of Apical/Basal Cell Polarity
CPX-2252,GO:0035088,Establishment Or Maintenance Of Apical/Basal Cell Polarity
NEUROG3,GO:0035088,Establishment Or Maintenance Of Apical/Basal Cell Polarity
PLEKHM1,GO:0035088,Establishment Or Maintenance Of Apical/Basal Cell Polarity
HLA-DRB1,GO:0035088,Establishment Or Maintenance Of Apical/Basal Cell Polarity
CD207,GO:0035088,Establishment Or Maintenance Of Apical/Basal Cell Polarity
MMP12,GO:0035088,Establishment Or Maintenance Of Apical/Basal Cell Polarity
LCP2,GO:0035088,Establishment Or Maintenance Of Apical/Basal Cell Polarity
BLK,GO:0035088,Establishment Or Maintenance Of Apical/Basal Cell Polarity
TNPO3,GO:0035088,Establishment Or Maintenance Of Apical/Basal Cell Polarity
FGR,GO:0035088,Establishment Or Maintenance Of Apical/Basal Cell Polarity
MMP8,GO:0035088,Establishment Or Maintenance Of Apical/Basal Cell Polarity
ADAMTS3,GO:0035088,Establishment Or Maintenance Of Apical/Basal Cell Polarity
CPX-8424,GO:0035088,Establishment Or Maintenance Of Apical/Basal Cell Polarity
TIE1,GO:0035088,Establishment Or Maintenance Of Apical/Basal Cell Polarity
SERPINB2,GO:0035088,Establishment Or Maintenance Of Apical/Basal Cell Polarity
CPX-2210,GO:0035088,Establishment Or Maintenance Of Apical/Basal Cell Polarity
PNPLA3,GO:0035088,Establishment Or Maintenance Of Apical/Basal Cell Polarity
SLC9A9,GO:0035088,Establishment Or Maintenance Of Apical/Basal Cell Polarity
LMX1A,GO:0035088,Establishment Or Maintenance Of Apical/Basal Cell Polarity
AEBP1,GO:0035088,Establishment Or Maintenance Of Apical/Basal Cell Polarity
PIK3R2,GO:0035088,Establishment Or Maintenance Of Apical/Basal Cell Polarity
PAK1,GO:0035088,Establishment Or Maintenance Of Apical/Basal Cell Polarity
AMH,GO:0035088,Establishment Or Maintenance Of Apical/Basal Cell Polarity
PITX1,GO:0035088,Establishment Or Maintenance Of Apical/Basal Cell Polarity
ESRRG,GO:0035088,Establishment Or Maintenance Of Apical/Basal Cell Polarity
TRIP11,GO:0035088,Establishment Or Maintenance Of Apical/Basal Cell Polarity
CPX-2440,GO:0035088,Establishment Or Maintenance Of Apical/Basal Cell Polarity
POU1F1,GO:0035088,Establishment Or Maintenance Of Apical/Basal Cell Polarity
TRIM44,GO:0035088,Establishment Or Maintenance Of Apical/Basal Cell Polarity
TFAP2B,GO:0035088,Establishment Or Maintenance Of Apical/Basal Cell Polarity
CPX-6174,GO:0035088,Establishment Or Maintenance Of Apical/Basal Cell Polarity
PRTN3,GO:0035088,Establishment Or Maintenance Of Apical/Basal Cell Polarity
NEK7,GO:0035088,Establishment Or Maintenance Of Apical/Basal Cell Polarity
CTSC,GO:0035088,Establishment Or Maintenance Of Apical/Basal Cell Polarity
CPX-3785,GO:0035088,Establishment Or Maintenance Of Apical/Basal Cell Polarity
CTSE,GO:0035088,Establishment Or Maintenance Of Apical/Basal Cell Polarity
CPX-5051,GO:0035088,Establishment Or Maintenance Of Apical/Basal Cell Polarity
CPX-5052,GO:0035088,Establishment Or Maintenance Of Apical/Basal Cell Polarity
NOTCH2NLA,GO:0035088,Establishment Or Maintenance Of Apical/Basal Cell Polarity
MUC5B,GO:0035088,Establishment Or Maintenance Of Apical/Basal Cell Polarity
VCAN,GO:0035088,Establishment Or Maintenance Of Apical/Basal Cell Polarity
ADAM22,GO:0035088,Establishment Or Maintenance Of Apical/Basal Cell Polarity
CPX-1788,GO:0035088,Establishment Or Maintenance Of Apical/Basal Cell Polarity
ECM1,GO:0035088,Establishment Or Maintenance Of Apical/Basal Cell Polarity
CPX-1729,GO:0035088,Establishment Or Maintenance Of Apical/Basal Cell Polarity
CPX-1727,GO:0035088,Establishment Or Maintenance Of Apical/Basal Cell Polarity
CPX-1728,GO:0035088,Establishment Or Maintenance Of Apical/Basal Cell Polarity
EFNB1,GO:0035088,Establishment Or Maintenance Of Apical/Basal Cell Polarity
MMP20,GO:0035088,Establishment Or Maintenance Of Apical/Basal Cell Polarity
CILP,GO:0035088,Establishment Or Maintenance Of Apical/Basal Cell Polarity
SCUBE3,GO:0035088,Establishment Or Maintenance Of Apical/Basal Cell Polarity
CD151,GO:0035088,Establishment Or Maintenance Of Apical/Basal Cell Polarity
EPHB4,GO:0035088,Establishment Or Maintenance Of Apical/Basal Cell Polarity
CPX-1725,GO:0035088,Establishment Or Maintenance Of Apical/Basal Cell Polarity
EPHB1,GO:0035088,Establishment Or Maintenance Of Apical/Basal Cell Polarity
GRHL3,GO:0035088,Establishment Or Maintenance Of Apical/Basal Cell Polarity
CREB3L2,GO:0035088,Establishment Or Maintenance Of Apical/Basal Cell Polarity
PLCE1,GO:0035088,Establishment Or Maintenance Of Apical/Basal Cell Polarity
DLX3,GO:0035088,Establishment Or Maintenance Of Apical/Basal Cell Polarity
SPHK2,GO:0035088,Establishment Or Maintenance Of Apical/Basal Cell Polarity
DHPS,GO:0035088,Establishment Or Maintenance Of Apical/Basal Cell Polarity
PEBP1,GO:0035088,Establishment Or Maintenance Of Apical/Basal Cell Polarity
RPS6KA6,GO:0035088,Establishment Or Maintenance Of Apical/Basal Cell Polarity
PCYT1A,GO:0035088,Establishment Or Maintenance Of Apical/Basal Cell Polarity
IL17RD,GO:0035088,Establishment Or Maintenance Of Apical/Basal Cell Polarity
SPRY4,GO:0035088,Establishment Or Maintenance Of Apical/Basal Cell Polarity
CPX-7669,GO:0035088,Establishment Or Maintenance Of Apical/Basal Cell Polarity
CPX-7670,GO:0035088,Establishment Or Maintenance Of Apical/Basal Cell Polarity
CPX-4741,GO:0035088,Establishment Or Maintenance Of Apical/Basal Cell Polarity
DCC,GO:0035088,Establishment Or Maintenance Of Apical/Basal Cell Polarity
MARK3,GO:0035088,Establishment Or Maintenance Of Apical/Basal Cell Polarity
PTS,GO:0035088,Establishment Or Maintenance Of Apical/Basal Cell Polarity
PAK2,GO:0035088,Establishment Or Maintenance Of Apical/Basal Cell Polarity
RPS6KA4,GO:0035088,Establishment Or Maintenance Of Apical/Basal Cell Polarity
MAPKAPK5,GO:0035088,Establishment Or Maintenance Of Apical/Basal Cell Polarity
PKN1,GO:0035088,Establishment Or Maintenance Of Apical/Basal Cell Polarity
PAK3,GO:0035088,Establishment Or Maintenance Of Apical/Basal Cell Polarity
CPX-984,GO:0035088,Establishment Or Maintenance Of Apical/Basal Cell Polarity
KERA,GO:0035088,Establishment Or Maintenance Of Apical/Basal Cell Polarity
SIK3,GO:0035088,Establishment Or Maintenance Of Apical/Basal Cell Polarity
SH3GL1,GO:0035088,Establishment Or Maintenance Of Apical/Basal Cell Polarity
MST1R,GO:0035088,Establishment Or Maintenance Of Apical/Basal Cell Polarity
SPINK1,GO:0035088,Establishment Or Maintenance Of Apical/Basal Cell Polarity
INPPL1,GO:0035088,Establishment Or Maintenance Of Apical/Basal Cell Polarity
PTPN22,GO:0035088,Establishment Or Maintenance Of Apical/Basal Cell Polarity
PIK3C2B,GO:0035088,Establishment Or Maintenance Of Apical/Basal Cell Polarity
PIK3CD,GO:0035088,Establishment Or Maintenance Of Apical/Basal Cell Polarity
GPNMB,GO:0035088,Establishment Or Maintenance Of Apical/Basal Cell Polarity
MAP4K1,GO:0035088,Establishment Or Maintenance Of Apical/Basal Cell Polarity
NTF4,GO:0035088,Establishment Or Maintenance Of Apical/Basal Cell Polarity
FES,GO:0035088,Establishment Or Maintenance Of Apical/Basal Cell Polarity
EPHB3,GO:0035088,Establishment Or Maintenance Of Apical/Basal Cell Polarity
SH2D1A,GO:0035088,Establishment Or Maintenance Of Apical/Basal Cell Polarity
PLXNA1,GO:0035088,Establishment Or Maintenance Of Apical/Basal Cell Polarity
LAT,GO:0035088,Establishment Or Maintenance Of Apical/Basal Cell Polarity
FRK,GO:0035088,Establishment Or Maintenance Of Apical/Basal Cell Polarity
NECTIN1,GO:0035088,Establishment Or Maintenance Of Apical/Basal Cell Polarity
PGAP3,GO:0035088,Establishment Or Maintenance Of Apical/Basal Cell Polarity
BMX,GO:0035088,Establishment Or Maintenance Of Apical/Basal Cell Polarity
PAX2,GO:0035088,Establishment Or Maintenance Of Apical/Basal Cell Polarity
ROR2,GO:0035088,Establishment Or Maintenance Of Apical/Basal Cell Polarity
EPHA5,GO:0035088,Establishment Or Maintenance Of Apical/Basal Cell Polarity
CD96,GO:0035088,Establishment Or Maintenance Of Apical/Basal Cell Polarity
PACS1,GO:0035088,Establishment Or Maintenance Of Apical/Basal Cell Polarity
DEF6,GO:0035088,Establishment Or Maintenance Of Apical/Basal Cell Polarity
SASH3,GO:0035088,Establishment Or Maintenance Of Apical/Basal Cell Polarity
SLC1A5,GO:0035088,Establishment Or Maintenance Of Apical/Basal Cell Polarity
PCSK7,GO:0035088,Establishment Or Maintenance Of Apical/Basal Cell Polarity
DOCK8,GO:0035088,Establishment Or Maintenance Of Apical/Basal Cell Polarity
RABL3,GO:0035088,Establishment Or Maintenance Of Apical/Basal Cell Polarity
CPX-2679,GO:0035088,Establishment Or Maintenance Of Apical/Basal Cell Polarity
ROBO4,GO:0035088,Establishment Or Maintenance Of Apical/Basal Cell Polarity
WBP2,GO:0035088,Establishment Or Maintenance Of Apical/Basal Cell Polarity
DHX30,GO:0035088,Establishment Or Maintenance Of Apical/Basal Cell Polarity
MADD,GO:0035088,Establishment Or Maintenance Of Apical/Basal Cell Polarity
TRAK1,GO:0035088,Establishment Or Maintenance Of Apical/Basal Cell Polarity
CHCHD2,GO:0035088,Establishment Or Maintenance Of Apical/Basal Cell Polarity
NEK1,GO:0035088,Establishment Or Maintenance Of Apical/Basal Cell Polarity
CPX-8024,GO:0035088,Establishment Or Maintenance Of Apical/Basal Cell Polarity
CEP135,GO:0035088,Establishment Or Maintenance Of Apical/Basal Cell Polarity
CEP57,GO:0035088,Establishment Or Maintenance Of Apical/Basal Cell Polarity
BICD2,GO:0035088,Establishment Or Maintenance Of Apical/Basal Cell Polarity
SLK,GO:0035088,Establishment Or Maintenance Of Apical/Basal Cell Polarity
CNTRL,GO:0035088,Establishment Or Maintenance Of Apical/Basal Cell Polarity
CPX-1299,GO:0035088,Establishment Or Maintenance Of Apical/Basal Cell Polarity
NIN,GO:0035088,Establishment Or Maintenance Of Apical/Basal Cell Polarity
LRRK1,GO:0035088,Establishment Or Maintenance Of Apical/Basal Cell Polarity
NDE1,GO:0035088,Establishment Or Maintenance Of Apical/Basal Cell Polarity
PAFAH1B1,GO:0035088,Establishment Or Maintenance Of Apical/Basal Cell Polarity
CEP250,GO:0035088,Establishment Or Maintenance Of Apical/Basal Cell Polarity
CPX-82,GO:0035088,Establishment Or Maintenance Of Apical/Basal Cell Polarity
ZDHHC9,GO:0035088,Establishment Or Maintenance Of Apical/Basal Cell Polarity
DLEC1,GO:0035088,Establishment Or Maintenance Of Apical/Basal Cell Polarity
PLAG1,GO:0035088,Establishment Or Maintenance Of Apical/Basal Cell Polarity
SLC6A9,GO:0035088,Establishment Or Maintenance Of Apical/Basal Cell Polarity
ZNF408,GO:0035088,Establishment Or Maintenance Of Apical/Basal Cell Polarity
KLF11,GO:0035088,Establishment Or Maintenance Of Apical/Basal Cell Polarity
AGPAT2,GO:0035088,Establishment Or Maintenance Of Apical/Basal Cell Polarity
CIDEC,GO:0035088,Establishment Or Maintenance Of Apical/Basal Cell Polarity
CFD,GO:0035088,Establishment Or Maintenance Of Apical/Basal Cell Polarity
EMX2,GO:0035088,Establishment Or Maintenance Of Apical/Basal Cell Polarity
AMBN,GO:0035088,Establishment Or Maintenance Of Apical/Basal Cell Polarity
CA8,GO:0035088,Establishment Or Maintenance Of Apical/Basal Cell Polarity
POGLUT1,GO:0035088,Establishment Or Maintenance Of Apical/Basal Cell Polarity
POFUT1,GO:0035088,Establishment Or Maintenance Of Apical/Basal Cell Polarity
NME8,GO:0035088,Establishment Or Maintenance Of Apical/Basal Cell Polarity
YME1L1,GO:0035088,Establishment Or Maintenance Of Apical/Basal Cell Polarity
MESP2,GO:0035088,Establishment Or Maintenance Of Apical/Basal Cell Polarity
DLL3,GO:0035088,Establishment Or Maintenance Of Apical/Basal Cell Polarity
CPX-8022,GO:0035088,Establishment Or Maintenance Of Apical/Basal Cell Polarity
CPX-8023,GO:0035088,Establishment Or Maintenance Of Apical/Basal Cell Polarity
CPX-4943,GO:0035088,Establishment Or Maintenance Of Apical/Basal Cell Polarity
CPX-4944,GO:0035088,Establishment Or Maintenance Of Apical/Basal Cell Polarity
CPX-2477,GO:0035088,Establishment Or Maintenance Of Apical/Basal Cell Polarity
CPX-7281,GO:0035088,Establishment Or Maintenance Of Apical/Basal Cell Polarity
BSCL2,GO:0035088,Establishment Or Maintenance Of Apical/Basal Cell Polarity
ESRP1,GO:0035088,Establishment Or Maintenance Of Apical/Basal Cell Polarity
CPX-5848,GO:0035088,Establishment Or Maintenance Of Apical/Basal Cell Polarity
CPX-5881,GO:0035088,Establishment Or Maintenance Of Apical/Basal Cell Polarity
SPNS2,GO:0035088,Establishment Or Maintenance Of Apical/Basal Cell Polarity
KRT13,GO:0035088,Establishment Or Maintenance Of Apical/Basal Cell Polarity
AIFM1,GO:0035088,Establishment Or Maintenance Of Apical/Basal Cell Polarity
PAICS,GO:0035088,Establishment Or Maintenance Of Apical/Basal Cell Polarity
ARHGAP31,GO:0035088,Establishment Or Maintenance Of Apical/Basal Cell Polarity
PRUNE1,GO:0035088,Establishment Or Maintenance Of Apical/Basal Cell Polarity
NHLRC1,GO:0035088,Establishment Or Maintenance Of Apical/Basal Cell Polarity
CPX-6183,GO:0035088,Establishment Or Maintenance Of Apical/Basal Cell Polarity
CPX-6193,GO:0035088,Establishment Or Maintenance Of Apical/Basal Cell Polarity
CPX-6194,GO:0035088,Establishment Or Maintenance Of Apical/Basal Cell Polarity
CPX-6195,GO:0035088,Establishment Or Maintenance Of Apical/Basal Cell Polarity
CPX-6197,GO:0035088,Establishment Or Maintenance Of Apical/Basal Cell Polarity
CPX-1747,GO:0035088,Establishment Or Maintenance Of Apical/Basal Cell Polarity
SPECC1,GO:0035088,Establishment Or Maintenance Of Apical/Basal Cell Polarity
CISD2,GO:0035088,Establishment Or Maintenance Of Apical/Basal Cell Polarity
ARL13B,GO:0035088,Establishment Or Maintenance Of Apical/Basal Cell Polarity
HSPBAP1,GO:0035088,Establishment Or Maintenance Of Apical/Basal Cell Polarity
TBCD,GO:0035088,Establishment Or Maintenance Of Apical/Basal Cell Polarity
DIO1,GO:0035088,Establishment Or Maintenance Of Apical/Basal Cell Polarity
P4HA2,GO:0035088,Establishment Or Maintenance Of Apical/Basal Cell Polarity
IL17RC,GO:0035088,Establishment Or Maintenance Of Apical/Basal Cell Polarity
LIPT1,GO:0035088,Establishment Or Maintenance Of Apical/Basal Cell Polarity
ACR,GO:0035088,Establishment Or Maintenance Of Apical/Basal Cell Polarity
CTRC,GO:0035088,Establishment Or Maintenance Of Apical/Basal Cell Polarity
DCPS,GO:0035088,Establishment Or Maintenance Of Apical/Basal Cell Polarity
SCYL1,GO:0035088,Establishment Or Maintenance Of Apical/Basal Cell Polarity
FCRL3,GO:0035088,Establishment Or Maintenance Of Apical/Basal Cell Polarity
MFF,GO:0035088,Establishment Or Maintenance Of Apical/Basal Cell Polarity
MFSD2A,GO:0035088,Establishment Or Maintenance Of Apical/Basal Cell Polarity
DHX16,GO:0035088,Establishment Or Maintenance Of Apical/Basal Cell Polarity
TARS1,GO:0035088,Establishment Or Maintenance Of Apical/Basal Cell Polarity
DENND1A,GO:0035088,Establishment Or Maintenance Of Apical/Basal Cell Polarity
INSL3,GO:0035088,Establishment Or Maintenance Of Apical/Basal Cell Polarity
AMHR2,GO:0035088,Establishment Or Maintenance Of Apical/Basal Cell Polarity
RXFP2,GO:0035088,Establishment Or Maintenance Of Apical/Basal Cell Polarity
MAK,GO:0035088,Establishment Or Maintenance Of Apical/Basal Cell Polarity
RNF6,GO:0035088,Establishment Or Maintenance Of Apical/Basal Cell Polarity
STK26,GO:0035088,Establishment Or Maintenance Of Apical/Basal Cell Polarity
ANOS1,GO:0035088,Establishment Or Maintenance Of Apical/Basal Cell Polarity
SLC25A6,GO:0035088,Establishment Or Maintenance Of Apical/Basal Cell Polarity
SHOX,GO:0035088,Establishment Or Maintenance Of Apical/Basal Cell Polarity
ZIC3,GO:0035088,Establishment Or Maintenance Of Apical/Basal Cell Polarity
LEFTY2,GO:0035088,Establishment Or Maintenance Of Apical/Basal Cell Polarity
CPX-2707,GO:0035088,Establishment Or Maintenance Of Apical/Basal Cell Polarity
ELAC2,GO:0035088,Establishment Or Maintenance Of Apical/Basal Cell Polarity
CLP1,GO:0035088,Establishment Or Maintenance Of Apical/Basal Cell Polarity
FCRL4,GO:0035088,Establishment Or Maintenance Of Apical/Basal Cell Polarity
ARHGAP26,GO:0035088,Establishment Or Maintenance Of Apical/Basal Cell Polarity
UNC5C,GO:0035088,Establishment Or Maintenance Of Apical/Basal Cell Polarity
IGFALS,GO:0035088,Establishment Or Maintenance Of Apical/Basal Cell Polarity
CPX-983,GO:0035088,Establishment Or Maintenance Of Apical/Basal Cell Polarity
SLC25A5,GO:0035088,Establishment Or Maintenance Of Apical/Basal Cell Polarity
CPX-2842,GO:0035088,Establishment Or Maintenance Of Apical/Basal Cell Polarity
MYOC,GO:0035088,Establishment Or Maintenance Of Apical/Basal Cell Polarity
B3GLCT,GO:0035088,Establishment Or Maintenance Of Apical/Basal Cell Polarity
P3H1,GO:0035088,Establishment Or Maintenance Of Apical/Basal Cell Polarity
CPX-2694,GO:0035088,Establishment Or Maintenance Of Apical/Basal Cell Polarity
P3H2,GO:0035088,Establishment Or Maintenance Of Apical/Basal Cell Polarity
CPX-1754,GO:0035088,Establishment Or Maintenance Of Apical/Basal Cell Polarity
DNAJC13,GO:0035088,Establishment Or Maintenance Of Apical/Basal Cell Polarity
RAB10,GO:0035088,Establishment Or Maintenance Of Apical/Basal Cell Polarity
TMEM230,GO:0035088,Establishment Or Maintenance Of Apical/Basal Cell Polarity
RAB39B,GO:0035088,Establishment Or Maintenance Of Apical/Basal Cell Polarity
CPX-2332,GO:0035088,Establishment Or Maintenance Of Apical/Basal Cell Polarity
EPB42,GO:0035088,Establishment Or Maintenance Of Apical/Basal Cell Polarity
ATP6V1E1,GO:0035088,Establishment Or Maintenance Of Apical/Basal Cell Polarity
CPX-6229,GO:0035088,Establishment Or Maintenance Of Apical/Basal Cell Polarity
CPX-2514,GO:0035088,Establishment Or Maintenance Of Apical/Basal Cell Polarity
CPX-2542,GO:0035088,Establishment Or Maintenance Of Apical/Basal Cell Polarity
CDK10,GO:0035088,Establishment Or Maintenance Of Apical/Basal Cell Polarity
PIP4K2C,GO:0035088,Establishment Or Maintenance Of Apical/Basal Cell Polarity
RAB18,GO:0035088,Establishment Or Maintenance Of Apical/Basal Cell Polarity
CSTB,GO:0035088,Establishment Or Maintenance Of Apical/Basal Cell Polarity
RAB9A,GO:0035088,Establishment Or Maintenance Of Apical/Basal Cell Polarity
OTULIN,GO:0035088,Establishment Or Maintenance Of Apical/Basal Cell Polarity
CPX-338,GO:0035088,Establishment Or Maintenance Of Apical/Basal Cell Polarity
GAS7,GO:0035088,Establishment Or Maintenance Of Apical/Basal Cell Polarity
CIC,GO:0035088,Establishment Or Maintenance Of Apical/Basal Cell Polarity
MYRF,GO:0035088,Establishment Or Maintenance Of Apical/Basal Cell Polarity
MGME1,GO:0035088,Establishment Or Maintenance Of Apical/Basal Cell Polarity
SLC25A12,GO:0035088,Establishment Or Maintenance Of Apical/Basal Cell Polarity
CPX-5022,GO:0035088,Establishment Or Maintenance Of Apical/Basal Cell Polarity
FBLN5,GO:0035088,Establishment Or Maintenance Of Apical/Basal Cell Polarity
ZPBP,GO:0035088,Establishment Or Maintenance Of Apical/Basal Cell Polarity
PARP15,GO:0035088,Establishment Or Maintenance Of Apical/Basal Cell Polarity
CLK3,GO:0035088,Establishment Or Maintenance Of Apical/Basal Cell Polarity
CDKL1,GO:0035088,Establishment Or Maintenance Of Apical/Basal Cell Polarity
GDAP2,GO:0035088,Establishment Or Maintenance Of Apical/Basal Cell Polarity
PRCC,GO:0035088,Establishment Or Maintenance Of Apical/Basal Cell Polarity
OLA1,GO:0035088,Establishment Or Maintenance Of Apical/Basal Cell Polarity
CPX-5001,GO:0035088,Establishment Or Maintenance Of Apical/Basal Cell Polarity
GTPBP3,GO:0035088,Establishment Or Maintenance Of Apical/Basal Cell Polarity
CIT,GO:0035088,Establishment Or Maintenance Of Apical/Basal Cell Polarity
SPPL2A,GO:0035088,Establishment Or Maintenance Of Apical/Basal Cell Polarity
EDA,GO:0035088,Establishment Or Maintenance Of Apical/Basal Cell Polarity
CD70,GO:0035088,Establishment Or Maintenance Of Apical/Basal Cell Polarity
TNFRSF11A,GO:0035088,Establishment Or Maintenance Of Apical/Basal Cell Polarity
EVC,GO:0035088,Establishment Or Maintenance Of Apical/Basal Cell Polarity
CPX-2871,GO:0035088,Establishment Or Maintenance Of Apical/Basal Cell Polarity
CLK4,GO:0035088,Establishment Or Maintenance Of Apical/Basal Cell Polarity
SON,GO:0035088,Establishment Or Maintenance Of Apical/Basal Cell Polarity
RSPO2,GO:0035088,Establishment Or Maintenance Of Apical/Basal Cell Polarity
MTCP1,GO:0035088,Establishment Or Maintenance Of Apical/Basal Cell Polarity
NSRP1,GO:0035088,Establishment Or Maintenance Of Apical/Basal Cell Polarity
CPX-6199,GO:0035088,Establishment Or Maintenance Of Apical/Basal Cell Polarity
LHX3,GO:0035088,Establishment Or Maintenance Of Apical/Basal Cell Polarity
STK16,GO:0035088,Establishment Or Maintenance Of Apical/Basal Cell Polarity
WEE2,GO:0035088,Establishment Or Maintenance Of Apical/Basal Cell Polarity
MAP4K5,GO:0035088,Establishment Or Maintenance Of Apical/Basal Cell Polarity
PRRX1,GO:0035088,Establishment Or Maintenance Of Apical/Basal Cell Polarity
CPX-6131,GO:0035088,Establishment Or Maintenance Of Apical/Basal Cell Polarity
TEC,GO:0035088,Establishment Or Maintenance Of Apical/Basal Cell Polarity
BICC1,GO:0035088,Establishment Or Maintenance Of Apical/Basal Cell Polarity
GRAP,GO:0035088,Establishment Or Maintenance Of Apical/Basal Cell Polarity
SLC24A5,GO:0035088,Establishment Or Maintenance Of Apical/Basal Cell Polarity
DCT,GO:0035088,Establishment Or Maintenance Of Apical/Basal Cell Polarity
STK25,GO:0035088,Establishment Or Maintenance Of Apical/Basal Cell Polarity
SOX18,GO:0035088,Establishment Or Maintenance Of Apical/Basal Cell Polarity
ASPN,GO:0035088,Establishment Or Maintenance Of Apical/Basal Cell Polarity
RFX6,GO:0035088,Establishment Or Maintenance Of Apical/Basal Cell Polarity
EFEMP1,GO:0035088,Establishment Or Maintenance Of Apical/Basal Cell Polarity
CFAP45,GO:0035088,Establishment Or Maintenance Of Apical/Basal Cell Polarity
WARS1,GO:0035088,Establishment Or Maintenance Of Apical/Basal Cell Polarity
PPP1R15B,GO:0035088,Establishment Or Maintenance Of Apical/Basal Cell Polarity
LIMK2,GO:0035088,Establishment Or Maintenance Of Apical/Basal Cell Polarity
CDC42BPA,GO:0035088,Establishment Or Maintenance Of Apical/Basal Cell Polarity
TAOK3,GO:0035088,Establishment Or Maintenance Of Apical/Basal Cell Polarity
FNBP1,GO:0035088,Establishment Or Maintenance Of Apical/Basal Cell Polarity
TNIK,GO:0035088,Establishment Or Maintenance Of Apical/Basal Cell Polarity
CDH11,GO:0035088,Establishment Or Maintenance Of Apical/Basal Cell Polarity
FLRT3,GO:0035088,Establishment Or Maintenance Of Apical/Basal Cell Polarity
EPHA6,GO:0035088,Establishment Or Maintenance Of Apical/Basal Cell Polarity
ZFYVE19,GO:0035088,Establishment Or Maintenance Of Apical/Basal Cell Polarity
CD320,GO:0035088,Establishment Or Maintenance Of Apical/Basal Cell Polarity
TMPRSS6,GO:0035088,Establishment Or Maintenance Of Apical/Basal Cell Polarity
TFR2,GO:0035088,Establishment Or Maintenance Of Apical/Basal Cell Polarity
FSTL3,GO:0035088,Establishment Or Maintenance Of Apical/Basal Cell Polarity
CRELD1,GO:0035088,Establishment Or Maintenance Of Apical/Basal Cell Polarity
IGSF1,GO:0035088,Establishment Or Maintenance Of Apical/Basal Cell Polarity
BNC2,GO:0035088,Establishment Or Maintenance Of Apical/Basal Cell Polarity
CDKL3,GO:0035088,Establishment Or Maintenance Of Apical/Basal Cell Polarity
PLCH1,GO:0035088,Establishment Or Maintenance Of Apical/Basal Cell Polarity
OCRL,GO:0035088,Establishment Or Maintenance Of Apical/Basal Cell Polarity
PIK3C2G,GO:0035088,Establishment Or Maintenance Of Apical/Basal Cell Polarity
PIP4K2B,GO:0035088,Establishment Or Maintenance Of Apical/Basal Cell Polarity
RUSC2,GO:0035088,Establishment Or Maintenance Of Apical/Basal Cell Polarity
BMPER,GO:0035088,Establishment Or Maintenance Of Apical/Basal Cell Polarity
NSUN3,GO:0035088,Establishment Or Maintenance Of Apical/Basal Cell Polarity
AFF3,GO:0035088,Establishment Or Maintenance Of Apical/Basal Cell Polarity
NEK8,GO:0035088,Establishment Or Maintenance Of Apical/Basal Cell Polarity
KDF1,GO:0035088,Establishment Or Maintenance Of Apical/Basal Cell Polarity
MAP3K21,GO:0035088,Establishment Or Maintenance Of Apical/Basal Cell Polarity
CSNK1G3,GO:0035088,Establishment Or Maintenance Of Apical/Basal Cell Polarity
YIPF5,GO:0035088,Establishment Or Maintenance Of Apical/Basal Cell Polarity
RNF13,GO:0035088,Establishment Or Maintenance Of Apical/Basal Cell Polarity
CPX-8304,GO:0035088,Establishment Or Maintenance Of Apical/Basal Cell Polarity
UBA5,GO:0035088,Establishment Or Maintenance Of Apical/Basal Cell Polarity
KRT81,GO:0035088,Establishment Or Maintenance Of Apical/Basal Cell Polarity
BANK1,GO:0035088,Establishment Or Maintenance Of Apical/Basal Cell Polarity
FCRL5,GO:0035088,Establishment Or Maintenance Of Apical/Basal Cell Polarity
STK10,GO:0035088,Establishment Or Maintenance Of Apical/Basal Cell Polarity
SOX5,GO:0035088,Establishment Or Maintenance Of Apical/Basal Cell Polarity
RIOK2,GO:0035088,Establishment Or Maintenance Of Apical/Basal Cell Polarity
TMEM165,GO:0035088,Establishment Or Maintenance Of Apical/Basal Cell Polarity
RNF113A,GO:0035088,Establishment Or Maintenance Of Apical/Basal Cell Polarity
SRGAP1,GO:0035088,Establishment Or Maintenance Of Apical/Basal Cell Polarity
ADAMTS2,GO:0035088,Establishment Or Maintenance Of Apical/Basal Cell Polarity
GJC2,GO:0035088,Establishment Or Maintenance Of Apical/Basal Cell Polarity
CCBE1,GO:0035088,Establishment Or Maintenance Of Apical/Basal Cell Polarity
CDC42BPG,GO:0035088,Establishment Or Maintenance Of Apical/Basal Cell Polarity
MPEG1,GO:0035088,Establishment Or Maintenance Of Apical/Basal Cell Polarity
MFHAS1,GO:0035088,Establishment Or Maintenance Of Apical/Basal Cell Polarity
BMP2K,GO:0035088,Establishment Or Maintenance Of Apical/Basal Cell Polarity
SMOC1,GO:0035088,Establishment Or Maintenance Of Apical/Basal Cell Polarity
INPP5K,GO:0035088,Establishment Or Maintenance Of Apical/Basal Cell Polarity
NEK5,GO:0035088,Establishment Or Maintenance Of Apical/Basal Cell Polarity
CPX-3138,GO:0035088,Establishment Or Maintenance Of Apical/Basal Cell Polarity
CPX-3201,GO:0035088,Establishment Or Maintenance Of Apical/Basal Cell Polarity
NEK11,GO:0035088,Establishment Or Maintenance Of Apical/Basal Cell Polarity
RCC1L,GO:0035088,Establishment Or Maintenance Of Apical/Basal Cell Polarity
SH3PXD2B,GO:0035088,Establishment Or Maintenance Of Apical/Basal Cell Polarity
MAPK4,GO:0035088,Establishment Or Maintenance Of Apical/Basal Cell Polarity
NEK6,GO:0035088,Establishment Or Maintenance Of Apical/Basal Cell Polarity
TTC29,GO:0035088,Establishment Or Maintenance Of Apical/Basal Cell Polarity
PKN3,GO:0035088,Establishment Or Maintenance Of Apical/Basal Cell Polarity
KIAA0319,GO:0035088,Establishment Or Maintenance Of Apical/Basal Cell Polarity
LYRM7,GO:0035088,Establishment Or Maintenance Of Apical/Basal Cell Polarity
BTBD9,GO:0035088,Establishment Or Maintenance Of Apical/Basal Cell Polarity
TAOK2,GO:0035088,Establishment Or Maintenance Of Apical/Basal Cell Polarity
KIF1C,GO:0035088,Establishment Or Maintenance Of Apical/Basal Cell Polarity
STK24,GO:0035088,Establishment Or Maintenance Of Apical/Basal Cell Polarity
SLC34A2,GO:0035088,Establishment Or Maintenance Of Apical/Basal Cell Polarity
NAV3,GO:0035088,Establishment Or Maintenance Of Apical/Basal Cell Polarity
SRPK3,GO:0035088,Establishment Or Maintenance Of Apical/Basal Cell Polarity
PPIL1,GO:0035088,Establishment Or Maintenance Of Apical/Basal Cell Polarity
GPC4,GO:0035088,Establishment Or Maintenance Of Apical/Basal Cell Polarity
RELT,GO:0035088,Establishment Or Maintenance Of Apical/Basal Cell Polarity
EFEMP2,GO:0035088,Establishment Or Maintenance Of Apical/Basal Cell Polarity
LTBP4,GO:0035088,Establishment Or Maintenance Of Apical/Basal Cell Polarity
FUT8,GO:0035088,Establishment Or Maintenance Of Apical/Basal Cell Polarity
FBN2,GO:0035088,Establishment Or Maintenance Of Apical/Basal Cell Polarity
ARHGEF18,GO:0035088,Establishment Or Maintenance Of Apical/Basal Cell Polarity
LZTFL1,GO:0035088,Establishment Or Maintenance Of Apical/Basal Cell Polarity
BRSK2,GO:0035088,Establishment Or Maintenance Of Apical/Basal Cell Polarity
EPG5,GO:0035088,Establishment Or Maintenance Of Apical/Basal Cell Polarity
WDR45B,GO:0035088,Establishment Or Maintenance Of Apical/Basal Cell Polarity
ULK2,GO:0035088,Establishment Or Maintenance Of Apical/Basal Cell Polarity
UNC13D,GO:0035088,Establishment Or Maintenance Of Apical/Basal Cell Polarity
GFER,GO:0035088,Establishment Or Maintenance Of Apical/Basal Cell Polarity
LRSAM1,GO:0035088,Establishment Or Maintenance Of Apical/Basal Cell Polarity
MAP4K3,GO:0035088,Establishment Or Maintenance Of Apical/Basal Cell Polarity
CHP1,GO:0035088,Establishment Or Maintenance Of Apical/Basal Cell Polarity
KIRREL3,GO:0035088,Establishment Or Maintenance Of Apical/Basal Cell Polarity
MMP21,GO:0035088,Establishment Or Maintenance Of Apical/Basal Cell Polarity
CDC40,GO:0035088,Establishment Or Maintenance Of Apical/Basal Cell Polarity
CDKL2,GO:0035088,Establishment Or Maintenance Of Apical/Basal Cell Polarity
EML1,GO:0035088,Establishment Or Maintenance Of Apical/Basal Cell Polarity
GREM2,GO:0035088,Establishment Or Maintenance Of Apical/Basal Cell Polarity
LRIG2,GO:0035088,Establishment Or Maintenance Of Apical/Basal Cell Polarity
CHST14,GO:0035088,Establishment Or Maintenance Of Apical/Basal Cell Polarity
STK17A,GO:0035088,Establishment Or Maintenance Of Apical/Basal Cell Polarity
MXRA5,GO:0035088,Establishment Or Maintenance Of Apical/Basal Cell Polarity
PCDH11Y,GO:0035088,Establishment Or Maintenance Of Apical/Basal Cell Polarity
LRP12,GO:0035088,Establishment Or Maintenance Of Apical/Basal Cell Polarity
EYA2,GO:0035088,Establishment Or Maintenance Of Apical/Basal Cell Polarity
DNAJC12,GO:0035088,Establishment Or Maintenance Of Apical/Basal Cell Polarity
GIMAP5,GO:0035088,Establishment Or Maintenance Of Apical/Basal Cell Polarity
STXBP2,GO:0035088,Establishment Or Maintenance Of Apical/Basal Cell Polarity
SRMS,GO:0035088,Establishment Or Maintenance Of Apical/Basal Cell Polarity
CHIC2,GO:0035088,Establishment Or Maintenance Of Apical/Basal Cell Polarity
PAX1,GO:0035088,Establishment Or Maintenance Of Apical/Basal Cell Polarity
RIPK4,GO:0035088,Establishment Or Maintenance Of Apical/Basal Cell Polarity
CLEC16A,GO:0035088,Establishment Or Maintenance Of Apical/Basal Cell Polarity
MFAP5,GO:0035088,Establishment Or Maintenance Of Apical/Basal Cell Polarity
TESK1,GO:0035088,Establishment Or Maintenance Of Apical/Basal Cell Polarity
VRK2,GO:0035088,Establishment Or Maintenance Of Apical/Basal Cell Polarity
DIS3L2,GO:0035088,Establishment Or Maintenance Of Apical/Basal Cell Polarity
POC1B,GO:0035088,Establishment Or Maintenance Of Apical/Basal Cell Polarity
TSGA10,GO:0035088,Establishment Or Maintenance Of Apical/Basal Cell Polarity
DNHD1,GO:0035088,Establishment Or Maintenance Of Apical/Basal Cell Polarity
SH3BGRL,GO:0035088,Establishment Or Maintenance Of Apical/Basal Cell Polarity
STK36,GO:0035088,Establishment Or Maintenance Of Apical/Basal Cell Polarity
PTCH2,GO:0035088,Establishment Or Maintenance Of Apical/Basal Cell Polarity
NDST1,GO:0035088,Establishment Or Maintenance Of Apical/Basal Cell Polarity
PUS3,GO:0035088,Establishment Or Maintenance Of Apical/Basal Cell Polarity
METTL27,GO:0035088,Establishment Or Maintenance Of Apical/Basal Cell Polarity
TP53RK,GO:0035088,Establishment Or Maintenance Of Apical/Basal Cell Polarity
TSR2,GO:0035088,Establishment Or Maintenance Of Apical/Basal Cell Polarity
ADCK5,GO:0035088,Establishment Or Maintenance Of Apical/Basal Cell Polarity
SPG7,GO:0035088,Establishment Or Maintenance Of Apical/Basal Cell Polarity
MUC7,GO:0035088,Establishment Or Maintenance Of Apical/Basal Cell Polarity
PHOX2A,GO:0035088,Establishment Or Maintenance Of Apical/Basal Cell Polarity
KIFBP,GO:0035088,Establishment Or Maintenance Of Apical/Basal Cell Polarity
SIX1,GO:0035088,Establishment Or Maintenance Of Apical/Basal Cell Polarity
PKP1,GO:0035088,Establishment Or Maintenance Of Apical/Basal Cell Polarity
LIMS2,GO:0035088,Establishment Or Maintenance Of Apical/Basal Cell Polarity
CSNK1G1,GO:0035088,Establishment Or Maintenance Of Apical/Basal Cell Polarity
FOXJ1,GO:0035088,Establishment Or Maintenance Of Apical/Basal Cell Polarity
ZNF703,GO:0035088,Establishment Or Maintenance Of Apical/Basal Cell Polarity
TBX22,GO:0035088,Establishment Or Maintenance Of Apical/Basal Cell Polarity
COQ8B,GO:0035088,Establishment Or Maintenance Of Apical/Basal Cell Polarity
INF2,GO:0035088,Establishment Or Maintenance Of Apical/Basal Cell Polarity
STK35,GO:0035088,Establishment Or Maintenance Of Apical/Basal Cell Polarity
GORAB,GO:0035088,Establishment Or Maintenance Of Apical/Basal Cell Polarity
HIPK4,GO:0035088,Establishment Or Maintenance Of Apical/Basal Cell Polarity
SEMA7A,GO:0035088,Establishment Or Maintenance Of Apical/Basal Cell Polarity
CPX-1019,GO:0035088,Establishment Or Maintenance Of Apical/Basal Cell Polarity
CPX-1014,GO:0035088,Establishment Or Maintenance Of Apical/Basal Cell Polarity
STK32C,GO:0035088,Establishment Or Maintenance Of Apical/Basal Cell Polarity
CPA6,GO:0035088,Establishment Or Maintenance Of Apical/Basal Cell Polarity
PATL2,GO:0035088,Establishment Or Maintenance Of Apical/Basal Cell Polarity
PEX19,GO:0035088,Establishment Or Maintenance Of Apical/Basal Cell Polarity
ACTL9,GO:0035088,Establishment Or Maintenance Of Apical/Basal Cell Polarity
ACTRT1,GO:0035088,Establishment Or Maintenance Of Apical/Basal Cell Polarity
NEUROD2,GO:0035088,Establishment Or Maintenance Of Apical/Basal Cell Polarity
LZTS1,GO:0035088,Establishment Or Maintenance Of Apical/Basal Cell Polarity
CPX-7849,GO:0035088,Establishment Or Maintenance Of Apical/Basal Cell Polarity
CMC4,GO:0035088,Establishment Or Maintenance Of Apical/Basal Cell Polarity
SCO2,GO:0035088,Establishment Or Maintenance Of Apical/Basal Cell Polarity
CTSF,GO:0035088,Establishment Or Maintenance Of Apical/Basal Cell Polarity
NAXE,GO:0035088,Establishment Or Maintenance Of Apical/Basal Cell Polarity
LRPPRC,GO:0035088,Establishment Or Maintenance Of Apical/Basal Cell Polarity
DHX38,GO:0035088,Establishment Or Maintenance Of Apical/Basal Cell Polarity
DDX59,GO:0035088,Establishment Or Maintenance Of Apical/Basal Cell Polarity
CPX-8923,GO:0035088,Establishment Or Maintenance Of Apical/Basal Cell Polarity
SELENBP1,GO:0035088,Establishment Or Maintenance Of Apical/Basal Cell Polarity
MLPH,GO:0035088,Establishment Or Maintenance Of Apical/Basal Cell Polarity
PUS7,GO:0035088,Establishment Or Maintenance Of Apical/Basal Cell Polarity
TRMT1,GO:0035088,Establishment Or Maintenance Of Apical/Basal Cell Polarity
FERMT1,GO:0035088,Establishment Or Maintenance Of Apical/Basal Cell Polarity
CPX-2850,GO:0035088,Establishment Or Maintenance Of Apical/Basal Cell Polarity
THUMPD1,GO:0035088,Establishment Or Maintenance Of Apical/Basal Cell Polarity
OPA3,GO:0035088,Establishment Or Maintenance Of Apical/Basal Cell Polarity
SLC25A46,GO:0035088,Establishment Or Maintenance Of Apical/Basal Cell Polarity
PASK,GO:0035088,Establishment Or Maintenance Of Apical/Basal Cell Polarity
FIGLA,GO:0035088,Establishment Or Maintenance Of Apical/Basal Cell Polarity
RAP1GDS1,GO:0035088,Establishment Or Maintenance Of Apical/Basal Cell Polarity
RNPC3,GO:0035088,Establishment Or Maintenance Of Apical/Basal Cell Polarity
CPX-7020,GO:0035088,Establishment Or Maintenance Of Apical/Basal Cell Polarity
MMADHC,GO:0035088,Establishment Or Maintenance Of Apical/Basal Cell Polarity
SERAC1,GO:0035088,Establishment Or Maintenance Of Apical/Basal Cell Polarity
ERMARD,GO:0035088,Establishment Or Maintenance Of Apical/Basal Cell Polarity
SBF1,GO:0035088,Establishment Or Maintenance Of Apical/Basal Cell Polarity
ERGIC1,GO:0035088,Establishment Or Maintenance Of Apical/Basal Cell Polarity
MEGF8,GO:0035088,Establishment Or Maintenance Of Apical/Basal Cell Polarity
HHAT,GO:0035088,Establishment Or Maintenance Of Apical/Basal Cell Polarity
MEOX1,GO:0035088,Establishment Or Maintenance Of Apical/Basal Cell Polarity
SIX6,GO:0035088,Establishment Or Maintenance Of Apical/Basal Cell Polarity
ZFP57,GO:0035088,Establishment Or Maintenance Of Apical/Basal Cell Polarity
DOCK6,GO:0035088,Establishment Or Maintenance Of Apical/Basal Cell Polarity
DNMBP,GO:0035088,Establishment Or Maintenance Of Apical/Basal Cell Polarity
ARHGEF10,GO:0035088,Establishment Or Maintenance Of Apical/Basal Cell Polarity
LHFPL6,GO:0035088,Establishment Or Maintenance Of Apical/Basal Cell Polarity
HOXD13,GO:0035088,Establishment Or Maintenance Of Apical/Basal Cell Polarity
ANKRD26,GO:0035088,Establishment Or Maintenance Of Apical/Basal Cell Polarity
SPART,GO:0035088,Establishment Or Maintenance Of Apical/Basal Cell Polarity
PMP2,GO:0035088,Establishment Or Maintenance Of Apical/Basal Cell Polarity
THSD7A,GO:0035088,Establishment Or Maintenance Of Apical/Basal Cell Polarity
LINS1,GO:0035088,Establishment Or Maintenance Of Apical/Basal Cell Polarity
SLC20A2,GO:0035088,Establishment Or Maintenance Of Apical/Basal Cell Polarity
C14orf39,GO:0035088,Establishment Or Maintenance Of Apical/Basal Cell Polarity
MMP19,GO:0035088,Establishment Or Maintenance Of Apical/Basal Cell Polarity
TMPRSS15,GO:0035088,Establishment Or Maintenance Of Apical/Basal Cell Polarity
ZNF341,GO:0035088,Establishment Or Maintenance Of Apical/Basal Cell Polarity
TMC8,GO:0035088,Establishment Or Maintenance Of Apical/Basal Cell Polarity
PYCR2,GO:0035088,Establishment Or Maintenance Of Apical/Basal Cell Polarity
CPX-6150,GO:0035088,Establishment Or Maintenance Of Apical/Basal Cell Polarity
CNPY3,GO:0035088,Establishment Or Maintenance Of Apical/Basal Cell Polarity
LRRC32,GO:0035088,Establishment Or Maintenance Of Apical/Basal Cell Polarity
CPX-326,GO:0035088,Establishment Or Maintenance Of Apical/Basal Cell Polarity
FEZF1,GO:0035088,Establishment Or Maintenance Of Apical/Basal Cell Polarity
OXR1,GO:0035088,Establishment Or Maintenance Of Apical/Basal Cell Polarity
HOXC13,GO:0035088,Establishment Or Maintenance Of Apical/Basal Cell Polarity
MLLT6,GO:0035088,Establishment Or Maintenance Of Apical/Basal Cell Polarity
ADAMTSL2,GO:0035088,Establishment Or Maintenance Of Apical/Basal Cell Polarity
CTU2,GO:0035088,Establishment Or Maintenance Of Apical/Basal Cell Polarity
SALL2,GO:0035088,Establishment Or Maintenance Of Apical/Basal Cell Polarity
TBX2,GO:0035088,Establishment Or Maintenance Of Apical/Basal Cell Polarity
DCHS1,GO:0035088,Establishment Or Maintenance Of Apical/Basal Cell Polarity
TUBB8,GO:0035088,Establishment Or Maintenance Of Apical/Basal Cell Polarity
LNP1,GO:0035088,Establishment Or Maintenance Of Apical/Basal Cell Polarity
MAS1,GO:0035088,Establishment Or Maintenance Of Apical/Basal Cell Polarity
BCAS4,GO:0035088,Establishment Or Maintenance Of Apical/Basal Cell Polarity
CPX-1758,GO:0035088,Establishment Or Maintenance Of Apical/Basal Cell Polarity
JAGN1,GO:0035088,Establishment Or Maintenance Of Apical/Basal Cell Polarity
NOTCH2NLB,GO:0035088,Establishment Or Maintenance Of Apical/Basal Cell Polarity
MPIG6B,GO:0035088,Establishment Or Maintenance Of Apical/Basal Cell Polarity
SEMA4D,GO:0035088,Establishment Or Maintenance Of Apical/Basal Cell Polarity
PPIP5K2,GO:0035088,Establishment Or Maintenance Of Apical/Basal Cell Polarity
OTX2,GO:0035088,Establishment Or Maintenance Of Apical/Basal Cell Polarity
PRG4,GO:0035088,Establishment Or Maintenance Of Apical/Basal Cell Polarity
NACC1,GO:0035088,Establishment Or Maintenance Of Apical/Basal Cell Polarity
SOX13,GO:0035088,Establishment Or Maintenance Of Apical/Basal Cell Polarity
SEMA6B,GO:0035088,Establishment Or Maintenance Of Apical/Basal Cell Polarity
CPX-6097,GO:0035088,Establishment Or Maintenance Of Apical/Basal Cell Polarity
TSPY1,GO:0035088,Establishment Or Maintenance Of Apical/Basal Cell Polarity
LACC1,GO:0035088,Establishment Or Maintenance Of Apical/Basal Cell Polarity
SHROOM4,GO:0035088,Establishment Or Maintenance Of Apical/Basal Cell Polarity
DNAH8,GO:0035088,Establishment Or Maintenance Of Apical/Basal Cell Polarity
CPX-5606,GO:0035088,Establishment Or Maintenance Of Apical/Basal Cell Polarity
MID1,GO:0035088,Establishment Or Maintenance Of Apical/Basal Cell Polarity
OARD1,GO:0035088,Establishment Or Maintenance Of Apical/Basal Cell Polarity
TBX4,GO:0035088,Establishment Or Maintenance Of Apical/Basal Cell Polarity
SLITRK6,GO:0035088,Establishment Or Maintenance Of Apical/Basal Cell Polarity
CFAP53,GO:0035088,Establishment Or Maintenance Of Apical/Basal Cell Polarity
STK32A,GO:0035088,Establishment Or Maintenance Of Apical/Basal Cell Polarity
ALPK1,GO:0035088,Establishment Or Maintenance Of Apical/Basal Cell Polarity
ADAMTS10,GO:0035088,Establishment Or Maintenance Of Apical/Basal Cell Polarity
KIZ,GO:0035088,Establishment Or Maintenance Of Apical/Basal Cell Polarity
NEK3,GO:0035088,Establishment Or Maintenance Of Apical/Basal Cell Polarity
RASSF8,GO:0035088,Establishment Or Maintenance Of Apical/Basal Cell Polarity
THSD4,GO:0035088,Establishment Or Maintenance Of Apical/Basal Cell Polarity
TNK1,GO:0035088,Establishment Or Maintenance Of Apical/Basal Cell Polarity
TAPT1,GO:0035088,Establishment Or Maintenance Of Apical/Basal Cell Polarity
FREM1,GO:0035088,Establishment Or Maintenance Of Apical/Basal Cell Polarity
NBEAL2,GO:0035088,Establishment Or Maintenance Of Apical/Basal Cell Polarity
CPX-6141,GO:0035088,Establishment Or Maintenance Of Apical/Basal Cell Polarity
GREB1L,GO:0035088,Establishment Or Maintenance Of Apical/Basal Cell Polarity
RTTN,GO:0035088,Establishment Or Maintenance Of Apical/Basal Cell Polarity
CPX-8307,GO:0035088,Establishment Or Maintenance Of Apical/Basal Cell Polarity
HESX1,GO:0035088,Establishment Or Maintenance Of Apical/Basal Cell Polarity
ZNF41,GO:0035088,Establishment Or Maintenance Of Apical/Basal Cell Polarity
THADA,GO:0035088,Establishment Or Maintenance Of Apical/Basal Cell Polarity
NOBOX,GO:0035088,Establishment Or Maintenance Of Apical/Basal Cell Polarity
TSSK2,GO:0035088,Establishment Or Maintenance Of Apical/Basal Cell Polarity
ALX4,GO:0035088,Establishment Or Maintenance Of Apical/Basal Cell Polarity
LRMDA,GO:0035088,Establishment Or Maintenance Of Apical/Basal Cell Polarity
RAB23,GO:0035088,Establishment Or Maintenance Of Apical/Basal Cell Polarity
CPX-460,GO:0035088,Establishment Or Maintenance Of Apical/Basal Cell Polarity
CPX-461,GO:0035088,Establishment Or Maintenance Of Apical/Basal Cell Polarity
SLC6A20,GO:0035088,Establishment Or Maintenance Of Apical/Basal Cell Polarity
GPR101,GO:0035088,Establishment Or Maintenance Of Apical/Basal Cell Polarity
PLEKHG5,GO:0035088,Establishment Or Maintenance Of Apical/Basal Cell Polarity
APCDD1,GO:0035088,Establishment Or Maintenance Of Apical/Basal Cell Polarity
LPP,GO:0035088,Establishment Or Maintenance Of Apical/Basal Cell Polarity
CPX-2861,GO:0035088,Establishment Or Maintenance Of Apical/Basal Cell Polarity
ADAMTSL4,GO:0035088,Establishment Or Maintenance Of Apical/Basal Cell Polarity
CSGALNACT1,GO:0035088,Establishment Or Maintenance Of Apical/Basal Cell Polarity
RNF220,GO:0035088,Establishment Or Maintenance Of Apical/Basal Cell Polarity
B4GALNT2,GO:0035088,Establishment Or Maintenance Of Apical/Basal Cell Polarity
DRD4,GO:0098916,Anterograde Trans-Synaptic Signaling
GNB4,GO:0098916,Anterograde Trans-Synaptic Signaling
SLC6A4,GO:0098916,Anterograde Trans-Synaptic Signaling
QDPR,GO:0098916,Anterograde Trans-Synaptic Signaling
HTR1A,GO:0098916,Anterograde Trans-Synaptic Signaling
GNAL,GO:0098916,Anterograde Trans-Synaptic Signaling
HTR7,GO:0098916,Anterograde Trans-Synaptic Signaling
CPX-2175,GO:0098916,Anterograde Trans-Synaptic Signaling
CPX-271,GO:0098916,Anterograde Trans-Synaptic Signaling
CPX-272,GO:0098916,Anterograde Trans-Synaptic Signaling
CPX-273,GO:0098916,Anterograde Trans-Synaptic Signaling
CPX-276,GO:0098916,Anterograde Trans-Synaptic Signaling
DRD2,GO:0098916,Anterograde Trans-Synaptic Signaling
CPX-3156,GO:0098916,Anterograde Trans-Synaptic Signaling
HTR1D,GO:0098916,Anterograde Trans-Synaptic Signaling
SNAP25,GO:0098916,Anterograde Trans-Synaptic Signaling
RGS9,GO:0098916,Anterograde Trans-Synaptic Signaling
GNAO1,GO:0098916,Anterograde Trans-Synaptic Signaling
SLC6A3,GO:0098916,Anterograde Trans-Synaptic Signaling
CPX-2159,GO:0098916,Anterograde Trans-Synaptic Signaling
CPX-2952,GO:0098916,Anterograde Trans-Synaptic Signaling
CPX-2953,GO:0098916,Anterograde Trans-Synaptic Signaling
CPX-8574,GO:0098916,Anterograde Trans-Synaptic Signaling
CPX-8576,GO:0098916,Anterograde Trans-Synaptic Signaling
CPX-8577,GO:0098916,Anterograde Trans-Synaptic Signaling
CPX-8578,GO:0098916,Anterograde Trans-Synaptic Signaling
CPX-8580,GO:0098916,Anterograde Trans-Synaptic Signaling
CPX-8581,GO:0098916,Anterograde Trans-Synaptic Signaling
DRD5,GO:0098916,Anterograde Trans-Synaptic Signaling
ANKK1,GO:0098916,Anterograde Trans-Synaptic Signaling
CPX-2202,GO:0098916,Anterograde Trans-Synaptic Signaling
CPX-294,GO:0098916,Anterograde Trans-Synaptic Signaling
NOS1AP,GO:0098916,Anterograde Trans-Synaptic Signaling
CPX-168,GO:0098916,Anterograde Trans-Synaptic Signaling
CPX-187,GO:0098916,Anterograde Trans-Synaptic Signaling
CPX-2170,GO:0098916,Anterograde Trans-Synaptic Signaling
CPX-218,GO:0098916,Anterograde Trans-Synaptic Signaling
CPX-2180,GO:0098916,Anterograde Trans-Synaptic Signaling
CPX-2192,GO:0098916,Anterograde Trans-Synaptic Signaling
CPX-2193,GO:0098916,Anterograde Trans-Synaptic Signaling
CPX-240,GO:0098916,Anterograde Trans-Synaptic Signaling
CPX-2203,GO:0098916,Anterograde Trans-Synaptic Signaling
DRD3,GO:0098916,Anterograde Trans-Synaptic Signaling
DRD1,GO:0098916,Anterograde Trans-Synaptic Signaling
GRM2,GO:0098916,Anterograde Trans-Synaptic Signaling
CPX-4101,GO:0098916,Anterograde Trans-Synaptic Signaling
CPX-909,GO:0098916,Anterograde Trans-Synaptic Signaling
RGS4,GO:0098916,Anterograde Trans-Synaptic Signaling
CPX-285,GO:0098916,Anterograde Trans-Synaptic Signaling
CPX-210,GO:0098916,Anterograde Trans-Synaptic Signaling
CPX-213,GO:0098916,Anterograde Trans-Synaptic Signaling
CPX-2190,GO:0098916,Anterograde Trans-Synaptic Signaling
CPX-2200,GO:0098916,Anterograde Trans-Synaptic Signaling
HTR2C,GO:0098916,Anterograde Trans-Synaptic Signaling
CPX-2164,GO:0098916,Anterograde Trans-Synaptic Signaling
CPX-2166,GO:0098916,Anterograde Trans-Synaptic Signaling
CPX-2167,GO:0098916,Anterograde Trans-Synaptic Signaling
CPX-2168,GO:0098916,Anterograde Trans-Synaptic Signaling
CPX-2174,GO:0098916,Anterograde Trans-Synaptic Signaling
CPX-2951,GO:0098916,Anterograde Trans-Synaptic Signaling
CPX-2954,GO:0098916,Anterograde Trans-Synaptic Signaling
CPX-8571,GO:0098916,Anterograde Trans-Synaptic Signaling
CPX-8573,GO:0098916,Anterograde Trans-Synaptic Signaling
CPX-8575,GO:0098916,Anterograde Trans-Synaptic Signaling
CPX-8579,GO:0098916,Anterograde Trans-Synaptic Signaling
CPX-8701,GO:0098916,Anterograde Trans-Synaptic Signaling
CPX-8729,GO:0098916,Anterograde Trans-Synaptic Signaling
CPX-8731,GO:0098916,Anterograde Trans-Synaptic Signaling
CPX-8732,GO:0098916,Anterograde Trans-Synaptic Signaling
CPX-8673,GO:0098916,Anterograde Trans-Synaptic Signaling
CPX-8674,GO:0098916,Anterograde Trans-Synaptic Signaling
CPX-8675,GO:0098916,Anterograde Trans-Synaptic Signaling
CPX-8676,GO:0098916,Anterograde Trans-Synaptic Signaling
CPX-286,GO:0098916,Anterograde Trans-Synaptic Signaling
CPX-289,GO:0098916,Anterograde Trans-Synaptic Signaling
CHRM2,GO:0098916,Anterograde Trans-Synaptic Signaling
TTC12,GO:0098916,Anterograde Trans-Synaptic Signaling
CPX-3278,GO:0098916,Anterograde Trans-Synaptic Signaling
KCNJ6,GO:0098916,Anterograde Trans-Synaptic Signaling
THAP1,GO:0098916,Anterograde Trans-Synaptic Signaling
CPX-2955,GO:0098916,Anterograde Trans-Synaptic Signaling
SYT1,GO:0098916,Anterograde Trans-Synaptic Signaling
PPP2R3C,GO:0098916,Anterograde Trans-Synaptic Signaling
CPX-3195,GO:0098916,Anterograde Trans-Synaptic Signaling
CPX-8861,GO:0098916,Anterograde Trans-Synaptic Signaling
SLC1A2,GO:0098916,Anterograde Trans-Synaptic Signaling
GRM1,GO:0098916,Anterograde Trans-Synaptic Signaling
CPX-8767,GO:0098916,Anterograde Trans-Synaptic Signaling
GRM5,GO:0098916,Anterograde Trans-Synaptic Signaling
PRKACA,GO:0098916,Anterograde Trans-Synaptic Signaling
CPX-3239,GO:0098916,Anterograde Trans-Synaptic Signaling
EPB41L1,GO:0098916,Anterograde Trans-Synaptic Signaling
HRH3,GO:0098916,Anterograde Trans-Synaptic Signaling
GRM7,GO:0098916,Anterograde Trans-Synaptic Signaling
CPX-3032,GO:0098916,Anterograde Trans-Synaptic Signaling
CNTNAP2,GO:0098916,Anterograde Trans-Synaptic Signaling
GRM3,GO:0098916,Anterograde Trans-Synaptic Signaling
PRKACB,GO:0098916,Anterograde Trans-Synaptic Signaling
CACNA1B,GO:0098916,Anterograde Trans-Synaptic Signaling
DNM1,GO:0098916,Anterograde Trans-Synaptic Signaling
SLITRK1,GO:0098916,Anterograde Trans-Synaptic Signaling
PRKACG,GO:0098916,Anterograde Trans-Synaptic Signaling
DPP6,GO:0098916,Anterograde Trans-Synaptic Signaling
DPP10,GO:0098916,Anterograde Trans-Synaptic Signaling
CPX-6244,GO:0098916,Anterograde Trans-Synaptic Signaling
CPX-8636,GO:0098916,Anterograde Trans-Synaptic Signaling
CPX-8468,GO:0098916,Anterograde Trans-Synaptic Signaling
CPX-8503,GO:0098916,Anterograde Trans-Synaptic Signaling
CPX-8525,GO:0098916,Anterograde Trans-Synaptic Signaling
CPX-8545,GO:0098916,Anterograde Trans-Synaptic Signaling
CPX-8553,GO:0098916,Anterograde Trans-Synaptic Signaling
CPX-8556,GO:0098916,Anterograde Trans-Synaptic Signaling
CPX-8630,GO:0098916,Anterograde Trans-Synaptic Signaling
CPX-8632,GO:0098916,Anterograde Trans-Synaptic Signaling
CPX-8634,GO:0098916,Anterograde Trans-Synaptic Signaling
CPX-8702,GO:0098916,Anterograde Trans-Synaptic Signaling
CPX-8721,GO:0098916,Anterograde Trans-Synaptic Signaling
CPX-8723,GO:0098916,Anterograde Trans-Synaptic Signaling
CPX-8724,GO:0098916,Anterograde Trans-Synaptic Signaling
CPX-8727,GO:0098916,Anterograde Trans-Synaptic Signaling
HTR2A,GO:0098916,Anterograde Trans-Synaptic Signaling
CPX-6186,GO:0098916,Anterograde Trans-Synaptic Signaling
CPX-6189,GO:0098916,Anterograde Trans-Synaptic Signaling
HTR2B,GO:0098916,Anterograde Trans-Synaptic Signaling
CPX-3072,GO:0098916,Anterograde Trans-Synaptic Signaling
CPX-3073,GO:0098916,Anterograde Trans-Synaptic Signaling
TRPA1,GO:0098916,Anterograde Trans-Synaptic Signaling
HTR5A,GO:0098916,Anterograde Trans-Synaptic Signaling
HTR1E,GO:0098916,Anterograde Trans-Synaptic Signaling
KCNK18,GO:0098916,Anterograde Trans-Synaptic Signaling
TRPV1,GO:0098916,Anterograde Trans-Synaptic Signaling
CACNA1D,GO:0098916,Anterograde Trans-Synaptic Signaling
CHRM1,GO:0098916,Anterograde Trans-Synaptic Signaling
CPX-3192,GO:0098916,Anterograde Trans-Synaptic Signaling
CPX-8699,GO:0098916,Anterograde Trans-Synaptic Signaling
CPX-8725,GO:0098916,Anterograde Trans-Synaptic Signaling
CPX-8726,GO:0098916,Anterograde Trans-Synaptic Signaling
CPX-8740,GO:0098916,Anterograde Trans-Synaptic Signaling
CPX-8741,GO:0098916,Anterograde Trans-Synaptic Signaling
CPX-8742,GO:0098916,Anterograde Trans-Synaptic Signaling
CPX-8743,GO:0098916,Anterograde Trans-Synaptic Signaling
CPX-8762,GO:0098916,Anterograde Trans-Synaptic Signaling
CPX-8763,GO:0098916,Anterograde Trans-Synaptic Signaling
CPX-8764,GO:0098916,Anterograde Trans-Synaptic Signaling
CPX-8768,GO:0098916,Anterograde Trans-Synaptic Signaling
CPX-8769,GO:0098916,Anterograde Trans-Synaptic Signaling
CPX-8771,GO:0098916,Anterograde Trans-Synaptic Signaling
CPX-8772,GO:0098916,Anterograde Trans-Synaptic Signaling
CPX-8773,GO:0098916,Anterograde Trans-Synaptic Signaling
CACNA1F,GO:0098916,Anterograde Trans-Synaptic Signaling
GRIA3,GO:0098916,Anterograde Trans-Synaptic Signaling
CASK,GO:0098916,Anterograde Trans-Synaptic Signaling
CHRM3,GO:0098916,Anterograde Trans-Synaptic Signaling
ADRA2A,GO:0098916,Anterograde Trans-Synaptic Signaling
MKRN3,GO:0098916,Anterograde Trans-Synaptic Signaling
ADARB1,GO:0098916,Anterograde Trans-Synaptic Signaling
KCNA1,GO:0098916,Anterograde Trans-Synaptic Signaling
SLC6A1,GO:0098916,Anterograde Trans-Synaptic Signaling
MAGEL2,GO:0098916,Anterograde Trans-Synaptic Signaling
STX1A,GO:0098916,Anterograde Trans-Synaptic Signaling
SLC1A1,GO:0098916,Anterograde Trans-Synaptic Signaling
GPD1L,GO:0098916,Anterograde Trans-Synaptic Signaling
CPX-2179,GO:0098916,Anterograde Trans-Synaptic Signaling
KCNQ2,GO:0098916,Anterograde Trans-Synaptic Signaling
CHRM5,GO:0098916,Anterograde Trans-Synaptic Signaling
PDE4B,GO:0098916,Anterograde Trans-Synaptic Signaling
CHRM4,GO:0098916,Anterograde Trans-Synaptic Signaling
PKP2,GO:0098916,Anterograde Trans-Synaptic Signaling
CPX-3271,GO:0098916,Anterograde Trans-Synaptic Signaling
CPX-2424,GO:0098916,Anterograde Trans-Synaptic Signaling
CPX-2443,GO:0098916,Anterograde Trans-Synaptic Signaling
CPX-2453,GO:0098916,Anterograde Trans-Synaptic Signaling
CPX-2454,GO:0098916,Anterograde Trans-Synaptic Signaling
CPX-2455,GO:0098916,Anterograde Trans-Synaptic Signaling
CPX-3071,GO:0098916,Anterograde Trans-Synaptic Signaling
KCNA5,GO:0098916,Anterograde Trans-Synaptic Signaling
TRPM4,GO:0098916,Anterograde Trans-Synaptic Signaling
CPX-197,GO:0098916,Anterograde Trans-Synaptic Signaling
CPX-199,GO:0098916,Anterograde Trans-Synaptic Signaling
CASQ2,GO:0098916,Anterograde Trans-Synaptic Signaling
DSG2,GO:0098916,Anterograde Trans-Synaptic Signaling
CPX-131,GO:0098916,Anterograde Trans-Synaptic Signaling
KCNQ4,GO:0098916,Anterograde Trans-Synaptic Signaling
KCNN2,GO:0098916,Anterograde Trans-Synaptic Signaling
KCNC1,GO:0098916,Anterograde Trans-Synaptic Signaling
CPX-8639,GO:0098916,Anterograde Trans-Synaptic Signaling
CPX-8640,GO:0098916,Anterograde Trans-Synaptic Signaling
CPX-8643,GO:0098916,Anterograde Trans-Synaptic Signaling
CPX-8644,GO:0098916,Anterograde Trans-Synaptic Signaling
CPX-8661,GO:0098916,Anterograde Trans-Synaptic Signaling
CPX-8662,GO:0098916,Anterograde Trans-Synaptic Signaling
CPX-8665,GO:0098916,Anterograde Trans-Synaptic Signaling
CPX-8667,GO:0098916,Anterograde Trans-Synaptic Signaling
CPX-8669,GO:0098916,Anterograde Trans-Synaptic Signaling
CPX-8671,GO:0098916,Anterograde Trans-Synaptic Signaling
CPX-8677,GO:0098916,Anterograde Trans-Synaptic Signaling
CPX-8680,GO:0098916,Anterograde Trans-Synaptic Signaling
CPX-8681,GO:0098916,Anterograde Trans-Synaptic Signaling
CPX-8684,GO:0098916,Anterograde Trans-Synaptic Signaling
CPX-8685,GO:0098916,Anterograde Trans-Synaptic Signaling
CPX-8690,GO:0098916,Anterograde Trans-Synaptic Signaling
CPX-8691,GO:0098916,Anterograde Trans-Synaptic Signaling
CPX-8694,GO:0098916,Anterograde Trans-Synaptic Signaling
DSC2,GO:0098916,Anterograde Trans-Synaptic Signaling
CPX-8663,GO:0098916,Anterograde Trans-Synaptic Signaling
CPX-8664,GO:0098916,Anterograde Trans-Synaptic Signaling
KCNMA1,GO:0098916,Anterograde Trans-Synaptic Signaling
CPX-8641,GO:0098916,Anterograde Trans-Synaptic Signaling
CPX-8642,GO:0098916,Anterograde Trans-Synaptic Signaling
TMEM43,GO:0098916,Anterograde Trans-Synaptic Signaling
KCNK3,GO:0098916,Anterograde Trans-Synaptic Signaling
KCNE3,GO:0098916,Anterograde Trans-Synaptic Signaling
CPX-3256,GO:0098916,Anterograde Trans-Synaptic Signaling
CPX-8645,GO:0098916,Anterograde Trans-Synaptic Signaling
CPX-8646,GO:0098916,Anterograde Trans-Synaptic Signaling
CPX-8666,GO:0098916,Anterograde Trans-Synaptic Signaling
CPX-8668,GO:0098916,Anterograde Trans-Synaptic Signaling
CPX-8670,GO:0098916,Anterograde Trans-Synaptic Signaling
CPX-8672,GO:0098916,Anterograde Trans-Synaptic Signaling
CPX-8678,GO:0098916,Anterograde Trans-Synaptic Signaling
CPX-8679,GO:0098916,Anterograde Trans-Synaptic Signaling
CPX-8682,GO:0098916,Anterograde Trans-Synaptic Signaling
CPX-8683,GO:0098916,Anterograde Trans-Synaptic Signaling
CPX-8686,GO:0098916,Anterograde Trans-Synaptic Signaling
CPX-8687,GO:0098916,Anterograde Trans-Synaptic Signaling
CPX-8692,GO:0098916,Anterograde Trans-Synaptic Signaling
CPX-8693,GO:0098916,Anterograde Trans-Synaptic Signaling
KCNA4,GO:0098916,Anterograde Trans-Synaptic Signaling
TRDN,GO:0098916,Anterograde Trans-Synaptic Signaling
CACNA1H,GO:0098916,Anterograde Trans-Synaptic Signaling
CAV3,GO:0098916,Anterograde Trans-Synaptic Signaling
KCNQ5,GO:0098916,Anterograde Trans-Synaptic Signaling
CPX-195,GO:0098916,Anterograde Trans-Synaptic Signaling
MYH7,GO:0098916,Anterograde Trans-Synaptic Signaling
AKAP9,GO:0098916,Anterograde Trans-Synaptic Signaling
ANK2,GO:0098916,Anterograde Trans-Synaptic Signaling
CACNA1G,GO:0098916,Anterograde Trans-Synaptic Signaling
DSC3,GO:0098916,Anterograde Trans-Synaptic Signaling
ACTN2,GO:0098916,Anterograde Trans-Synaptic Signaling
KCNB1,GO:0098916,Anterograde Trans-Synaptic Signaling
KCNT1,GO:0098916,Anterograde Trans-Synaptic Signaling
KCNE5,GO:0098916,Anterograde Trans-Synaptic Signaling
KCNQ3,GO:0098916,Anterograde Trans-Synaptic Signaling
KCNK2,GO:0098916,Anterograde Trans-Synaptic Signaling
KCNC3,GO:0098916,Anterograde Trans-Synaptic Signaling
MYBPC3,GO:0098916,Anterograde Trans-Synaptic Signaling
TTN,GO:0098916,Anterograde Trans-Synaptic Signaling
KCNN3,GO:0098916,Anterograde Trans-Synaptic Signaling
GJA5,GO:0098916,Anterograde Trans-Synaptic Signaling
KCNA2,GO:0098916,Anterograde Trans-Synaptic Signaling
KCNN4,GO:0098916,Anterograde Trans-Synaptic Signaling
STX1B,GO:0098916,Anterograde Trans-Synaptic Signaling
SYN1,GO:0098916,Anterograde Trans-Synaptic Signaling
BACE2,GO:0098916,Anterograde Trans-Synaptic Signaling
CPX-8305,GO:0098916,Anterograde Trans-Synaptic Signaling
CPX-8306,GO:0098916,Anterograde Trans-Synaptic Signaling
CPX-8322,GO:0098916,Anterograde Trans-Synaptic Signaling
SLC9A6,GO:0098916,Anterograde Trans-Synaptic Signaling
STXBP1,GO:0098916,Anterograde Trans-Synaptic Signaling
CAMK2B,GO:0098916,Anterograde Trans-Synaptic Signaling
SPTBN4,GO:0098916,Anterograde Trans-Synaptic Signaling
SPTAN1,GO:0098916,Anterograde Trans-Synaptic Signaling
BRS3,GO:0098916,Anterograde Trans-Synaptic Signaling
KCNC2,GO:0098916,Anterograde Trans-Synaptic Signaling
PRDM12,GO:0098916,Anterograde Trans-Synaptic Signaling
CPX-3135,GO:0098916,Anterograde Trans-Synaptic Signaling
ABCA2,GO:0098916,Anterograde Trans-Synaptic Signaling
CALM2,GO:0098916,Anterograde Trans-Synaptic Signaling
GRIA4,GO:0098916,Anterograde Trans-Synaptic Signaling
NPY1R,GO:0098916,Anterograde Trans-Synaptic Signaling
GRID2,GO:0098916,Anterograde Trans-Synaptic Signaling
CACNG2,GO:0098916,Anterograde Trans-Synaptic Signaling
ATP2B3,GO:0098916,Anterograde Trans-Synaptic Signaling
ATP2B2,GO:0098916,Anterograde Trans-Synaptic Signaling
SYNGAP1,GO:0098916,Anterograde Trans-Synaptic Signaling
DOCK3,GO:0098916,Anterograde Trans-Synaptic Signaling
RAPSN,GO:0098916,Anterograde Trans-Synaptic Signaling
DOK7,GO:0098916,Anterograde Trans-Synaptic Signaling
MUSK,GO:0098916,Anterograde Trans-Synaptic Signaling
LRP4,GO:0098916,Anterograde Trans-Synaptic Signaling
COLQ,GO:0098916,Anterograde Trans-Synaptic Signaling
CPX-236,GO:0098916,Anterograde Trans-Synaptic Signaling
COCH,GO:0098916,Anterograde Trans-Synaptic Signaling
CASQ1,GO:0098916,Anterograde Trans-Synaptic Signaling
CNTN2,GO:0098916,Anterograde Trans-Synaptic Signaling
NRCAM,GO:0098916,Anterograde Trans-Synaptic Signaling
SLC12A5,GO:0098916,Anterograde Trans-Synaptic Signaling
CNTN1,GO:0098916,Anterograde Trans-Synaptic Signaling
SATB2,GO:0098916,Anterograde Trans-Synaptic Signaling
SLURP1,GO:0098916,Anterograde Trans-Synaptic Signaling
ALG14,GO:0098916,Anterograde Trans-Synaptic Signaling
MTM1,GO:0098916,Anterograde Trans-Synaptic Signaling
PREPL,GO:0098916,Anterograde Trans-Synaptic Signaling
NRG1,GO:0098916,Anterograde Trans-Synaptic Signaling
NCDN,GO:0098916,Anterograde Trans-Synaptic Signaling
SPTBN1,GO:0098916,Anterograde Trans-Synaptic Signaling
RIMS1,GO:0098916,Anterograde Trans-Synaptic Signaling
PRKG2,GO:0098916,Anterograde Trans-Synaptic Signaling
ASPH,GO:0098916,Anterograde Trans-Synaptic Signaling
TRPV4,GO:0098916,Anterograde Trans-Synaptic Signaling
TRPC3,GO:0098916,Anterograde Trans-Synaptic Signaling
ITPR2,GO:0098916,Anterograde Trans-Synaptic Signaling
CACNA1A,GO:0098916,Anterograde Trans-Synaptic Signaling
ATP1A2,GO:0098916,Anterograde Trans-Synaptic Signaling
MYOZ2,GO:0098916,Anterograde Trans-Synaptic Signaling
IGBP1,GO:0098916,Anterograde Trans-Synaptic Signaling
ATP2B1,GO:0098916,Anterograde Trans-Synaptic Signaling
CNTNAP1,GO:0098916,Anterograde Trans-Synaptic Signaling
ORAI1,GO:0098916,Anterograde Trans-Synaptic Signaling
P2RX3,GO:0098916,Anterograde Trans-Synaptic Signaling
FGF14,GO:0098916,Anterograde Trans-Synaptic Signaling
MYL4,GO:0098916,Anterograde Trans-Synaptic Signaling
CPX-7667,GO:0098916,Anterograde Trans-Synaptic Signaling
CPX-7668,GO:0098916,Anterograde Trans-Synaptic Signaling
CPX-6231,GO:0098916,Anterograde Trans-Synaptic Signaling
RBM20,GO:0098916,Anterograde Trans-Synaptic Signaling
CPX-7722,GO:0098916,Anterograde Trans-Synaptic Signaling
CPX-2659,GO:0098916,Anterograde Trans-Synaptic Signaling
CPX-101,GO:0098916,Anterograde Trans-Synaptic Signaling
ANO5,GO:0098916,Anterograde Trans-Synaptic Signaling
MYPN,GO:0098916,Anterograde Trans-Synaptic Signaling
SELENON,GO:0098916,Anterograde Trans-Synaptic Signaling
DYSF,GO:0098916,Anterograde Trans-Synaptic Signaling
LDB3,GO:0098916,Anterograde Trans-Synaptic Signaling
CSRP3,GO:0098916,Anterograde Trans-Synaptic Signaling
MYL3,GO:0098916,Anterograde Trans-Synaptic Signaling
HPCA,GO:0098916,Anterograde Trans-Synaptic Signaling
NOVA2,GO:0098916,Anterograde Trans-Synaptic Signaling
JPH3,GO:0098916,Anterograde Trans-Synaptic Signaling
SIX5,GO:0098916,Anterograde Trans-Synaptic Signaling
DMPK,GO:0098916,Anterograde Trans-Synaptic Signaling
ATP2A1,GO:0098916,Anterograde Trans-Synaptic Signaling
TNNT3,GO:0098916,Anterograde Trans-Synaptic Signaling
AVIL,GO:0098916,Anterograde Trans-Synaptic Signaling
SLC12A2,GO:0098916,Anterograde Trans-Synaptic Signaling
TRPV3,GO:0098916,Anterograde Trans-Synaptic Signaling
TRPM2,GO:0098916,Anterograde Trans-Synaptic Signaling
KCNK4,GO:0098916,Anterograde Trans-Synaptic Signaling
PIEZO2,GO:0098916,Anterograde Trans-Synaptic Signaling
BVES,GO:0098916,Anterograde Trans-Synaptic Signaling
KCNJ16,GO:0098916,Anterograde Trans-Synaptic Signaling
KCNJ10,GO:0098916,Anterograde Trans-Synaptic Signaling
STAC3,GO:0098916,Anterograde Trans-Synaptic Signaling
CPX-5021,GO:0098916,Anterograde Trans-Synaptic Signaling
ARMC5,GO:0098916,Anterograde Trans-Synaptic Signaling
CDKL5,GO:0098916,Anterograde Trans-Synaptic Signaling
TENM4,GO:0098916,Anterograde Trans-Synaptic Signaling
CATSPER1,GO:0098916,Anterograde Trans-Synaptic Signaling
RASGRP2,GO:0098916,Anterograde Trans-Synaptic Signaling
SHANK2,GO:0098916,Anterograde Trans-Synaptic Signaling
CPX-51,GO:0098916,Anterograde Trans-Synaptic Signaling
CACNA1E,GO:0098916,Anterograde Trans-Synaptic Signaling
JPH2,GO:0098916,Anterograde Trans-Synaptic Signaling
PCDH19,GO:0098916,Anterograde Trans-Synaptic Signaling
CATSPER2,GO:0098916,Anterograde Trans-Synaptic Signaling
IRX5,GO:0098916,Anterograde Trans-Synaptic Signaling
RASGRP3,GO:0098916,Anterograde Trans-Synaptic Signaling
FGF12,GO:0098916,Anterograde Trans-Synaptic Signaling
OBSCN,GO:0098916,Anterograde Trans-Synaptic Signaling
ZIC1,GO:0098916,Anterograde Trans-Synaptic Signaling
CPX-2499,GO:0098916,Anterograde Trans-Synaptic Signaling
CPX-6226,GO:0098916,Anterograde Trans-Synaptic Signaling
GPHN,GO:0098916,Anterograde Trans-Synaptic Signaling
PCLO,GO:0098916,Anterograde Trans-Synaptic Signaling
OR51E2,GO:0098916,Anterograde Trans-Synaptic Signaling
CLCN2,GO:0098916,Anterograde Trans-Synaptic Signaling
SLC25A22,GO:0098916,Anterograde Trans-Synaptic Signaling
NFASC,GO:0098916,Anterograde Trans-Synaptic Signaling
NLGN3,GO:0098916,Anterograde Trans-Synaptic Signaling
LGI1,GO:0098916,Anterograde Trans-Synaptic Signaling
ARX,GO:0098916,Anterograde Trans-Synaptic Signaling
ALG13,GO:0098916,Anterograde Trans-Synaptic Signaling
SPTBN2,GO:0098916,Anterograde Trans-Synaptic Signaling
ATP1A3,GO:0098916,Anterograde Trans-Synaptic Signaling
PRRT2,GO:0098916,Anterograde Trans-Synaptic Signaling
SLC9A7,GO:0098916,Anterograde Trans-Synaptic Signaling
TBC1D24,GO:0098916,Anterograde Trans-Synaptic Signaling
NIPA1,GO:0098916,Anterograde Trans-Synaptic Signaling
CPLX1,GO:0098916,Anterograde Trans-Synaptic Signaling
RIMS2,GO:0098916,Anterograde Trans-Synaptic Signaling
KCNH1,GO:0098916,Anterograde Trans-Synaptic Signaling
IL1RAPL1,GO:0098916,Anterograde Trans-Synaptic Signaling
IQSEC2,GO:0098916,Anterograde Trans-Synaptic Signaling
FAT2,GO:0098916,Anterograde Trans-Synaptic Signaling
RTN2,GO:0098916,Anterograde Trans-Synaptic Signaling
EFHC1,GO:0098916,Anterograde Trans-Synaptic Signaling
TSPYL1,GO:0098916,Anterograde Trans-Synaptic Signaling
EVC2,GO:0098916,Anterograde Trans-Synaptic Signaling
GDF6,GO:0098916,Anterograde Trans-Synaptic Signaling
OPCML,GO:0098916,Anterograde Trans-Synaptic Signaling
MYLK2,GO:0098916,Anterograde Trans-Synaptic Signaling
TBX20,GO:0098916,Anterograde Trans-Synaptic Signaling
ARHGEF9,GO:0098916,Anterograde Trans-Synaptic Signaling
CPX-7844,GO:0098916,Anterograde Trans-Synaptic Signaling
STK32B,GO:0098916,Anterograde Trans-Synaptic Signaling
TMEM260,GO:0098916,Anterograde Trans-Synaptic Signaling
SLC6A5,GO:0098916,Anterograde Trans-Synaptic Signaling
KCNJ18,GO:0098916,Anterograde Trans-Synaptic Signaling
TNNT1,GO:0098916,Anterograde Trans-Synaptic Signaling
CLIC2,GO:0098916,Anterograde Trans-Synaptic Signaling
TECRL,GO:0098916,Anterograde Trans-Synaptic Signaling
BEAN1,GO:0098916,Anterograde Trans-Synaptic Signaling
GABRR1,GO:0098916,Anterograde Trans-Synaptic Signaling
CRYBA2,GO:0098916,Anterograde Trans-Synaptic Signaling
MAB21L2,GO:0098916,Anterograde Trans-Synaptic Signaling
KCNT2,GO:0098916,Anterograde Trans-Synaptic Signaling
DAOA,GO:0098916,Anterograde Trans-Synaptic Signaling
CAMK2A,GO:0098916,Anterograde Trans-Synaptic Signaling
KCNK9,GO:0098916,Anterograde Trans-Synaptic Signaling
KCNJ8,GO:0098916,Anterograde Trans-Synaptic Signaling
MYT1L,GO:0098916,Anterograde Trans-Synaptic Signaling
MYT1,GO:0098916,Anterograde Trans-Synaptic Signaling
PNPO,GO:0098916,Anterograde Trans-Synaptic Signaling
CPX-5663,GO:0098916,Anterograde Trans-Synaptic Signaling
PDGFRB,GO:2000278,Regulation Of DNA Biosynthetic Process
CCR2,GO:2000278,Regulation Of DNA Biosynthetic Process
SLC45A2,GO:2000278,Regulation Of DNA Biosynthetic Process
CPX-2201,GO:2000278,Regulation Of DNA Biosynthetic Process
NR4A2,GO:2000278,Regulation Of DNA Biosynthetic Process
TOR1A,GO:2000278,Regulation Of DNA Biosynthetic Process
ZNF148,GO:2000278,Regulation Of DNA Biosynthetic Process
FKBP5,GO:2000278,Regulation Of DNA Biosynthetic Process
FGFR1,GO:2000278,Regulation Of DNA Biosynthetic Process
IGF2,GO:2000278,Regulation Of DNA Biosynthetic Process
ADAR,GO:2000278,Regulation Of DNA Biosynthetic Process
FTH1,GO:2000278,Regulation Of DNA Biosynthetic Process
MARK2,GO:2000278,Regulation Of DNA Biosynthetic Process
PIK3CG,GO:2000278,Regulation Of DNA Biosynthetic Process
FLT1,GO:2000278,Regulation Of DNA Biosynthetic Process
APEX1,GO:2000278,Regulation Of DNA Biosynthetic Process
TOP2B,GO:2000278,Regulation Of DNA Biosynthetic Process
CPX-6266,GO:2000278,Regulation Of DNA Biosynthetic Process
DNA2,GO:2000278,Regulation Of DNA Biosynthetic Process
RAD52,GO:2000278,Regulation Of DNA Biosynthetic Process
TOP1,GO:2000278,Regulation Of DNA Biosynthetic Process
POLL,GO:2000278,Regulation Of DNA Biosynthetic Process
TDP2,GO:2000278,Regulation Of DNA Biosynthetic Process
CPX-2182,GO:2000278,Regulation Of DNA Biosynthetic Process
GRN,GO:2000278,Regulation Of DNA Biosynthetic Process
TUBB1,GO:2000278,Regulation Of DNA Biosynthetic Process
MAPK8IP1,GO:2000278,Regulation Of DNA Biosynthetic Process
TUBA4A,GO:2000278,Regulation Of DNA Biosynthetic Process
HSPB1,GO:2000278,Regulation Of DNA Biosynthetic Process
SIRT2,GO:2000278,Regulation Of DNA Biosynthetic Process
TUBB2B,GO:2000278,Regulation Of DNA Biosynthetic Process
CPX-329,GO:2000278,Regulation Of DNA Biosynthetic Process
CPX-6030,GO:2000278,Regulation Of DNA Biosynthetic Process
TUBA3D,GO:2000278,Regulation Of DNA Biosynthetic Process
P4HB,GO:2000278,Regulation Of DNA Biosynthetic Process
TBK1,GO:2000278,Regulation Of DNA Biosynthetic Process
TUBA8,GO:2000278,Regulation Of DNA Biosynthetic Process
TUBB,GO:2000278,Regulation Of DNA Biosynthetic Process
TUBB4B,GO:2000278,Regulation Of DNA Biosynthetic Process
HNRNPA1,GO:2000278,Regulation Of DNA Biosynthetic Process
HNRNPA2B1,GO:2000278,Regulation Of DNA Biosynthetic Process
CPX-7764,GO:2000278,Regulation Of DNA Biosynthetic Process
CPX-7782,GO:2000278,Regulation Of DNA Biosynthetic Process
DCTN1,GO:2000278,Regulation Of DNA Biosynthetic Process
PINK1,GO:2000278,Regulation Of DNA Biosynthetic Process
PRKCZ,GO:2000278,Regulation Of DNA Biosynthetic Process
OPTN,GO:2000278,Regulation Of DNA Biosynthetic Process
TMEM106B,GO:2000278,Regulation Of DNA Biosynthetic Process
MAPK9,GO:2000278,Regulation Of DNA Biosynthetic Process
TIA1,GO:2000278,Regulation Of DNA Biosynthetic Process
KIF5A,GO:2000278,Regulation Of DNA Biosynthetic Process
ATXN2,GO:2000278,Regulation Of DNA Biosynthetic Process
WWOX,GO:2000278,Regulation Of DNA Biosynthetic Process
TAF15,GO:2000278,Regulation Of DNA Biosynthetic Process
CIB1,GO:2000278,Regulation Of DNA Biosynthetic Process
CPX-8073,GO:2000278,Regulation Of DNA Biosynthetic Process
CPX-2393,GO:2000278,Regulation Of DNA Biosynthetic Process
CPX-7482,GO:2000278,Regulation Of DNA Biosynthetic Process
CPX-2511,GO:2000278,Regulation Of DNA Biosynthetic Process
CPX-2386,GO:2000278,Regulation Of DNA Biosynthetic Process
SIL1,GO:2000278,Regulation Of DNA Biosynthetic Process
HNMT,GO:2000278,Regulation Of DNA Biosynthetic Process
PTGDR,GO:2000278,Regulation Of DNA Biosynthetic Process
GTPBP4,GO:2000278,Regulation Of DNA Biosynthetic Process
ISG15,GO:2000278,Regulation Of DNA Biosynthetic Process
CPX-688,GO:2000278,Regulation Of DNA Biosynthetic Process
H1-4,GO:2000278,Regulation Of DNA Biosynthetic Process
KDM3B,GO:2000278,Regulation Of DNA Biosynthetic Process
NOG,GO:2000278,Regulation Of DNA Biosynthetic Process
PHF8,GO:2000278,Regulation Of DNA Biosynthetic Process
H3-3A,GO:2000278,Regulation Of DNA Biosynthetic Process
KDM5B,GO:2000278,Regulation Of DNA Biosynthetic Process
CPX-727,GO:2000278,Regulation Of DNA Biosynthetic Process
CPX-738,GO:2000278,Regulation Of DNA Biosynthetic Process
ASH1L,GO:2000278,Regulation Of DNA Biosynthetic Process
KDM5A,GO:2000278,Regulation Of DNA Biosynthetic Process
SETD2,GO:2000278,Regulation Of DNA Biosynthetic Process
NSD1,GO:2000278,Regulation Of DNA Biosynthetic Process
TBL1X,GO:2000278,Regulation Of DNA Biosynthetic Process
EIF2AK1,GO:2000278,Regulation Of DNA Biosynthetic Process
MPO,GO:2000278,Regulation Of DNA Biosynthetic Process
EIF2AK4,GO:2000278,Regulation Of DNA Biosynthetic Process
PRDX3,GO:2000278,Regulation Of DNA Biosynthetic Process
MAPK7,GO:2000278,Regulation Of DNA Biosynthetic Process
STK11,GO:2000278,Regulation Of DNA Biosynthetic Process
GPX4,GO:2000278,Regulation Of DNA Biosynthetic Process
OCLN,GO:2000278,Regulation Of DNA Biosynthetic Process
FOXD3,GO:2000278,Regulation Of DNA Biosynthetic Process
NOX1,GO:2000278,Regulation Of DNA Biosynthetic Process
CHD6,GO:2000278,Regulation Of DNA Biosynthetic Process
CPX-2479,GO:2000278,Regulation Of DNA Biosynthetic Process
FTL,GO:2000278,Regulation Of DNA Biosynthetic Process
ESRRB,GO:2000278,Regulation Of DNA Biosynthetic Process
SIRT3,GO:2000278,Regulation Of DNA Biosynthetic Process
CPX-8182,GO:2000278,Regulation Of DNA Biosynthetic Process
AKT2,GO:2000278,Regulation Of DNA Biosynthetic Process
CPX-2496,GO:2000278,Regulation Of DNA Biosynthetic Process
CPX-6415,GO:2000278,Regulation Of DNA Biosynthetic Process
CPX-6473,GO:2000278,Regulation Of DNA Biosynthetic Process
CPX-6543,GO:2000278,Regulation Of DNA Biosynthetic Process
CPX-6784,GO:2000278,Regulation Of DNA Biosynthetic Process
CPX-70,GO:2000278,Regulation Of DNA Biosynthetic Process
CPX-7004,GO:2000278,Regulation Of DNA Biosynthetic Process
CPX-7064,GO:2000278,Regulation Of DNA Biosynthetic Process
CPX-7106,GO:2000278,Regulation Of DNA Biosynthetic Process
CPX-2865,GO:2000278,Regulation Of DNA Biosynthetic Process
CPX-419,GO:2000278,Regulation Of DNA Biosynthetic Process
ACTA2,GO:2000278,Regulation Of DNA Biosynthetic Process
CPX-3227,GO:2000278,Regulation Of DNA Biosynthetic Process
TCF3,GO:2000278,Regulation Of DNA Biosynthetic Process
NOTCH3,GO:2000278,Regulation Of DNA Biosynthetic Process
CPX-733,GO:2000278,Regulation Of DNA Biosynthetic Process
CPX-736,GO:2000278,Regulation Of DNA Biosynthetic Process
CPX-739,GO:2000278,Regulation Of DNA Biosynthetic Process
CPX-740,GO:2000278,Regulation Of DNA Biosynthetic Process
HDAC11,GO:2000278,Regulation Of DNA Biosynthetic Process
CPX-6271,GO:2000278,Regulation Of DNA Biosynthetic Process
ESCO2,GO:2000278,Regulation Of DNA Biosynthetic Process
BAZ1B,GO:2000278,Regulation Of DNA Biosynthetic Process
H1-0,GO:2000278,Regulation Of DNA Biosynthetic Process
CPX-718,GO:2000278,Regulation Of DNA Biosynthetic Process
CPX-719,GO:2000278,Regulation Of DNA Biosynthetic Process
CPX-720,GO:2000278,Regulation Of DNA Biosynthetic Process
CPX-721,GO:2000278,Regulation Of DNA Biosynthetic Process
CPX-722,GO:2000278,Regulation Of DNA Biosynthetic Process
CPX-723,GO:2000278,Regulation Of DNA Biosynthetic Process
CDK9,GO:2000278,Regulation Of DNA Biosynthetic Process
HDAC8,GO:2000278,Regulation Of DNA Biosynthetic Process
TBX6,GO:2000278,Regulation Of DNA Biosynthetic Process
BRD2,GO:2000278,Regulation Of DNA Biosynthetic Process
EOMES,GO:2000278,Regulation Of DNA Biosynthetic Process
TBL1XR1,GO:2000278,Regulation Of DNA Biosynthetic Process
HMGA2,GO:2000278,Regulation Of DNA Biosynthetic Process
NUTM1,GO:2000278,Regulation Of DNA Biosynthetic Process
CHD1,GO:2000278,Regulation Of DNA Biosynthetic Process
UBTF,GO:2000278,Regulation Of DNA Biosynthetic Process
BRD3,GO:2000278,Regulation Of DNA Biosynthetic Process
NSD3,GO:2000278,Regulation Of DNA Biosynthetic Process
SMARCAD1,GO:2000278,Regulation Of DNA Biosynthetic Process
ATRX,GO:2000278,Regulation Of DNA Biosynthetic Process
BANF1,GO:2000278,Regulation Of DNA Biosynthetic Process
ZEB2,GO:2000278,Regulation Of DNA Biosynthetic Process
TYMS,GO:2000278,Regulation Of DNA Biosynthetic Process
MET,GO:2000278,Regulation Of DNA Biosynthetic Process
CSF1,GO:2000278,Regulation Of DNA Biosynthetic Process
CD24,GO:2000278,Regulation Of DNA Biosynthetic Process
CPX-660,GO:2000278,Regulation Of DNA Biosynthetic Process
CPX-661,GO:2000278,Regulation Of DNA Biosynthetic Process
USP2,GO:2000278,Regulation Of DNA Biosynthetic Process
CPX-1027,GO:2000278,Regulation Of DNA Biosynthetic Process
CPX-1032,GO:2000278,Regulation Of DNA Biosynthetic Process
CPX-1055,GO:2000278,Regulation Of DNA Biosynthetic Process
CPX-1057,GO:2000278,Regulation Of DNA Biosynthetic Process
CPX-1060,GO:2000278,Regulation Of DNA Biosynthetic Process
CPX-1064,GO:2000278,Regulation Of DNA Biosynthetic Process
CPX-1066,GO:2000278,Regulation Of DNA Biosynthetic Process
HPRT1,GO:2000278,Regulation Of DNA Biosynthetic Process
USP9X,GO:2000278,Regulation Of DNA Biosynthetic Process
CPX-2363,GO:2000278,Regulation Of DNA Biosynthetic Process
MYSM1,GO:2000278,Regulation Of DNA Biosynthetic Process
CPX-5662,GO:2000278,Regulation Of DNA Biosynthetic Process
DNAJB6,GO:2000278,Regulation Of DNA Biosynthetic Process
RAB7A,GO:2000278,Regulation Of DNA Biosynthetic Process
ATP6V1B2,GO:2000278,Regulation Of DNA Biosynthetic Process
PPIB,GO:2000278,Regulation Of DNA Biosynthetic Process
HSPB3,GO:2000278,Regulation Of DNA Biosynthetic Process
MMP1,GO:2000278,Regulation Of DNA Biosynthetic Process
HSPD1,GO:2000278,Regulation Of DNA Biosynthetic Process
ELN,GO:2000278,Regulation Of DNA Biosynthetic Process
CPX-5769,GO:2000278,Regulation Of DNA Biosynthetic Process
LONP1,GO:2000278,Regulation Of DNA Biosynthetic Process
TLR9,GO:2000278,Regulation Of DNA Biosynthetic Process
BAG3,GO:2000278,Regulation Of DNA Biosynthetic Process
HLA-A,GO:2000278,Regulation Of DNA Biosynthetic Process
CPX-2375,GO:2000278,Regulation Of DNA Biosynthetic Process
DNAJB11,GO:2000278,Regulation Of DNA Biosynthetic Process
SSBP1,GO:2000278,Regulation Of DNA Biosynthetic Process
CPX-7121,GO:2000278,Regulation Of DNA Biosynthetic Process
ACVR1B,GO:2000278,Regulation Of DNA Biosynthetic Process
CPX-5661,GO:2000278,Regulation Of DNA Biosynthetic Process
CPX-1080,GO:2000278,Regulation Of DNA Biosynthetic Process
FDFT1,GO:2000278,Regulation Of DNA Biosynthetic Process
CENPE,GO:2000278,Regulation Of DNA Biosynthetic Process
TK1,GO:2000278,Regulation Of DNA Biosynthetic Process
RECQL4,GO:2000278,Regulation Of DNA Biosynthetic Process
PLD2,GO:2000278,Regulation Of DNA Biosynthetic Process
FRYL,GO:2000278,Regulation Of DNA Biosynthetic Process
PSAP,GO:2000278,Regulation Of DNA Biosynthetic Process
SLC2A3,GO:2000278,Regulation Of DNA Biosynthetic Process
ATP7A,GO:2000278,Regulation Of DNA Biosynthetic Process
LRP5,GO:2000278,Regulation Of DNA Biosynthetic Process
ADA,GO:2000278,Regulation Of DNA Biosynthetic Process
ACKR3,GO:2000278,Regulation Of DNA Biosynthetic Process
BCL11B,GO:2000278,Regulation Of DNA Biosynthetic Process
SRGAP2,GO:2000278,Regulation Of DNA Biosynthetic Process
PRKCQ,GO:2000278,Regulation Of DNA Biosynthetic Process
IL13,GO:2000278,Regulation Of DNA Biosynthetic Process
EPS15,GO:2000278,Regulation Of DNA Biosynthetic Process
CPX-6036,GO:2000278,Regulation Of DNA Biosynthetic Process
LBR,GO:2000278,Regulation Of DNA Biosynthetic Process
SET,GO:2000278,Regulation Of DNA Biosynthetic Process
BRDT,GO:2000278,Regulation Of DNA Biosynthetic Process
WEE1,GO:2000278,Regulation Of DNA Biosynthetic Process
MYO5B,GO:2000278,Regulation Of DNA Biosynthetic Process
XPR1,GO:2000278,Regulation Of DNA Biosynthetic Process
TJP2,GO:2000278,Regulation Of DNA Biosynthetic Process
CLDN1,GO:2000278,Regulation Of DNA Biosynthetic Process
ANPEP,GO:2000278,Regulation Of DNA Biosynthetic Process
AFP,GO:2000278,Regulation Of DNA Biosynthetic Process
TGFBR1,GO:2000278,Regulation Of DNA Biosynthetic Process
TMEM97,GO:2000278,Regulation Of DNA Biosynthetic Process
CA1,GO:2000278,Regulation Of DNA Biosynthetic Process
ACP5,GO:2000278,Regulation Of DNA Biosynthetic Process
MMP13,GO:2000278,Regulation Of DNA Biosynthetic Process
LRP6,GO:2000278,Regulation Of DNA Biosynthetic Process
CPX-1749,GO:2000278,Regulation Of DNA Biosynthetic Process
TGFBR2,GO:2000278,Regulation Of DNA Biosynthetic Process
CPX-1750,GO:2000278,Regulation Of DNA Biosynthetic Process
CPX-1713,GO:2000278,Regulation Of DNA Biosynthetic Process
TNFSF11,GO:2000278,Regulation Of DNA Biosynthetic Process
FSHR,GO:2000278,Regulation Of DNA Biosynthetic Process
ACAN,GO:2000278,Regulation Of DNA Biosynthetic Process
SP7,GO:2000278,Regulation Of DNA Biosynthetic Process
ATXN1,GO:2000278,Regulation Of DNA Biosynthetic Process
CPX-605,GO:2000278,Regulation Of DNA Biosynthetic Process
CPX-834,GO:2000278,Regulation Of DNA Biosynthetic Process
MATR3,GO:2000278,Regulation Of DNA Biosynthetic Process
CPX-222,GO:2000278,Regulation Of DNA Biosynthetic Process
CPX-2522,GO:2000278,Regulation Of DNA Biosynthetic Process
CPX-2535,GO:2000278,Regulation Of DNA Biosynthetic Process
CPX-2849,GO:2000278,Regulation Of DNA Biosynthetic Process
CPX-707,GO:2000278,Regulation Of DNA Biosynthetic Process
MAP2K3,GO:2000278,Regulation Of DNA Biosynthetic Process
TRIM33,GO:2000278,Regulation Of DNA Biosynthetic Process
ROS1,GO:2000278,Regulation Of DNA Biosynthetic Process
AFF1,GO:2000278,Regulation Of DNA Biosynthetic Process
NAMPT,GO:2000278,Regulation Of DNA Biosynthetic Process
EGR2,GO:2000278,Regulation Of DNA Biosynthetic Process
MTUS1,GO:2000278,Regulation Of DNA Biosynthetic Process
CD81,GO:2000278,Regulation Of DNA Biosynthetic Process
CPT1A,GO:2000278,Regulation Of DNA Biosynthetic Process
MARCHF6,GO:2000278,Regulation Of DNA Biosynthetic Process
RNF139,GO:2000278,Regulation Of DNA Biosynthetic Process
PNPLA2,GO:2000278,Regulation Of DNA Biosynthetic Process
ICMT,GO:2000278,Regulation Of DNA Biosynthetic Process
HK1,GO:2000278,Regulation Of DNA Biosynthetic Process
HGF,GO:2000278,Regulation Of DNA Biosynthetic Process
EPO,GO:2000278,Regulation Of DNA Biosynthetic Process
CPX-2544,GO:2000278,Regulation Of DNA Biosynthetic Process
CPX-606,GO:2000278,Regulation Of DNA Biosynthetic Process
ACVR2A,GO:2000278,Regulation Of DNA Biosynthetic Process
BMP4,GO:2000278,Regulation Of DNA Biosynthetic Process
JAG1,GO:2000278,Regulation Of DNA Biosynthetic Process
PDGFRA,GO:2000278,Regulation Of DNA Biosynthetic Process
SMAD7,GO:2000278,Regulation Of DNA Biosynthetic Process
PRDM16,GO:2000278,Regulation Of DNA Biosynthetic Process
TBXT,GO:2000278,Regulation Of DNA Biosynthetic Process
SOX17,GO:2000278,Regulation Of DNA Biosynthetic Process
CPX-1714,GO:2000278,Regulation Of DNA Biosynthetic Process
FGF5,GO:2000278,Regulation Of DNA Biosynthetic Process
TFE3,GO:2000278,Regulation Of DNA Biosynthetic Process
FGF8,GO:2000278,Regulation Of DNA Biosynthetic Process
ZMIZ1,GO:2000278,Regulation Of DNA Biosynthetic Process
ACVR2B,GO:2000278,Regulation Of DNA Biosynthetic Process
BMP2,GO:2000278,Regulation Of DNA Biosynthetic Process
FGF9,GO:2000278,Regulation Of DNA Biosynthetic Process
SRY,GO:2000278,Regulation Of DNA Biosynthetic Process
IRF7,GO:2000278,Regulation Of DNA Biosynthetic Process
TCF4,GO:2000278,Regulation Of DNA Biosynthetic Process
IRF3,GO:2000278,Regulation Of DNA Biosynthetic Process
TLR3,GO:2000278,Regulation Of DNA Biosynthetic Process
ARG1,GO:2000278,Regulation Of DNA Biosynthetic Process
IDO1,GO:2000278,Regulation Of DNA Biosynthetic Process
WNK4,GO:2000278,Regulation Of DNA Biosynthetic Process
SLC12A3,GO:2000278,Regulation Of DNA Biosynthetic Process
MYF5,GO:2000278,Regulation Of DNA Biosynthetic Process
UCP3,GO:2000278,Regulation Of DNA Biosynthetic Process
LEPR,GO:2000278,Regulation Of DNA Biosynthetic Process
ABHD5,GO:2000278,Regulation Of DNA Biosynthetic Process
TIMP3,GO:2000278,Regulation Of DNA Biosynthetic Process
AQP5,GO:2000278,Regulation Of DNA Biosynthetic Process
NR3C2,GO:2000278,Regulation Of DNA Biosynthetic Process
CPX-2470,GO:2000278,Regulation Of DNA Biosynthetic Process
CPX-6904,GO:2000278,Regulation Of DNA Biosynthetic Process
CPX-6905,GO:2000278,Regulation Of DNA Biosynthetic Process
CPX-6912,GO:2000278,Regulation Of DNA Biosynthetic Process
CTSK,GO:2000278,Regulation Of DNA Biosynthetic Process
PTPN1,GO:2000278,Regulation Of DNA Biosynthetic Process
CA9,GO:2000278,Regulation Of DNA Biosynthetic Process
CD38,GO:2000278,Regulation Of DNA Biosynthetic Process
IL7,GO:2000278,Regulation Of DNA Biosynthetic Process
IRF8,GO:2000278,Regulation Of DNA Biosynthetic Process
CPX-5995,GO:2000278,Regulation Of DNA Biosynthetic Process
CPX-5996,GO:2000278,Regulation Of DNA Biosynthetic Process
CPX-5997,GO:2000278,Regulation Of DNA Biosynthetic Process
CPX-5998,GO:2000278,Regulation Of DNA Biosynthetic Process
CPX-5999,GO:2000278,Regulation Of DNA Biosynthetic Process
CPX-6000,GO:2000278,Regulation Of DNA Biosynthetic Process
CPX-6001,GO:2000278,Regulation Of DNA Biosynthetic Process
CPX-6002,GO:2000278,Regulation Of DNA Biosynthetic Process
CPX-6003,GO:2000278,Regulation Of DNA Biosynthetic Process
CPX-6004,GO:2000278,Regulation Of DNA Biosynthetic Process
CPX-6005,GO:2000278,Regulation Of DNA Biosynthetic Process
CPX-6006,GO:2000278,Regulation Of DNA Biosynthetic Process
CPX-6007,GO:2000278,Regulation Of DNA Biosynthetic Process
CPX-6008,GO:2000278,Regulation Of DNA Biosynthetic Process
CPX-6009,GO:2000278,Regulation Of DNA Biosynthetic Process
CPX-6010,GO:2000278,Regulation Of DNA Biosynthetic Process
CRYGC,GO:2000278,Regulation Of DNA Biosynthetic Process
RAG1,GO:2000278,Regulation Of DNA Biosynthetic Process
NOD2,GO:2000278,Regulation Of DNA Biosynthetic Process
CPX-6482,GO:2000278,Regulation Of DNA Biosynthetic Process
CPX-6581,GO:2000278,Regulation Of DNA Biosynthetic Process
IL7R,GO:2000278,Regulation Of DNA Biosynthetic Process
CD19,GO:2000278,Regulation Of DNA Biosynthetic Process
CPX-6582,GO:2000278,Regulation Of DNA Biosynthetic Process
CPX-6603,GO:2000278,Regulation Of DNA Biosynthetic Process
FASLG,GO:2000278,Regulation Of DNA Biosynthetic Process
FCGR3A,GO:2000278,Regulation Of DNA Biosynthetic Process
TEK,GO:2000278,Regulation Of DNA Biosynthetic Process
TLR7,GO:2000278,Regulation Of DNA Biosynthetic Process
CPX-1825,GO:2000278,Regulation Of DNA Biosynthetic Process
CPX-1827,GO:2000278,Regulation Of DNA Biosynthetic Process
CPX-1828,GO:2000278,Regulation Of DNA Biosynthetic Process
MITF,GO:2000278,Regulation Of DNA Biosynthetic Process
PRF1,GO:2000278,Regulation Of DNA Biosynthetic Process
PTAFR,GO:2000278,Regulation Of DNA Biosynthetic Process
KITLG,GO:2000278,Regulation Of DNA Biosynthetic Process
TLR5,GO:2000278,Regulation Of DNA Biosynthetic Process
ZAP70,GO:2000278,Regulation Of DNA Biosynthetic Process
HCK,GO:2000278,Regulation Of DNA Biosynthetic Process
PSIP1,GO:2000278,Regulation Of DNA Biosynthetic Process
CPX-5636,GO:2000278,Regulation Of DNA Biosynthetic Process
TYK2,GO:2000278,Regulation Of DNA Biosynthetic Process
CIITA,GO:2000278,Regulation Of DNA Biosynthetic Process
ELANE,GO:2000278,Regulation Of DNA Biosynthetic Process
MMP3,GO:2000278,Regulation Of DNA Biosynthetic Process
PTGES,GO:2000278,Regulation Of DNA Biosynthetic Process
CPX-560,GO:2000278,Regulation Of DNA Biosynthetic Process
ALOX5,GO:2000278,Regulation Of DNA Biosynthetic Process
COX4I2,GO:2000278,Regulation Of DNA Biosynthetic Process
IFIH1,GO:2000278,Regulation Of DNA Biosynthetic Process
SPARC,GO:2000278,Regulation Of DNA Biosynthetic Process
ODC1,GO:2000278,Regulation Of DNA Biosynthetic Process
MMP14,GO:2000278,Regulation Of DNA Biosynthetic Process
ANGPT2,GO:2000278,Regulation Of DNA Biosynthetic Process
CPX-1875,GO:2000278,Regulation Of DNA Biosynthetic Process
CPX-1876,GO:2000278,Regulation Of DNA Biosynthetic Process
CPX-2882,GO:2000278,Regulation Of DNA Biosynthetic Process
CPX-2883,GO:2000278,Regulation Of DNA Biosynthetic Process
CPX-2884,GO:2000278,Regulation Of DNA Biosynthetic Process
CPX-2885,GO:2000278,Regulation Of DNA Biosynthetic Process
CPX-2886,GO:2000278,Regulation Of DNA Biosynthetic Process
CPX-2892,GO:2000278,Regulation Of DNA Biosynthetic Process
IRAK1,GO:2000278,Regulation Of DNA Biosynthetic Process
ANGPT1,GO:2000278,Regulation Of DNA Biosynthetic Process
CPX-7403,GO:2000278,Regulation Of DNA Biosynthetic Process
AHR,GO:2000278,Regulation Of DNA Biosynthetic Process
RBP4,GO:2000278,Regulation Of DNA Biosynthetic Process
CPX-888,GO:2000278,Regulation Of DNA Biosynthetic Process
RPS6KB2,GO:2000278,Regulation Of DNA Biosynthetic Process
TRIM24,GO:2000278,Regulation Of DNA Biosynthetic Process
CPX-7441,GO:2000278,Regulation Of DNA Biosynthetic Process
CPX-7442,GO:2000278,Regulation Of DNA Biosynthetic Process
GATA1,GO:2000278,Regulation Of DNA Biosynthetic Process
WT1,GO:2000278,Regulation Of DNA Biosynthetic Process
RPS6KA3,GO:2000278,Regulation Of DNA Biosynthetic Process
FGFR2,GO:2000278,Regulation Of DNA Biosynthetic Process
BCAS3,GO:2000278,Regulation Of DNA Biosynthetic Process
ABI1,GO:2000278,Regulation Of DNA Biosynthetic Process
CPX-2505,GO:2000278,Regulation Of DNA Biosynthetic Process
CPX-7146,GO:2000278,Regulation Of DNA Biosynthetic Process
CPX-7147,GO:2000278,Regulation Of DNA Biosynthetic Process
CPX-7148,GO:2000278,Regulation Of DNA Biosynthetic Process
CPX-7162,GO:2000278,Regulation Of DNA Biosynthetic Process
CPX-7164,GO:2000278,Regulation Of DNA Biosynthetic Process
CPX-7166,GO:2000278,Regulation Of DNA Biosynthetic Process
CPX-7167,GO:2000278,Regulation Of DNA Biosynthetic Process
CPX-7181,GO:2000278,Regulation Of DNA Biosynthetic Process
CPX-7201,GO:2000278,Regulation Of DNA Biosynthetic Process
CPX-7202,GO:2000278,Regulation Of DNA Biosynthetic Process
CPX-7203,GO:2000278,Regulation Of DNA Biosynthetic Process
ACTN4,GO:2000278,Regulation Of DNA Biosynthetic Process
CPX-8070,GO:2000278,Regulation Of DNA Biosynthetic Process
CPX-2653,GO:2000278,Regulation Of DNA Biosynthetic Process
CPX-5025,GO:2000278,Regulation Of DNA Biosynthetic Process
PTK6,GO:2000278,Regulation Of DNA Biosynthetic Process
PCSK1,GO:2000278,Regulation Of DNA Biosynthetic Process
ARAF,GO:2000278,Regulation Of DNA Biosynthetic Process
AKR1B10,GO:2000278,Regulation Of DNA Biosynthetic Process
PDK1,GO:2000278,Regulation Of DNA Biosynthetic Process
ACADVL,GO:2000278,Regulation Of DNA Biosynthetic Process
RIPK3,GO:2000278,Regulation Of DNA Biosynthetic Process
SERPINA5,GO:2000278,Regulation Of DNA Biosynthetic Process
CTSL,GO:2000278,Regulation Of DNA Biosynthetic Process
CGAS,GO:2000278,Regulation Of DNA Biosynthetic Process
NLRP12,GO:2000278,Regulation Of DNA Biosynthetic Process
OAS1,GO:2000278,Regulation Of DNA Biosynthetic Process
PSTPIP1,GO:2000278,Regulation Of DNA Biosynthetic Process
IKBKE,GO:2000278,Regulation Of DNA Biosynthetic Process
CYFIP2,GO:2000278,Regulation Of DNA Biosynthetic Process
IRAK4,GO:2000278,Regulation Of DNA Biosynthetic Process
FAS,GO:2000278,Regulation Of DNA Biosynthetic Process
CPX-1751,GO:2000278,Regulation Of DNA Biosynthetic Process
CPX-1752,GO:2000278,Regulation Of DNA Biosynthetic Process
CPX-1822,GO:2000278,Regulation Of DNA Biosynthetic Process
VIM,GO:2000278,Regulation Of DNA Biosynthetic Process
CPX-1820,GO:2000278,Regulation Of DNA Biosynthetic Process
NF2,GO:2000278,Regulation Of DNA Biosynthetic Process
CPX-1803,GO:2000278,Regulation Of DNA Biosynthetic Process
MAP2K4,GO:2000278,Regulation Of DNA Biosynthetic Process
CREB3L1,GO:2000278,Regulation Of DNA Biosynthetic Process
MAP2K2,GO:2000278,Regulation Of DNA Biosynthetic Process
ROCK2,GO:2000278,Regulation Of DNA Biosynthetic Process
ARHGEF2,GO:2000278,Regulation Of DNA Biosynthetic Process
MAP3K3,GO:2000278,Regulation Of DNA Biosynthetic Process
DAPK1,GO:2000278,Regulation Of DNA Biosynthetic Process
AKT3,GO:2000278,Regulation Of DNA Biosynthetic Process
CTNNA1,GO:2000278,Regulation Of DNA Biosynthetic Process
STK39,GO:2000278,Regulation Of DNA Biosynthetic Process
MAP3K4,GO:2000278,Regulation Of DNA Biosynthetic Process
CTNNA2,GO:2000278,Regulation Of DNA Biosynthetic Process
EPCAM,GO:2000278,Regulation Of DNA Biosynthetic Process
EPHA2,GO:2000278,Regulation Of DNA Biosynthetic Process
FLT4,GO:2000278,Regulation Of DNA Biosynthetic Process
NCKIPSD,GO:2000278,Regulation Of DNA Biosynthetic Process
NPHS2,GO:2000278,Regulation Of DNA Biosynthetic Process
WAS,GO:2000278,Regulation Of DNA Biosynthetic Process
DNM2,GO:2000278,Regulation Of DNA Biosynthetic Process
WIPF1,GO:2000278,Regulation Of DNA Biosynthetic Process
PIP5K1C,GO:2000278,Regulation Of DNA Biosynthetic Process
TYRO3,GO:2000278,Regulation Of DNA Biosynthetic Process
PMS2,GO:2000278,Regulation Of DNA Biosynthetic Process
CPX-1797,GO:2000278,Regulation Of DNA Biosynthetic Process
DIAPH1,GO:2000278,Regulation Of DNA Biosynthetic Process
MATK,GO:2000278,Regulation Of DNA Biosynthetic Process
CLDN4,GO:2000278,Regulation Of DNA Biosynthetic Process
EPHA8,GO:2000278,Regulation Of DNA Biosynthetic Process
CORO1A,GO:2000278,Regulation Of DNA Biosynthetic Process
ARL2,GO:2000278,Regulation Of DNA Biosynthetic Process
VANGL1,GO:2000278,Regulation Of DNA Biosynthetic Process
MS4A1,GO:2000278,Regulation Of DNA Biosynthetic Process
PAK4,GO:2000278,Regulation Of DNA Biosynthetic Process
NCKAP1L,GO:2000278,Regulation Of DNA Biosynthetic Process
AFDN,GO:2000278,Regulation Of DNA Biosynthetic Process
LCP1,GO:2000278,Regulation Of DNA Biosynthetic Process
FIG4,GO:2000278,Regulation Of DNA Biosynthetic Process
ALS2,GO:2000278,Regulation Of DNA Biosynthetic Process
ATAD3A,GO:2000278,Regulation Of DNA Biosynthetic Process
DLL4,GO:2000278,Regulation Of DNA Biosynthetic Process
RORC,GO:2000278,Regulation Of DNA Biosynthetic Process
TK2,GO:2000278,Regulation Of DNA Biosynthetic Process
CPX-1942,GO:2000278,Regulation Of DNA Biosynthetic Process
CPX-680,GO:2000278,Regulation Of DNA Biosynthetic Process
TUB,GO:2000278,Regulation Of DNA Biosynthetic Process
CPX-2716,GO:2000278,Regulation Of DNA Biosynthetic Process
CPX-6401,GO:2000278,Regulation Of DNA Biosynthetic Process
CPX-6402,GO:2000278,Regulation Of DNA Biosynthetic Process
EIF4H,GO:2000278,Regulation Of DNA Biosynthetic Process
CPX-7781,GO:2000278,Regulation Of DNA Biosynthetic Process
CPX-889,GO:2000278,Regulation Of DNA Biosynthetic Process
PLS3,GO:2000278,Regulation Of DNA Biosynthetic Process
CFAP410,GO:2000278,Regulation Of DNA Biosynthetic Process
PUM1,GO:2000278,Regulation Of DNA Biosynthetic Process
ANXA11,GO:2000278,Regulation Of DNA Biosynthetic Process
CNBP,GO:2000278,Regulation Of DNA Biosynthetic Process
CPX-1941,GO:2000278,Regulation Of DNA Biosynthetic Process
CPX-682,GO:2000278,Regulation Of DNA Biosynthetic Process
AHCY,GO:2000278,Regulation Of DNA Biosynthetic Process
RNF125,GO:2000278,Regulation Of DNA Biosynthetic Process
MMUT,GO:2000278,Regulation Of DNA Biosynthetic Process
SDHAF2,GO:2000278,Regulation Of DNA Biosynthetic Process
D2HGDH,GO:2000278,Regulation Of DNA Biosynthetic Process
TUBG1,GO:2000278,Regulation Of DNA Biosynthetic Process
TUBGCP4,GO:2000278,Regulation Of DNA Biosynthetic Process
CPX-1159,GO:2000278,Regulation Of DNA Biosynthetic Process
CSNK1E,GO:2000278,Regulation Of DNA Biosynthetic Process
SEPTIN9,GO:2000278,Regulation Of DNA Biosynthetic Process
SOX10,GO:2000278,Regulation Of DNA Biosynthetic Process
MLLT10,GO:2000278,Regulation Of DNA Biosynthetic Process
CPX-152,GO:2000278,Regulation Of DNA Biosynthetic Process
SMARCAL1,GO:2000278,Regulation Of DNA Biosynthetic Process
SIK1,GO:2000278,Regulation Of DNA Biosynthetic Process
WNT1,GO:2000278,Regulation Of DNA Biosynthetic Process
HAMP,GO:2000278,Regulation Of DNA Biosynthetic Process
JAG2,GO:2000278,Regulation Of DNA Biosynthetic Process
ACSL5,GO:2000278,Regulation Of DNA Biosynthetic Process
ACSL6,GO:2000278,Regulation Of DNA Biosynthetic Process
FKBP6,GO:2000278,Regulation Of DNA Biosynthetic Process
TOR1AIP1,GO:2000278,Regulation Of DNA Biosynthetic Process
CPX-7803,GO:2000278,Regulation Of DNA Biosynthetic Process
CPX-7969,GO:2000278,Regulation Of DNA Biosynthetic Process
CPX-7970,GO:2000278,Regulation Of DNA Biosynthetic Process
ZMYND11,GO:2000278,Regulation Of DNA Biosynthetic Process
TWNK,GO:2000278,Regulation Of DNA Biosynthetic Process
CPX-440,GO:2000278,Regulation Of DNA Biosynthetic Process
CPX-443,GO:2000278,Regulation Of DNA Biosynthetic Process
CSNK1G2,GO:2000278,Regulation Of DNA Biosynthetic Process
PTCH1,GO:2000278,Regulation Of DNA Biosynthetic Process
DACT1,GO:2000278,Regulation Of DNA Biosynthetic Process
IMPA1,GO:2000278,Regulation Of DNA Biosynthetic Process
RNF43,GO:2000278,Regulation Of DNA Biosynthetic Process
CPX-7861,GO:2000278,Regulation Of DNA Biosynthetic Process
SPEN,GO:2000278,Regulation Of DNA Biosynthetic Process
ZMYND8,GO:2000278,Regulation Of DNA Biosynthetic Process
ANKRD11,GO:2000278,Regulation Of DNA Biosynthetic Process
GTF2IRD1,GO:2000278,Regulation Of DNA Biosynthetic Process
SIK2,GO:2000278,Regulation Of DNA Biosynthetic Process
ULK1,GO:2000278,Regulation Of DNA Biosynthetic Process
DIAPH3,GO:2000278,Regulation Of DNA Biosynthetic Process
SOX11,GO:2000278,Regulation Of DNA Biosynthetic Process
CLDN2,GO:2000278,Regulation Of DNA Biosynthetic Process
MAPK6,GO:2000278,Regulation Of DNA Biosynthetic Process
WNK1,GO:2000278,Regulation Of DNA Biosynthetic Process
NFIX,GO:2000278,Regulation Of DNA Biosynthetic Process
MEGF10,GO:2000278,Regulation Of DNA Biosynthetic Process
STEAP3,GO:2000278,Regulation Of DNA Biosynthetic Process
SLC11A2,GO:2000278,Regulation Of DNA Biosynthetic Process
SETD5,GO:2000278,Regulation Of DNA Biosynthetic Process
LARP7,GO:2000278,Regulation Of DNA Biosynthetic Process
RAN,GO:2000278,Regulation Of DNA Biosynthetic Process
HOXB13,GO:2000278,Regulation Of DNA Biosynthetic Process
SVIL,GO:2000278,Regulation Of DNA Biosynthetic Process
TMC6,GO:2000278,Regulation Of DNA Biosynthetic Process
VPS13A,GO:2000278,Regulation Of DNA Biosynthetic Process
SALL1,GO:2000278,Regulation Of DNA Biosynthetic Process
GATA6,GO:2000278,Regulation Of DNA Biosynthetic Process
EPOR,GO:2000278,Regulation Of DNA Biosynthetic Process
FKBP10,GO:2000278,Regulation Of DNA Biosynthetic Process
RAB6A,GO:2000278,Regulation Of DNA Biosynthetic Process
WDR1,GO:2000278,Regulation Of DNA Biosynthetic Process
CPX-2129,GO:2000278,Regulation Of DNA Biosynthetic Process
DES,GO:2000278,Regulation Of DNA Biosynthetic Process
TBCE,GO:2000278,Regulation Of DNA Biosynthetic Process
BCL9,GO:2000278,Regulation Of DNA Biosynthetic Process
SNRK,GO:2000278,Regulation Of DNA Biosynthetic Process
RBM10,GO:2000278,Regulation Of DNA Biosynthetic Process
CPX-1815,GO:2000278,Regulation Of DNA Biosynthetic Process
PIM3,GO:2000278,Regulation Of DNA Biosynthetic Process
MCPH1,GO:2000278,Regulation Of DNA Biosynthetic Process
DIAPH2,GO:2000278,Regulation Of DNA Biosynthetic Process
PIP5K1A,GO:2000278,Regulation Of DNA Biosynthetic Process
EPHA7,GO:2000278,Regulation Of DNA Biosynthetic Process
KRT9,GO:2000278,Regulation Of DNA Biosynthetic Process
LATS1,GO:2000278,Regulation Of DNA Biosynthetic Process
CLIP2,GO:2000278,Regulation Of DNA Biosynthetic Process
TBL2,GO:2000278,Regulation Of DNA Biosynthetic Process
NSUN5,GO:2000278,Regulation Of DNA Biosynthetic Process
TUBGCP6,GO:2000278,Regulation Of DNA Biosynthetic Process
RAB11B,GO:2000278,Regulation Of DNA Biosynthetic Process
STK38L,GO:2000278,Regulation Of DNA Biosynthetic Process
BCL11A,GO:2000278,Regulation Of DNA Biosynthetic Process
RSPO1,GO:2000278,Regulation Of DNA Biosynthetic Process
CRYBA4,GO:2000278,Regulation Of DNA Biosynthetic Process
WNK3,GO:2000278,Regulation Of DNA Biosynthetic Process
NLK,GO:2000278,Regulation Of DNA Biosynthetic Process
TUBGCP2,GO:2000278,Regulation Of DNA Biosynthetic Process
SLC49A4,GO:2000278,Regulation Of DNA Biosynthetic Process
CA12,GO:2000278,Regulation Of DNA Biosynthetic Process
HNF1B,GO:2000278,Regulation Of DNA Biosynthetic Process
CLDN3,GO:2000278,Regulation Of DNA Biosynthetic Process
HMBS,GO:2000278,Regulation Of DNA Biosynthetic Process
MRTFA,GO:2000278,Regulation Of DNA Biosynthetic Process
MUTYH,GO:2000278,Regulation Of DNA Biosynthetic Process
DIABLO,GO:2000278,Regulation Of DNA Biosynthetic Process
RALGAPA1,GO:2000278,Regulation Of DNA Biosynthetic Process
NR4A3,GO:2000278,Regulation Of DNA Biosynthetic Process
PERP,GO:2000278,Regulation Of DNA Biosynthetic Process
ADORA2B,GO:0005759,Mitochondrial Matrix
GHRHR,GO:0005759,Mitochondrial Matrix
PITX3,GO:0005759,Mitochondrial Matrix
CPX-6841,GO:0005759,Mitochondrial Matrix
CPX-665,GO:0005759,Mitochondrial Matrix
MAB21L1,GO:0005759,Mitochondrial Matrix
CPX-6096,GO:0005759,Mitochondrial Matrix
YRDC,GO:0005759,Mitochondrial Matrix
SERPING1,GO:0005759,Mitochondrial Matrix
CPX-6236,GO:0005759,Mitochondrial Matrix
ACMSD,GO:0005759,Mitochondrial Matrix
CHM,GO:0005759,Mitochondrial Matrix
SLC41A1,GO:0005759,Mitochondrial Matrix
NPC2,GO:0005759,Mitochondrial Matrix
MRM2,GO:0005759,Mitochondrial Matrix
PROK2,GO:0005759,Mitochondrial Matrix
TSFM,GO:0005759,Mitochondrial Matrix
YARS1,GO:0005759,Mitochondrial Matrix
VARS1,GO:0005759,Mitochondrial Matrix
EARS2,GO:0005759,Mitochondrial Matrix
AGL,GO:0005759,Mitochondrial Matrix
GAA,GO:0005759,Mitochondrial Matrix
GYG1,GO:0005759,Mitochondrial Matrix
MAN2B1,GO:0005759,Mitochondrial Matrix
GBE1,GO:0005759,Mitochondrial Matrix
MOGS,GO:0005759,Mitochondrial Matrix
ACSL4,GO:0005759,Mitochondrial Matrix
CPX-8302,GO:0005759,Mitochondrial Matrix
SARS1,GO:0005759,Mitochondrial Matrix
PHYH,GO:0005759,Mitochondrial Matrix
SEPSECS,GO:0005759,Mitochondrial Matrix
SLC22A4,GO:0005759,Mitochondrial Matrix
ABCC6,GO:0005759,Mitochondrial Matrix
CPX-8184,GO:0005759,Mitochondrial Matrix
ABCA12,GO:0005759,Mitochondrial Matrix
SLCO2A1,GO:0005759,Mitochondrial Matrix
FPGS,GO:0005759,Mitochondrial Matrix
SLC22A5,GO:0005759,Mitochondrial Matrix
ATIC,GO:0005759,Mitochondrial Matrix
CPX-6177,GO:0005759,Mitochondrial Matrix
AARS1,GO:0005759,Mitochondrial Matrix
SEC23A,GO:0005759,Mitochondrial Matrix
CPX-5641,GO:0005759,Mitochondrial Matrix
SCP2,GO:0005759,Mitochondrial Matrix
CPX-677,GO:0005759,Mitochondrial Matrix
SLC34A1,GO:0005759,Mitochondrial Matrix
SLC22A12,GO:0005759,Mitochondrial Matrix
CPX-5684,GO:0005759,Mitochondrial Matrix
CPX-8191,GO:0005759,Mitochondrial Matrix
CPX-8192,GO:0005759,Mitochondrial Matrix
PRDM8,GO:0005759,Mitochondrial Matrix
ASTL,GO:0005759,Mitochondrial Matrix
EXTL3,GO:0005759,Mitochondrial Matrix
ADAMTS18,GO:0005759,Mitochondrial Matrix
GLIS2,GO:0005759,Mitochondrial Matrix
HSD3B7,GO:0005759,Mitochondrial Matrix
AGXT,GO:0005759,Mitochondrial Matrix
ACOX2,GO:0005759,Mitochondrial Matrix
CPX-6241,GO:0005759,Mitochondrial Matrix
GOPC,GO:0005759,Mitochondrial Matrix
CPS1,GO:0005759,Mitochondrial Matrix
HMGCS2,GO:0005759,Mitochondrial Matrix
CPX-8185,GO:0005759,Mitochondrial Matrix
CYP24A1,GO:0005759,Mitochondrial Matrix
CRAT,GO:0005759,Mitochondrial Matrix
SFTPA1,GO:0005759,Mitochondrial Matrix
CPX-6663,GO:0005759,Mitochondrial Matrix
CPX-6664,GO:0005759,Mitochondrial Matrix
CPX-6665,GO:0005759,Mitochondrial Matrix
CPX-6681,GO:0005759,Mitochondrial Matrix
GLB1,GO:0005759,Mitochondrial Matrix
STX16,GO:0005759,Mitochondrial Matrix
ALPL,GO:0005759,Mitochondrial Matrix
MVK,GO:0005759,Mitochondrial Matrix
MSMO1,GO:0005759,Mitochondrial Matrix
SC5D,GO:0005759,Mitochondrial Matrix
ACAT1,GO:0005759,Mitochondrial Matrix
GGPS1,GO:0005759,Mitochondrial Matrix
COQ2,GO:0005759,Mitochondrial Matrix
SCD5,GO:0005759,Mitochondrial Matrix
TRIT1,GO:0005759,Mitochondrial Matrix
CPX-3642,GO:0005759,Mitochondrial Matrix
LIPA,GO:0005759,Mitochondrial Matrix
ACOX3,GO:0005759,Mitochondrial Matrix
PMVK,GO:0005759,Mitochondrial Matrix
PDSS2,GO:0005759,Mitochondrial Matrix
NSDHL,GO:0005759,Mitochondrial Matrix
ELOVL5,GO:0005759,Mitochondrial Matrix
HMGCL,GO:0005759,Mitochondrial Matrix
PDSS1,GO:0005759,Mitochondrial Matrix
LSS,GO:0005759,Mitochondrial Matrix
EBP,GO:0005759,Mitochondrial Matrix
EPHX2,GO:0005759,Mitochondrial Matrix
COASY,GO:0005759,Mitochondrial Matrix
PGRMC1,GO:0005759,Mitochondrial Matrix
BFSP2,GO:0005759,Mitochondrial Matrix
GNMT,GO:0005759,Mitochondrial Matrix
AMACR,GO:0005759,Mitochondrial Matrix
GDF1,GO:0005759,Mitochondrial Matrix
ADK,GO:0005759,Mitochondrial Matrix
P2RY6,GO:0005759,Mitochondrial Matrix
POU6F2,GO:0005759,Mitochondrial Matrix
PROKR2,GO:0005759,Mitochondrial Matrix
CPX-6209,GO:0005759,Mitochondrial Matrix
CPX-6321,GO:0005759,Mitochondrial Matrix
ATP6V1B1,GO:0005759,Mitochondrial Matrix
CA13,GO:0005759,Mitochondrial Matrix
CA7,GO:0005759,Mitochondrial Matrix
CPX-1920,GO:0005759,Mitochondrial Matrix
NARS1,GO:0005759,Mitochondrial Matrix
GALC,GO:0005759,Mitochondrial Matrix
NARS2,GO:0005759,Mitochondrial Matrix
HARS1,GO:0005759,Mitochondrial Matrix
YARS2,GO:0005759,Mitochondrial Matrix
COX15,GO:0005759,Mitochondrial Matrix
CHCHD7,GO:0005759,Mitochondrial Matrix
COX14,GO:0005759,Mitochondrial Matrix
PTGFR,GO:0005759,Mitochondrial Matrix
PNP,GO:0005759,Mitochondrial Matrix
UROD,GO:0005759,Mitochondrial Matrix
CPX-4945,GO:0005759,Mitochondrial Matrix
UMPS,GO:0005759,Mitochondrial Matrix
ALDH3A2,GO:0005759,Mitochondrial Matrix
EN1,GO:0005759,Mitochondrial Matrix
GCH1,GO:0005759,Mitochondrial Matrix
DSG1,GO:0005759,Mitochondrial Matrix
GPR143,GO:0005759,Mitochondrial Matrix
TAC3,GO:0005759,Mitochondrial Matrix
MRAP2,GO:0005759,Mitochondrial Matrix
TNNI3K,GO:0005759,Mitochondrial Matrix
HIBCH,GO:0005759,Mitochondrial Matrix
BCKDK,GO:0005759,Mitochondrial Matrix
TULP3,GO:0005759,Mitochondrial Matrix
APRT,GO:0005759,Mitochondrial Matrix
GMPS,GO:0005759,Mitochondrial Matrix
ZBTB18,GO:0005759,Mitochondrial Matrix
SERPINB6,GO:0005759,Mitochondrial Matrix
CPX-6170,GO:0005759,Mitochondrial Matrix
CPX-6178,GO:0005759,Mitochondrial Matrix
CPX-6179,GO:0005759,Mitochondrial Matrix
CPX-6181,GO:0005759,Mitochondrial Matrix
CPX-1737,GO:0005759,Mitochondrial Matrix
CPX-1753,GO:0005759,Mitochondrial Matrix
PLCZ1,GO:0005759,Mitochondrial Matrix
SNX10,GO:0005759,Mitochondrial Matrix
AK1,GO:0005759,Mitochondrial Matrix
RIN2,GO:0005759,Mitochondrial Matrix
C12orf57,GO:0005759,Mitochondrial Matrix
DGKA,GO:0005759,Mitochondrial Matrix
SLC25A11,GO:0005759,Mitochondrial Matrix
CHKB,GO:0005759,Mitochondrial Matrix
CPX-6207,GO:0005759,Mitochondrial Matrix
CPX-6208,GO:0005759,Mitochondrial Matrix
CPX-2677,GO:0005759,Mitochondrial Matrix
CPX-6243,GO:0005759,Mitochondrial Matrix
DGUOK,GO:0005759,Mitochondrial Matrix
DCK,GO:0005759,Mitochondrial Matrix
CLN6,GO:0005759,Mitochondrial Matrix
AMELX,GO:0005759,Mitochondrial Matrix
CPX-2536,GO:0005759,Mitochondrial Matrix
LIM2,GO:0005759,Mitochondrial Matrix
COX10,GO:0005759,Mitochondrial Matrix
DHTKD1,GO:0005759,Mitochondrial Matrix
CPX-2649,GO:0005759,Mitochondrial Matrix
PEX13,GO:0005759,Mitochondrial Matrix
ASL,GO:0005759,Mitochondrial Matrix
ADSS1,GO:0005759,Mitochondrial Matrix
SHMT2,GO:0005759,Mitochondrial Matrix
DLST,GO:0005759,Mitochondrial Matrix
PPA2,GO:0005759,Mitochondrial Matrix
PEX14,GO:0005759,Mitochondrial Matrix
ECHS1,GO:0005759,Mitochondrial Matrix
CPX-6169,GO:0005759,Mitochondrial Matrix
PSAT1,GO:0005759,Mitochondrial Matrix
PSPH,GO:0005759,Mitochondrial Matrix
HSD17B4,GO:0005759,Mitochondrial Matrix
FDXR,GO:0005759,Mitochondrial Matrix
ALDH6A1,GO:0005759,Mitochondrial Matrix
CPX-2731,GO:0005759,Mitochondrial Matrix
ADSL,GO:0005759,Mitochondrial Matrix
MTHFD1,GO:0005759,Mitochondrial Matrix
CEP41,GO:0005759,Mitochondrial Matrix
NEK9,GO:0005759,Mitochondrial Matrix
CEP164,GO:0005759,Mitochondrial Matrix
PCM1,GO:0005759,Mitochondrial Matrix
CDK5RAP2,GO:0005759,Mitochondrial Matrix
OFD1,GO:0005759,Mitochondrial Matrix
SDCCAG8,GO:0005759,Mitochondrial Matrix
PEX6,GO:0005759,Mitochondrial Matrix
CPX-6312,GO:0005759,Mitochondrial Matrix
SLC39A7,GO:0005759,Mitochondrial Matrix
KRT2,GO:0005759,Mitochondrial Matrix
PYROXD1,GO:0005759,Mitochondrial Matrix
SLC27A4,GO:0005759,Mitochondrial Matrix
CISD1,GO:0005759,Mitochondrial Matrix
SLC7A14,GO:0005759,Mitochondrial Matrix
PNPLA4,GO:0005759,Mitochondrial Matrix
CPX-6239,GO:0005759,Mitochondrial Matrix
CPX-6163,GO:0005759,Mitochondrial Matrix
CPX-6164,GO:0005759,Mitochondrial Matrix
CA14,GO:0005759,Mitochondrial Matrix
CA6,GO:0005759,Mitochondrial Matrix
KLHDC8B,GO:0005759,Mitochondrial Matrix
PNPLA8,GO:0005759,Mitochondrial Matrix
SLC25A20,GO:0005759,Mitochondrial Matrix
CPX-8021,GO:0005759,Mitochondrial Matrix
ABHD11,GO:0005759,Mitochondrial Matrix
NDUFAF2,GO:0005759,Mitochondrial Matrix
ASAH1,GO:0005759,Mitochondrial Matrix
ETFDH,GO:0005759,Mitochondrial Matrix
SLC25A24,GO:0005759,Mitochondrial Matrix
PKHD1,GO:0005759,Mitochondrial Matrix
SLC13A3,GO:0005759,Mitochondrial Matrix
SLC36A1,GO:0005759,Mitochondrial Matrix
SLC12A1,GO:0005759,Mitochondrial Matrix
ARSA,GO:0005759,Mitochondrial Matrix
NAGLU,GO:0005759,Mitochondrial Matrix
IDUA,GO:0005759,Mitochondrial Matrix
GNS,GO:0005759,Mitochondrial Matrix
AGA,GO:0005759,Mitochondrial Matrix
TMEM175,GO:0005759,Mitochondrial Matrix
ARSB,GO:0005759,Mitochondrial Matrix
PMM2,GO:0005759,Mitochondrial Matrix
GALNS,GO:0005759,Mitochondrial Matrix
SUMF1,GO:0005759,Mitochondrial Matrix
SGSH,GO:0005759,Mitochondrial Matrix
IDS,GO:0005759,Mitochondrial Matrix
SMPD1,GO:0005759,Mitochondrial Matrix
GM2A,GO:0005759,Mitochondrial Matrix
NEU1,GO:0005759,Mitochondrial Matrix
ARSK,GO:0005759,Mitochondrial Matrix
ARSG,GO:0005759,Mitochondrial Matrix
MAN2C1,GO:0005759,Mitochondrial Matrix
CTNS,GO:0005759,Mitochondrial Matrix
BBS12,GO:0005759,Mitochondrial Matrix
DHODH,GO:0005759,Mitochondrial Matrix
MTFMT,GO:0005759,Mitochondrial Matrix
MCEE,GO:0005759,Mitochondrial Matrix
DMGDH,GO:0005759,Mitochondrial Matrix
SBF2,GO:0005759,Mitochondrial Matrix
PCBD1,GO:0005759,Mitochondrial Matrix
CPX-948,GO:0005759,Mitochondrial Matrix
DTYMK,GO:0005759,Mitochondrial Matrix
CPX-2503,GO:0005759,Mitochondrial Matrix
SARDH,GO:0005759,Mitochondrial Matrix
HLCS,GO:0005759,Mitochondrial Matrix
CTPS1,GO:0005759,Mitochondrial Matrix
MLYCD,GO:0005759,Mitochondrial Matrix
KYNU,GO:0005759,Mitochondrial Matrix
HAAO,GO:0005759,Mitochondrial Matrix
NAPRT,GO:0005759,Mitochondrial Matrix
ACADS,GO:0005759,Mitochondrial Matrix
SGPL1,GO:0005759,Mitochondrial Matrix
MECR,GO:0005759,Mitochondrial Matrix
ACADSB,GO:0005759,Mitochondrial Matrix
SUOX,GO:0005759,Mitochondrial Matrix
GCDH,GO:0005759,Mitochondrial Matrix
KIF7,GO:0005759,Mitochondrial Matrix
CPX-6240,GO:0005759,Mitochondrial Matrix
ALG12,GO:0005759,Mitochondrial Matrix
ADAMTS13,GO:0005759,Mitochondrial Matrix
CPX-6165,GO:0005759,Mitochondrial Matrix
CPX-1745,GO:0005759,Mitochondrial Matrix
CPX-6203,GO:0005759,Mitochondrial Matrix
CPX-6237,GO:0005759,Mitochondrial Matrix
CPX-6238,GO:0005759,Mitochondrial Matrix
MIA3,GO:0005759,Mitochondrial Matrix
ANKS6,GO:0005759,Mitochondrial Matrix
IYD,GO:0005759,Mitochondrial Matrix
SLC16A10,GO:0005759,Mitochondrial Matrix
TMLHE,GO:0005759,Mitochondrial Matrix
SLC26A1,GO:0005759,Mitochondrial Matrix
ORMDL3,GO:0005759,Mitochondrial Matrix
MMACHC,GO:0005759,Mitochondrial Matrix
NADSYN1,GO:0005759,Mitochondrial Matrix
NADK2,GO:0005759,Mitochondrial Matrix
PTPRN,GO:0005759,Mitochondrial Matrix
PEX11B,GO:0005759,Mitochondrial Matrix
ABCD3,GO:0005759,Mitochondrial Matrix
IGHMBP2,GO:0005759,Mitochondrial Matrix
TSHZ3,GO:0005759,Mitochondrial Matrix
NGLY1,GO:0005759,Mitochondrial Matrix
HABP2,GO:0005759,Mitochondrial Matrix
HSCB,GO:0005759,Mitochondrial Matrix
CARS2,GO:0005759,Mitochondrial Matrix
CPX-6863,GO:0005759,Mitochondrial Matrix
CARS1,GO:0005759,Mitochondrial Matrix
NFU1,GO:0005759,Mitochondrial Matrix
ENPP1,GO:0005759,Mitochondrial Matrix
CERS3,GO:0005759,Mitochondrial Matrix
DEGS1,GO:0005759,Mitochondrial Matrix
GBA2,GO:0005759,Mitochondrial Matrix
SGMS2,GO:0005759,Mitochondrial Matrix
PIBF1,GO:0005759,Mitochondrial Matrix
FLAD1,GO:0005759,Mitochondrial Matrix
MSMB,GO:0005759,Mitochondrial Matrix
CLCN4,GO:0005759,Mitochondrial Matrix
TFB1M,GO:0005759,Mitochondrial Matrix
GPR35,GO:0005759,Mitochondrial Matrix
NUBPL,GO:0005759,Mitochondrial Matrix
TRMT5,GO:0005759,Mitochondrial Matrix
TRMT10A,GO:0005759,Mitochondrial Matrix
ACAD8,GO:0005759,Mitochondrial Matrix
PRX,GO:0005759,Mitochondrial Matrix
MTMR2,GO:0005759,Mitochondrial Matrix
SH3TC2,GO:0005759,Mitochondrial Matrix
MOCOS,GO:0005759,Mitochondrial Matrix
CPX-6341,GO:0005759,Mitochondrial Matrix
ABCD1,GO:0005759,Mitochondrial Matrix
FLVCR1,GO:0005759,Mitochondrial Matrix
KRT3,GO:0005759,Mitochondrial Matrix
EHBP1,GO:0005759,Mitochondrial Matrix
DDAH1,GO:0005759,Mitochondrial Matrix
FOXE3,GO:0005759,Mitochondrial Matrix
ASB10,GO:0005759,Mitochondrial Matrix
KDELR2,GO:0005759,Mitochondrial Matrix
CRTAP,GO:0005759,Mitochondrial Matrix
CPX-1724,GO:0005759,Mitochondrial Matrix
CPX-1768,GO:0005759,Mitochondrial Matrix
TMEM38B,GO:0005759,Mitochondrial Matrix
VPS13C,GO:0005759,Mitochondrial Matrix
FOXRED1,GO:0005759,Mitochondrial Matrix
LIPT2,GO:0005759,Mitochondrial Matrix
CPX-6322,GO:0005759,Mitochondrial Matrix
FAR1,GO:0005759,Mitochondrial Matrix
RTN4IP1,GO:0005759,Mitochondrial Matrix
AUH,GO:0005759,Mitochondrial Matrix
ALAD,GO:0005759,Mitochondrial Matrix
ELOVL1,GO:0005759,Mitochondrial Matrix
TMEM79,GO:0005759,Mitochondrial Matrix
HS6ST2,GO:0005759,Mitochondrial Matrix
HEPHL1,GO:0005759,Mitochondrial Matrix
CPX-6212,GO:0005759,Mitochondrial Matrix
CPX-6213,GO:0005759,Mitochondrial Matrix
CPX-5044,GO:0005759,Mitochondrial Matrix
SLC44A1,GO:0005759,Mitochondrial Matrix
CPX-4749,GO:0005759,Mitochondrial Matrix
CPX-4750,GO:0005759,Mitochondrial Matrix
AK7,GO:0005759,Mitochondrial Matrix
PRPS1,GO:0005759,Mitochondrial Matrix
B4GALNT1,GO:0005759,Mitochondrial Matrix
F8A2,GO:0005759,Mitochondrial Matrix
F8A3,GO:0005759,Mitochondrial Matrix
TREH,GO:0005759,Mitochondrial Matrix
LCT,GO:0005759,Mitochondrial Matrix
MAN1B1,GO:0005759,Mitochondrial Matrix
CPX-502,GO:0005759,Mitochondrial Matrix
CPX-686,GO:0005759,Mitochondrial Matrix
FUCA1,GO:0005759,Mitochondrial Matrix
CPX-687,GO:0005759,Mitochondrial Matrix
CPX-6902,GO:0005759,Mitochondrial Matrix
HGSNAT,GO:0005759,Mitochondrial Matrix
B4GALT1,GO:0005759,Mitochondrial Matrix
NAGA,GO:0005759,Mitochondrial Matrix
PISD,GO:0005759,Mitochondrial Matrix
ZP1,GO:0005759,Mitochondrial Matrix
SPATA16,GO:0005759,Mitochondrial Matrix
ASPSCR1,GO:0005759,Mitochondrial Matrix
DARS2,GO:0005759,Mitochondrial Matrix
TTC5,GO:0005759,Mitochondrial Matrix
PARS2,GO:0005759,Mitochondrial Matrix
ABHD16A,GO:0005759,Mitochondrial Matrix
CLEC3B,GO:0005759,Mitochondrial Matrix
CPX-2806,GO:0005759,Mitochondrial Matrix
DPY19L2,GO:0005759,Mitochondrial Matrix
MTMR14,GO:0005759,Mitochondrial Matrix
GATA5,GO:0005759,Mitochondrial Matrix
TDRD7,GO:0005759,Mitochondrial Matrix
LRRC8A,GO:0005759,Mitochondrial Matrix
PGM3,GO:0005759,Mitochondrial Matrix
AOPEP,GO:0005759,Mitochondrial Matrix
MAP3K15,GO:0005759,Mitochondrial Matrix
FGD1,GO:0005759,Mitochondrial Matrix
WARS2,GO:0005759,Mitochondrial Matrix
AARS2,GO:0005759,Mitochondrial Matrix
MARS2,GO:0005759,Mitochondrial Matrix
FARS2,GO:0005759,Mitochondrial Matrix
IARS2,GO:0005759,Mitochondrial Matrix
TARS2,GO:0005759,Mitochondrial Matrix
RARS2,GO:0005759,Mitochondrial Matrix
VARS2,GO:0005759,Mitochondrial Matrix
HARS2,GO:0005759,Mitochondrial Matrix
SBK1,GO:0005759,Mitochondrial Matrix
RIC1,GO:0005759,Mitochondrial Matrix
INPP5E,GO:0005759,Mitochondrial Matrix
TLL1,GO:0005759,Mitochondrial Matrix
CLN3,GO:0005759,Mitochondrial Matrix
DENND1B,GO:0005759,Mitochondrial Matrix
PAX4,GO:0005759,Mitochondrial Matrix
XYLT2,GO:0005759,Mitochondrial Matrix
MIPOL1,GO:0005759,Mitochondrial Matrix
CNNM2,GO:0005759,Mitochondrial Matrix
MAST1,GO:0005759,Mitochondrial Matrix
TECR,GO:0005759,Mitochondrial Matrix
EFR3A,GO:0005759,Mitochondrial Matrix
CERT1,GO:0005759,Mitochondrial Matrix
STK17B,GO:0005759,Mitochondrial Matrix
NPHP3,GO:0005759,Mitochondrial Matrix
ARL3,GO:0005759,Mitochondrial Matrix
CEP85L,GO:0005759,Mitochondrial Matrix
NEK4,GO:0005759,Mitochondrial Matrix
HCCS,GO:0005759,Mitochondrial Matrix
SLC36A2,GO:0005759,Mitochondrial Matrix
CARMIL2,GO:0005759,Mitochondrial Matrix
FYCO1,GO:0005759,Mitochondrial Matrix
RAB3GAP2,GO:0005759,Mitochondrial Matrix
SLC12A6,GO:0005759,Mitochondrial Matrix
CEP120,GO:0005759,Mitochondrial Matrix
FRMD7,GO:0005759,Mitochondrial Matrix
CRPPA,GO:0005759,Mitochondrial Matrix
SEPTIN12,GO:0005759,Mitochondrial Matrix
CPX-8086,GO:0005759,Mitochondrial Matrix
DNAAF1,GO:0005759,Mitochondrial Matrix
HECW2,GO:0005759,Mitochondrial Matrix
CRYBB3,GO:0005759,Mitochondrial Matrix
CRYBA1,GO:0005759,Mitochondrial Matrix
GJA3,GO:0005759,Mitochondrial Matrix
CRYGD,GO:0005759,Mitochondrial Matrix
CRYAA,GO:0005759,Mitochondrial Matrix
GJA8,GO:0005759,Mitochondrial Matrix
BFSP1,GO:0005759,Mitochondrial Matrix
CRYGS,GO:0005759,Mitochondrial Matrix
HSF4,GO:0005759,Mitochondrial Matrix
TMEM114,GO:0005759,Mitochondrial Matrix
MAP3K19,GO:0005759,Mitochondrial Matrix
SLC13A5,GO:0005759,Mitochondrial Matrix
TMEM94,GO:0005759,Mitochondrial Matrix
ELOVL4,GO:0005759,Mitochondrial Matrix
STX11,GO:0005759,Mitochondrial Matrix
MTO1,GO:0005759,Mitochondrial Matrix
ZNF713,GO:0005759,Mitochondrial Matrix
HSF2BP,GO:0005759,Mitochondrial Matrix
ACBD5,GO:0005759,Mitochondrial Matrix
CSPP1,GO:0005759,Mitochondrial Matrix
KIAA0586,GO:0005759,Mitochondrial Matrix
CEP104,GO:0005759,Mitochondrial Matrix
DYNC2LI1,GO:0005759,Mitochondrial Matrix
GPATCH3,GO:0005759,Mitochondrial Matrix
CEP83,GO:0005759,Mitochondrial Matrix
DNAH9,GO:0005759,Mitochondrial Matrix
DNAAF5,GO:0005759,Mitochondrial Matrix
SPEF2,GO:0005759,Mitochondrial Matrix
CCDC40,GO:0005759,Mitochondrial Matrix
CCDC103,GO:0005759,Mitochondrial Matrix
TLCD3B,GO:0005759,Mitochondrial Matrix
CLDN19,GO:0005759,Mitochondrial Matrix
NDUFAF7,GO:0005759,Mitochondrial Matrix
TRNT1,GO:0005759,Mitochondrial Matrix
ADCK1,GO:0005759,Mitochondrial Matrix
AFG3L2,GO:0005759,Mitochondrial Matrix
ANO10,GO:0005759,Mitochondrial Matrix
COQ8A,GO:0005759,Mitochondrial Matrix
GOLGA5,GO:0005759,Mitochondrial Matrix
UPK3A,GO:0005759,Mitochondrial Matrix
HS6ST1,GO:0005759,Mitochondrial Matrix
NSMF,GO:0005759,Mitochondrial Matrix
GALNT3,GO:0005759,Mitochondrial Matrix
ALG1,GO:0005759,Mitochondrial Matrix
EMP2,GO:0005759,Mitochondrial Matrix
CFAP52,GO:0005759,Mitochondrial Matrix
TSSK1B,GO:0005759,Mitochondrial Matrix
CPX-5665,GO:0005759,Mitochondrial Matrix
DCLK3,GO:0005759,Mitochondrial Matrix
FRMD4A,GO:0005759,Mitochondrial Matrix
LMAN2L,GO:0005759,Mitochondrial Matrix
FSIP2,GO:0005759,Mitochondrial Matrix
GNPAT,GO:0005759,Mitochondrial Matrix
FLG,GO:0005759,Mitochondrial Matrix
FGD4,GO:0005759,Mitochondrial Matrix
CPX-2208,GO:0005759,Mitochondrial Matrix
RILPL1,GO:0005759,Mitochondrial Matrix
BTG4,GO:0005759,Mitochondrial Matrix
ACAD10,GO:0005759,Mitochondrial Matrix
ACAD11,GO:0005759,Mitochondrial Matrix
OXCT1,GO:0005759,Mitochondrial Matrix
HPD,GO:0005759,Mitochondrial Matrix
SURF1,GO:0005759,Mitochondrial Matrix
PEX16,GO:0005759,Mitochondrial Matrix
PEX1,GO:0005759,Mitochondrial Matrix
AGPS,GO:0005759,Mitochondrial Matrix
PEX7,GO:0005759,Mitochondrial Matrix
PEX26,GO:0005759,Mitochondrial Matrix
MPV17,GO:0005759,Mitochondrial Matrix
SELENOI,GO:0005759,Mitochondrial Matrix
SLC39A4,GO:0005759,Mitochondrial Matrix
ACP4,GO:0005759,Mitochondrial Matrix
RBM12,GO:0005759,Mitochondrial Matrix
ADA2,GO:0005759,Mitochondrial Matrix
CMPK1,GO:0005759,Mitochondrial Matrix
MPDU1,GO:0005759,Mitochondrial Matrix
SLC5A4,GO:0005759,Mitochondrial Matrix
ZNF81,GO:0005759,Mitochondrial Matrix
SLC1A4,GO:0005759,Mitochondrial Matrix
TST,GO:0005759,Mitochondrial Matrix
SARS2,GO:0005759,Mitochondrial Matrix
TTC19,GO:0005759,Mitochondrial Matrix
SCO1,GO:0005759,Mitochondrial Matrix
CPX-6124,GO:0005759,Mitochondrial Matrix
NDUFAF3,GO:0005759,Mitochondrial Matrix
CLCC1,GO:0005759,Mitochondrial Matrix
SLC25A13,GO:0005759,Mitochondrial Matrix
BCS1L,GO:0005759,Mitochondrial Matrix
UQCC3,GO:0005759,Mitochondrial Matrix
SLC25A10,GO:0005759,Mitochondrial Matrix
DCTPP1,GO:0005759,Mitochondrial Matrix
RHCE,GO:0005759,Mitochondrial Matrix
ERAL1,GO:0005759,Mitochondrial Matrix
GFM2,GO:0005759,Mitochondrial Matrix
SLC25A32,GO:0005759,Mitochondrial Matrix
SLC52A1,GO:0005759,Mitochondrial Matrix
CPX-6862,GO:0005759,Mitochondrial Matrix
SFXN4,GO:0005759,Mitochondrial Matrix
PPOX,GO:0005759,Mitochondrial Matrix
UROS,GO:0005759,Mitochondrial Matrix
XK,GO:0005759,Mitochondrial Matrix
CPOX,GO:0005759,Mitochondrial Matrix
SLC25A38,GO:0005759,Mitochondrial Matrix
CA5B,GO:0005759,Mitochondrial Matrix
GAMT,GO:0005759,Mitochondrial Matrix
QRICH1,GO:0005759,Mitochondrial Matrix
SMS,GO:0005759,Mitochondrial Matrix
MCF2L2,GO:0005759,Mitochondrial Matrix
TECTA,GO:0005759,Mitochondrial Matrix
PUS1,GO:0005759,Mitochondrial Matrix
CPX-6133,GO:0005759,Mitochondrial Matrix
COA3,GO:0005759,Mitochondrial Matrix
NDUFAF4,GO:0005759,Mitochondrial Matrix
NDUFAF5,GO:0005759,Mitochondrial Matrix
TIMMDC1,GO:0005759,Mitochondrial Matrix
TACO1,GO:0005759,Mitochondrial Matrix
CRACD,GO:0005759,Mitochondrial Matrix
DALRD3,GO:0005759,Mitochondrial Matrix
CPX-6903,GO:0005759,Mitochondrial Matrix
SLC39A13,GO:0005759,Mitochondrial Matrix
RAB33B,GO:0005759,Mitochondrial Matrix
ATL3,GO:0005759,Mitochondrial Matrix
NHLRC2,GO:0005759,Mitochondrial Matrix
DENND5A,GO:0005759,Mitochondrial Matrix
TBC1D20,GO:0005759,Mitochondrial Matrix
GALNT2,GO:0005759,Mitochondrial Matrix
RAB3GAP1,GO:0005759,Mitochondrial Matrix
TEX14,GO:0005759,Mitochondrial Matrix
TMEM70,GO:0005759,Mitochondrial Matrix
MMAB,GO:0005759,Mitochondrial Matrix
TESK2,GO:0005759,Mitochondrial Matrix
HOGA1,GO:0005759,Mitochondrial Matrix
TRMU,GO:0005759,Mitochondrial Matrix
THG1L,GO:0005759,Mitochondrial Matrix
PCYT2,GO:0005759,Mitochondrial Matrix
ARL6,GO:0005759,Mitochondrial Matrix
RSPO4,GO:0005759,Mitochondrial Matrix
SLC25A19,GO:0005759,Mitochondrial Matrix
TBC1D23,GO:0005759,Mitochondrial Matrix
TBCK,GO:0005759,Mitochondrial Matrix
RP2,GO:0005759,Mitochondrial Matrix
SRPX2,GO:0005759,Mitochondrial Matrix
TBX19,GO:0005759,Mitochondrial Matrix
CLCN3,GO:0005759,Mitochondrial Matrix
SLC26A8,GO:0005759,Mitochondrial Matrix
CLCN5,GO:0005759,Mitochondrial Matrix
CERS1,GO:0005759,Mitochondrial Matrix
ALPI,GO:0005759,Mitochondrial Matrix
CLN8,GO:0005759,Mitochondrial Matrix
KCTD7,GO:0005759,Mitochondrial Matrix
MFSD8,GO:0005759,Mitochondrial Matrix
CA5A,GO:0005759,Mitochondrial Matrix
CHST8,GO:0005759,Mitochondrial Matrix
COX20,GO:0005759,Mitochondrial Matrix
COX16,GO:0005759,Mitochondrial Matrix
SLC6A14,GO:0005759,Mitochondrial Matrix
NECTIN4,GO:0005759,Mitochondrial Matrix
CHST6,GO:0005759,Mitochondrial Matrix
CST6,GO:0005759,Mitochondrial Matrix
TGM3,GO:0005759,Mitochondrial Matrix
SMPD4,GO:0005759,Mitochondrial Matrix
ACER3,GO:0005759,Mitochondrial Matrix
B4GAT1,GO:0005759,Mitochondrial Matrix
DPYS,GO:0005759,Mitochondrial Matrix
ALPG,GO:0005759,Mitochondrial Matrix
HPDL,GO:0005759,Mitochondrial Matrix
PTDSS1,GO:0005759,Mitochondrial Matrix
ACY1,GO:0005759,Mitochondrial Matrix
ANKH,GO:0005759,Mitochondrial Matrix
SLC12A8,GO:0005759,Mitochondrial Matrix
CBLIF,GO:0005759,Mitochondrial Matrix
SPINK5,GO:0005759,Mitochondrial Matrix
PROP1,GO:0005759,Mitochondrial Matrix
DLX4,GO:0005759,Mitochondrial Matrix
PMFBP1,GO:0005759,Mitochondrial Matrix
SUN5,GO:0005759,Mitochondrial Matrix
KRT6B,GO:0005759,Mitochondrial Matrix
CFHR5,GO:0005759,Mitochondrial Matrix
CPX-6156,GO:0005759,Mitochondrial Matrix
CFHR1,GO:0005759,Mitochondrial Matrix
TECPR2,GO:0005759,Mitochondrial Matrix
CPX-5181,GO:0005759,Mitochondrial Matrix
PANK2,GO:0005759,Mitochondrial Matrix
SLC34A3,GO:0005759,Mitochondrial Matrix
AGBL5,GO:0005759,Mitochondrial Matrix
PRSS37,GO:0005759,Mitochondrial Matrix
CEP89,GO:0005759,Mitochondrial Matrix
C2CD3,GO:0005759,Mitochondrial Matrix
ANKRD17,GO:0005759,Mitochondrial Matrix
GALE,GO:0005759,Mitochondrial Matrix
CPX-5043,GO:0005759,Mitochondrial Matrix
SLC24A4,GO:0005759,Mitochondrial Matrix
HACD1,GO:0005759,Mitochondrial Matrix
CPX-8463,GO:0005759,Mitochondrial Matrix
COA5,GO:0005759,Mitochondrial Matrix
EDARADD,GO:0005759,Mitochondrial Matrix
TGDS,GO:0005759,Mitochondrial Matrix
LHX4,GO:0005759,Mitochondrial Matrix
MARVELD2,GO:0005759,Mitochondrial Matrix
ALMS1,GO:0005759,Mitochondrial Matrix
MC5R,GO:0005759,Mitochondrial Matrix
CPAMD8,GO:0005759,Mitochondrial Matrix
SFTPB,GO:0005759,Mitochondrial Matrix
LIAS,GO:0005759,Mitochondrial Matrix
CPX-1163,GO:0005759,Mitochondrial Matrix
CPX-1168,GO:0005759,Mitochondrial Matrix
CPX-1169,GO:0005759,Mitochondrial Matrix
CPX-1170,GO:0005759,Mitochondrial Matrix
CPX-1171,GO:0005759,Mitochondrial Matrix
CPX-1172,GO:0005759,Mitochondrial Matrix
CPX-1173,GO:0005759,Mitochondrial Matrix
CPX-1174,GO:0005759,Mitochondrial Matrix
CPX-1175,GO:0005759,Mitochondrial Matrix
CPX-1176,GO:0005759,Mitochondrial Matrix
RNASET2,GO:0005759,Mitochondrial Matrix
GPRASP2,GO:0005759,Mitochondrial Matrix
AK2,GO:0005759,Mitochondrial Matrix
KANK2,GO:0005759,Mitochondrial Matrix
ALG3,GO:0005759,Mitochondrial Matrix
LMBRD1,GO:0005759,Mitochondrial Matrix
ARSL,GO:0005759,Mitochondrial Matrix
MANBA,GO:0005759,Mitochondrial Matrix
MGAT2,GO:0005759,Mitochondrial Matrix
IVD,GO:0005759,Mitochondrial Matrix
ANO6,GO:0005759,Mitochondrial Matrix
LARS2,GO:0005759,Mitochondrial Matrix
CPX-8406,GO:0005759,Mitochondrial Matrix
CPX-8407,GO:0005759,Mitochondrial Matrix
CPX-8428,GO:0005759,Mitochondrial Matrix
CPX-8442,GO:0005759,Mitochondrial Matrix
OSBPL2,GO:0005759,Mitochondrial Matrix
F8A1,GO:0005759,Mitochondrial Matrix
ST3GAL5,GO:0005759,Mitochondrial Matrix
ZP2,GO:0005759,Mitochondrial Matrix
DAZ1,GO:0005759,Mitochondrial Matrix
SPINK2,GO:0005759,Mitochondrial Matrix
DNAH1,GO:0005759,Mitochondrial Matrix
APPL2,GO:0005759,Mitochondrial Matrix
NIM1K,GO:0005759,Mitochondrial Matrix
GTPBP2,GO:0005759,Mitochondrial Matrix
TANC2,GO:0005759,Mitochondrial Matrix
LMOD3,GO:0005759,Mitochondrial Matrix
PGBD5,GO:0005759,Mitochondrial Matrix
CLN5,GO:0005759,Mitochondrial Matrix
TTC7A,GO:0005759,Mitochondrial Matrix
ALG8,GO:0005759,Mitochondrial Matrix
ZFYVE26,GO:0005759,Mitochondrial Matrix
TXNDC15,GO:0005759,Mitochondrial Matrix
SPAG17,GO:0005759,Mitochondrial Matrix
TMEM218,GO:0005759,Mitochondrial Matrix
CRYBB2,GO:0005759,Mitochondrial Matrix
CRYBB1,GO:0005759,Mitochondrial Matrix
DYNC2H1,GO:0005759,Mitochondrial Matrix
CCDC88C,GO:0005759,Mitochondrial Matrix
DNAJC21,GO:0005759,Mitochondrial Matrix
DIPK2B,GO:0005759,Mitochondrial Matrix
PANK4,GO:0005759,Mitochondrial Matrix
REEP1,GO:0005759,Mitochondrial Matrix
DNAH11,GO:0005759,Mitochondrial Matrix
ZNF142,GO:0005759,Mitochondrial Matrix
SLC39A8,GO:0005759,Mitochondrial Matrix
CPX-6441,GO:0005759,Mitochondrial Matrix
SYT14,GO:0005759,Mitochondrial Matrix
VWA3B,GO:0005759,Mitochondrial Matrix
IGSF3,GO:0005759,Mitochondrial Matrix
FLG2,GO:0005759,Mitochondrial Matrix
ATL1,GO:0005759,Mitochondrial Matrix
SBK3,GO:0005759,Mitochondrial Matrix
CPX-6310,GO:0005759,Mitochondrial Matrix
SLC52A2,GO:0005759,Mitochondrial Matrix
UQCC2,GO:0005759,Mitochondrial Matrix
DNAH10,GO:0005759,Mitochondrial Matrix
SLC52A3,GO:0005759,Mitochondrial Matrix
RSPRY1,GO:0005759,Mitochondrial Matrix
DNAJC30,GO:0005759,Mitochondrial Matrix
ATXN7L3B,GO:0005759,Mitochondrial Matrix
ZFYVE27,GO:0005759,Mitochondrial Matrix
VPS13B,GO:0005759,Mitochondrial Matrix
SEPTIN11,GO:0005759,Mitochondrial Matrix
ALG11,GO:0005759,Mitochondrial Matrix
SLC38A3,GO:0005759,Mitochondrial Matrix
SLC6A6,GO:0005759,Mitochondrial Matrix
KRT6A,GO:0005759,Mitochondrial Matrix
PERCC1,GO:0005759,Mitochondrial Matrix
KDSR,GO:0005759,Mitochondrial Matrix
VPS45,GO:0005759,Mitochondrial Matrix
SLC33A1,GO:0005759,Mitochondrial Matrix
ZC3H12D,GO:0005759,Mitochondrial Matrix
GALNT11,GO:0005759,Mitochondrial Matrix
DCDC2,GO:0005759,Mitochondrial Matrix
XYLT1,GO:0005759,Mitochondrial Matrix
ENGASE,GO:0005759,Mitochondrial Matrix
PIGN,GO:0005759,Mitochondrial Matrix
HYLS1,GO:0005759,Mitochondrial Matrix
PPCS,GO:0005759,Mitochondrial Matrix
TEX11,GO:0005759,Mitochondrial Matrix
LIPN,GO:0005759,Mitochondrial Matrix
DNASE1,GO:0005759,Mitochondrial Matrix
DDHD1,GO:0005759,Mitochondrial Matrix
SLC45A1,GO:0005759,Mitochondrial Matrix
HR,GO:0005759,Mitochondrial Matrix
DYRK4,GO:0005759,Mitochondrial Matrix
CEP19,GO:0005759,Mitochondrial Matrix
AMMECR1,GO:0005759,Mitochondrial Matrix
KRT4,GO:0005759,Mitochondrial Matrix
LEP,GO:0030055,Cell-Substrate Junction
MAOA,GO:0030055,Cell-Substrate Junction
GNAS,GO:0030055,Cell-Substrate Junction
SRC,GO:0030055,Cell-Substrate Junction
CPX-8432,GO:0030055,Cell-Substrate Junction
SLC6A2,GO:0030055,Cell-Substrate Junction
CPX-1062,GO:0030055,Cell-Substrate Junction
CPX-1069,GO:0030055,Cell-Substrate Junction
CPX-1070,GO:0030055,Cell-Substrate Junction
CPX-1120,GO:0030055,Cell-Substrate Junction
CPX-1134,GO:0030055,Cell-Substrate Junction
CPX-1180,GO:0030055,Cell-Substrate Junction
ADRB2,GO:0030055,Cell-Substrate Junction
LINGO1,GO:0030055,Cell-Substrate Junction
AGT,GO:0030055,Cell-Substrate Junction
CPX-117,GO:0030055,Cell-Substrate Junction
CPX-122,GO:0030055,Cell-Substrate Junction
PIP4K2A,GO:0030055,Cell-Substrate Junction
TH,GO:0030055,Cell-Substrate Junction
POMC,GO:0030055,Cell-Substrate Junction
CXCR4,GO:0030055,Cell-Substrate Junction
DISC1,GO:0030055,Cell-Substrate Junction
TPH2,GO:0030055,Cell-Substrate Junction
CPX-577,GO:0030055,Cell-Substrate Junction
SMO,GO:0030055,Cell-Substrate Junction
WNT5A,GO:0030055,Cell-Substrate Junction
EGFR,GO:0030055,Cell-Substrate Junction
SIGMAR1,GO:0030055,Cell-Substrate Junction
NTRK2,GO:0030055,Cell-Substrate Junction
GNAQ,GO:0030055,Cell-Substrate Junction
CPX-1001,GO:0030055,Cell-Substrate Junction
CPX-1002,GO:0030055,Cell-Substrate Junction
CPX-1003,GO:0030055,Cell-Substrate Junction
CPX-1009,GO:0030055,Cell-Substrate Junction
CPX-102,GO:0030055,Cell-Substrate Junction
CPX-1048,GO:0030055,Cell-Substrate Junction
CPX-1050,GO:0030055,Cell-Substrate Junction
CPX-1112,GO:0030055,Cell-Substrate Junction
CPX-1114,GO:0030055,Cell-Substrate Junction
CPX-1116,GO:0030055,Cell-Substrate Junction
CPX-1118,GO:0030055,Cell-Substrate Junction
CPX-2341,GO:0030055,Cell-Substrate Junction
CPX-674,GO:0030055,Cell-Substrate Junction
CPX-902,GO:0030055,Cell-Substrate Junction
CPX-998,GO:0030055,Cell-Substrate Junction
CPX-6416,GO:0030055,Cell-Substrate Junction
CPX-6477,GO:0030055,Cell-Substrate Junction
CPX-6564,GO:0030055,Cell-Substrate Junction
CPX-6783,GO:0030055,Cell-Substrate Junction
CPX-3142,GO:0030055,Cell-Substrate Junction
BACE1,GO:0030055,Cell-Substrate Junction
CHAT,GO:0030055,Cell-Substrate Junction
HTT,GO:0030055,Cell-Substrate Junction
SREBF1,GO:0030055,Cell-Substrate Junction
CNR1,GO:0030055,Cell-Substrate Junction
EDN1,GO:0030055,Cell-Substrate Junction
PPP2R2B,GO:0030055,Cell-Substrate Junction
CPX-2476,GO:0030055,Cell-Substrate Junction
CPX-943,GO:0030055,Cell-Substrate Junction
CPX-2494,GO:0030055,Cell-Substrate Junction
CPX-6405,GO:0030055,Cell-Substrate Junction
CPX-8,GO:0030055,Cell-Substrate Junction
CTNNA3,GO:0030055,Cell-Substrate Junction
AGTR1,GO:0030055,Cell-Substrate Junction
FTO,GO:0030055,Cell-Substrate Junction
NTRK1,GO:0030055,Cell-Substrate Junction
CPX-1795,GO:0030055,Cell-Substrate Junction
CPX-1799,GO:0030055,Cell-Substrate Junction
CPX-8572,GO:0030055,Cell-Substrate Junction
CDC42,GO:0030055,Cell-Substrate Junction
TPM3,GO:0030055,Cell-Substrate Junction
CALM1,GO:0030055,Cell-Substrate Junction
GNA11,GO:0030055,Cell-Substrate Junction
CAV1,GO:0030055,Cell-Substrate Junction
NTRK3,GO:0030055,Cell-Substrate Junction
SYN2,GO:0030055,Cell-Substrate Junction
IL1B,GO:0030055,Cell-Substrate Junction
IGF1,GO:0030055,Cell-Substrate Junction
AGRP,GO:0030055,Cell-Substrate Junction
ADRB3,GO:0030055,Cell-Substrate Junction
FYN,GO:0030055,Cell-Substrate Junction
NPPA,GO:0030055,Cell-Substrate Junction
APOE,GO:0030055,Cell-Substrate Junction
ACE,GO:0030055,Cell-Substrate Junction
CPX-623,GO:0030055,Cell-Substrate Junction
MECP2,GO:0030055,Cell-Substrate Junction
CPX-2805,GO:0030055,Cell-Substrate Junction
CPX-8826,GO:0030055,Cell-Substrate Junction
CPX-8828,GO:0030055,Cell-Substrate Junction
CPX-8931,GO:0030055,Cell-Substrate Junction
CPX-8932,GO:0030055,Cell-Substrate Junction
CPX-8933,GO:0030055,Cell-Substrate Junction
VAMP2,GO:0030055,Cell-Substrate Junction
ITPR1,GO:0030055,Cell-Substrate Junction
MAP3K11,GO:0030055,Cell-Substrate Junction
CPX-2173,GO:0030055,Cell-Substrate Junction
CPX-3186,GO:0030055,Cell-Substrate Junction
CPX-3187,GO:0030055,Cell-Substrate Junction
PIK3R5,GO:0030055,Cell-Substrate Junction
CPX-4302,GO:0030055,Cell-Substrate Junction
BTK,GO:0030055,Cell-Substrate Junction
CFTR,GO:0030055,Cell-Substrate Junction
CPX-873,GO:0030055,Cell-Substrate Junction
GJA1,GO:0030055,Cell-Substrate Junction
ALB,GO:0030055,Cell-Substrate Junction
CPX-128,GO:0030055,Cell-Substrate Junction
CPX-130,GO:0030055,Cell-Substrate Junction
TBX5,GO:0030055,Cell-Substrate Junction
CPX-61,GO:0030055,Cell-Substrate Junction
CPX-496,GO:0030055,Cell-Substrate Junction
CPX-517,GO:0030055,Cell-Substrate Junction
CPX-3280,GO:0030055,Cell-Substrate Junction
TPM1,GO:0030055,Cell-Substrate Junction
LMNA,GO:0030055,Cell-Substrate Junction
HSPA1A,GO:0030055,Cell-Substrate Junction
MYH6,GO:0030055,Cell-Substrate Junction
ATP2A2,GO:0030055,Cell-Substrate Junction
TARDBP,GO:0030055,Cell-Substrate Junction
PNKP,GO:0030055,Cell-Substrate Junction
MAPK12,GO:0030055,Cell-Substrate Junction
EEF1A2,GO:0030055,Cell-Substrate Junction
GSK3A,GO:0030055,Cell-Substrate Junction
CTSD,GO:0030055,Cell-Substrate Junction
APOA1,GO:0030055,Cell-Substrate Junction
CPX-4310,GO:0030055,Cell-Substrate Junction
CPX-5381,GO:0030055,Cell-Substrate Junction
CPX-973,GO:0030055,Cell-Substrate Junction
ZC3H14,GO:0030055,Cell-Substrate Junction
PXDN,GO:0030055,Cell-Substrate Junction
CCDC62,GO:0030055,Cell-Substrate Junction
GFAP,GO:0030055,Cell-Substrate Junction
CHI3L1,GO:0030055,Cell-Substrate Junction
ADAM10,GO:0030055,Cell-Substrate Junction
SNCAIP,GO:0030055,Cell-Substrate Junction
MARK4,GO:0030055,Cell-Substrate Junction
MAPK3,GO:0030055,Cell-Substrate Junction
SYP,GO:0030055,Cell-Substrate Junction
TUBB4A,GO:0030055,Cell-Substrate Junction
CPX-2897,GO:0030055,Cell-Substrate Junction
UCHL1,GO:0030055,Cell-Substrate Junction
CPX-6151,GO:0030055,Cell-Substrate Junction
CPX-2176,GO:0030055,Cell-Substrate Junction
CPX-4231,GO:0030055,Cell-Substrate Junction
CPX-4232,GO:0030055,Cell-Substrate Junction
CPX-4233,GO:0030055,Cell-Substrate Junction
CPX-2674,GO:0030055,Cell-Substrate Junction
MAP1B,GO:0030055,Cell-Substrate Junction
CPX-6129,GO:0030055,Cell-Substrate Junction
CPX-6130,GO:0030055,Cell-Substrate Junction
LRRK2,GO:0030055,Cell-Substrate Junction
LRP8,GO:0030055,Cell-Substrate Junction
PRKCE,GO:0030055,Cell-Substrate Junction
ADAM17,GO:0030055,Cell-Substrate Junction
NEFH,GO:0030055,Cell-Substrate Junction
TUBB6,GO:0030055,Cell-Substrate Junction
TUBB3,GO:0030055,Cell-Substrate Junction
CLCN1,GO:0030055,Cell-Substrate Junction
PARK7,GO:0030055,Cell-Substrate Junction
DYRK1A,GO:0030055,Cell-Substrate Junction
MAPT,GO:0030055,Cell-Substrate Junction
QPCT,GO:0030055,Cell-Substrate Junction
CPX-850,GO:0030055,Cell-Substrate Junction
CPX-853,GO:0030055,Cell-Substrate Junction
CPX-856,GO:0030055,Cell-Substrate Junction
PRKAA1,GO:0030055,Cell-Substrate Junction
CPX-6232,GO:0030055,Cell-Substrate Junction
PRKN,GO:0030055,Cell-Substrate Junction
SGK1,GO:0030055,Cell-Substrate Junction
NGF,GO:0030055,Cell-Substrate Junction
L1CAM,GO:0030055,Cell-Substrate Junction
CPX-2349,GO:0030055,Cell-Substrate Junction
PRKAA2,GO:0030055,Cell-Substrate Junction
TREM2,GO:0030055,Cell-Substrate Junction
GSN,GO:0030055,Cell-Substrate Junction
TUBB2A,GO:0030055,Cell-Substrate Junction
SMN2,GO:0030055,Cell-Substrate Junction
CNP,GO:0030055,Cell-Substrate Junction
PPP1CB,GO:0030055,Cell-Substrate Junction
PTK2B,GO:0030055,Cell-Substrate Junction
MBP,GO:0030055,Cell-Substrate Junction
CBS,GO:0030055,Cell-Substrate Junction
PPP1R12A,GO:0030055,Cell-Substrate Junction
PRNP,GO:0030055,Cell-Substrate Junction
KLC2,GO:0030055,Cell-Substrate Junction
CPX-5149,GO:0030055,Cell-Substrate Junction
CPX-5150,GO:0030055,Cell-Substrate Junction
PRKCA,GO:0030055,Cell-Substrate Junction
MME,GO:0030055,Cell-Substrate Junction
CDK5,GO:0030055,Cell-Substrate Junction
TUBA1A,GO:0030055,Cell-Substrate Junction
DNM1L,GO:0030055,Cell-Substrate Junction
ACTG1,GO:0030055,Cell-Substrate Junction
CLTC,GO:0030055,Cell-Substrate Junction
NEFL,GO:0030055,Cell-Substrate Junction
PLCG2,GO:0030055,Cell-Substrate Junction
DCX,GO:0030055,Cell-Substrate Junction
B2M,GO:0030055,Cell-Substrate Junction
CD74,GO:0030055,Cell-Substrate Junction
CPX-5183,GO:0030055,Cell-Substrate Junction
CPX-7664,GO:0030055,Cell-Substrate Junction
CPX-7665,GO:0030055,Cell-Substrate Junction
CPX-5223,GO:0030055,Cell-Substrate Junction
EEF2,GO:0030055,Cell-Substrate Junction
PKM,GO:0030055,Cell-Substrate Junction
EIF5A,GO:0030055,Cell-Substrate Junction
GCGR,GO:0030055,Cell-Substrate Junction
RPL26,GO:0030055,Cell-Substrate Junction
IDH1,GO:0030055,Cell-Substrate Junction
GSR,GO:0030055,Cell-Substrate Junction
KRAS,GO:0030055,Cell-Substrate Junction
CPX-1017,GO:0030055,Cell-Substrate Junction
CPX-6134,GO:0030055,Cell-Substrate Junction
CPX-6135,GO:0030055,Cell-Substrate Junction
ICAM1,GO:0030055,Cell-Substrate Junction
SCARB2,GO:0030055,Cell-Substrate Junction
ANK1,GO:0030055,Cell-Substrate Junction
REN,GO:0030055,Cell-Substrate Junction
AKR1B1,GO:0030055,Cell-Substrate Junction
HPGDS,GO:0030055,Cell-Substrate Junction
NOS3,GO:0030055,Cell-Substrate Junction
CPX-3762,GO:0030055,Cell-Substrate Junction
CPX-52,GO:0030055,Cell-Substrate Junction
PRKCD,GO:0030055,Cell-Substrate Junction
MEF2C,GO:0030055,Cell-Substrate Junction
MSN,GO:0030055,Cell-Substrate Junction
GPX7,GO:0030055,Cell-Substrate Junction
PTGS2,GO:0030055,Cell-Substrate Junction
CPX-2497,GO:0030055,Cell-Substrate Junction
CPX-6567,GO:0030055,Cell-Substrate Junction
XDH,GO:0030055,Cell-Substrate Junction
ASNS,GO:0030055,Cell-Substrate Junction
PPARA,GO:0030055,Cell-Substrate Junction
ADIPOQ,GO:0030055,Cell-Substrate Junction
CPX-395,GO:0030055,Cell-Substrate Junction
CD36,GO:0030055,Cell-Substrate Junction
MFN2,GO:0030055,Cell-Substrate Junction
SOD2,GO:0030055,Cell-Substrate Junction
NR1H4,GO:0030055,Cell-Substrate Junction
HMOX2,GO:0030055,Cell-Substrate Junction
GSS,GO:0030055,Cell-Substrate Junction
IGF1R,GO:0030055,Cell-Substrate Junction
CPX-6273,GO:0030055,Cell-Substrate Junction
TYRP1,GO:0030055,Cell-Substrate Junction
CHD7,GO:0030055,Cell-Substrate Junction
GDNF,GO:0030055,Cell-Substrate Junction
NR0B2,GO:0030055,Cell-Substrate Junction
CYP27B1,GO:0030055,Cell-Substrate Junction
HMGCR,GO:0030055,Cell-Substrate Junction
HNF4A,GO:0030055,Cell-Substrate Junction
HLA-B,GO:0030055,Cell-Substrate Junction
KDR,GO:0030055,Cell-Substrate Junction
EGF,GO:0030055,Cell-Substrate Junction
CDH2,GO:0030055,Cell-Substrate Junction
CPX-3111,GO:0030055,Cell-Substrate Junction
PROM1,GO:0030055,Cell-Substrate Junction
CPX-494,GO:0030055,Cell-Substrate Junction
APOB,GO:0030055,Cell-Substrate Junction
CPX-1650,GO:0030055,Cell-Substrate Junction
HSP90B1,GO:0030055,Cell-Substrate Junction
PLG,GO:0030055,Cell-Substrate Junction
BAG5,GO:0030055,Cell-Substrate Junction
CPX-98,GO:0030055,Cell-Substrate Junction
CPX-5768,GO:0030055,Cell-Substrate Junction
PGK1,GO:0030055,Cell-Substrate Junction
SECISBP2,GO:0030055,Cell-Substrate Junction
DSP,GO:0030055,Cell-Substrate Junction
BCAP31,GO:0030055,Cell-Substrate Junction
RAF1,GO:0030055,Cell-Substrate Junction
SERPINA1,GO:0030055,Cell-Substrate Junction
CPX-2624,GO:0030055,Cell-Substrate Junction
ENTPD2,GO:0030055,Cell-Substrate Junction
CPX-646,GO:0030055,Cell-Substrate Junction
CCR5,GO:0030055,Cell-Substrate Junction
HSD11B2,GO:0030055,Cell-Substrate Junction
SAA1,GO:0030055,Cell-Substrate Junction
SLC2A4,GO:0030055,Cell-Substrate Junction
SLC2A2,GO:0030055,Cell-Substrate Junction
CPX-7725,GO:0030055,Cell-Substrate Junction
SELP,GO:0030055,Cell-Substrate Junction
RASA1,GO:0030055,Cell-Substrate Junction
ESR2,GO:0030055,Cell-Substrate Junction
SFTPC,GO:0030055,Cell-Substrate Junction
FPR3,GO:0030055,Cell-Substrate Junction
VWF,GO:0030055,Cell-Substrate Junction
MTNR1A,GO:0030055,Cell-Substrate Junction
LDLRAP1,GO:0030055,Cell-Substrate Junction
FZD4,GO:0030055,Cell-Substrate Junction
SAA2,GO:0030055,Cell-Substrate Junction
CREB3L3,GO:0030055,Cell-Substrate Junction
FASN,GO:0030055,Cell-Substrate Junction
GPBAR1,GO:0030055,Cell-Substrate Junction
RDX,GO:0030055,Cell-Substrate Junction
NGFR,GO:0030055,Cell-Substrate Junction
TYR,GO:0030055,Cell-Substrate Junction
TTR,GO:0030055,Cell-Substrate Junction
AHSG,GO:0030055,Cell-Substrate Junction
HP,GO:0030055,Cell-Substrate Junction
CPX-4108,GO:0030055,Cell-Substrate Junction
ANTXR1,GO:0030055,Cell-Substrate Junction
RTN4R,GO:0030055,Cell-Substrate Junction
NTN1,GO:0030055,Cell-Substrate Junction
SORT1,GO:0030055,Cell-Substrate Junction
VAC14,GO:0030055,Cell-Substrate Junction
GPC1,GO:0030055,Cell-Substrate Junction
SEMA3A,GO:0030055,Cell-Substrate Junction
APPL1,GO:0030055,Cell-Substrate Junction
SERPINI1,GO:0030055,Cell-Substrate Junction
CFL2,GO:0030055,Cell-Substrate Junction
HOMER2,GO:0030055,Cell-Substrate Junction
PRSS1,GO:0030055,Cell-Substrate Junction
FCGR2B,GO:0030055,Cell-Substrate Junction
CTRB1,GO:0030055,Cell-Substrate Junction
VANGL2,GO:0030055,Cell-Substrate Junction
DAB1,GO:0030055,Cell-Substrate Junction
PLAU,GO:0030055,Cell-Substrate Junction
ABCA1,GO:0030055,Cell-Substrate Junction
AGER,GO:0030055,Cell-Substrate Junction
DBN1,GO:0030055,Cell-Substrate Junction
MSR1,GO:0030055,Cell-Substrate Junction
CPX-1826,GO:0030055,Cell-Substrate Junction
IRS1,GO:0030055,Cell-Substrate Junction
MED13L,GO:0030055,Cell-Substrate Junction
WDFY3,GO:0030055,Cell-Substrate Junction
CAMKK2,GO:0030055,Cell-Substrate Junction
ZNF292,GO:0030055,Cell-Substrate Junction
ADNP,GO:0030055,Cell-Substrate Junction
CTNND1,GO:0030055,Cell-Substrate Junction
JAM2,GO:0030055,Cell-Substrate Junction
PLEC,GO:0030055,Cell-Substrate Junction
CPX-114,GO:0030055,Cell-Substrate Junction
SMN1,GO:0030055,Cell-Substrate Junction
LIPE,GO:0030055,Cell-Substrate Junction
STAR,GO:0030055,Cell-Substrate Junction
GLUL,GO:0030055,Cell-Substrate Junction
OLR1,GO:0030055,Cell-Substrate Junction
PPARD,GO:0030055,Cell-Substrate Junction
CPX-6573,GO:0030055,Cell-Substrate Junction
CPX-6592,GO:0030055,Cell-Substrate Junction
CPX-6594,GO:0030055,Cell-Substrate Junction
CPX-6598,GO:0030055,Cell-Substrate Junction
CPX-6091,GO:0030055,Cell-Substrate Junction
FGF20,GO:0030055,Cell-Substrate Junction
CPX-475,GO:0030055,Cell-Substrate Junction
CPX-483,GO:0030055,Cell-Substrate Junction
MSTN,GO:0030055,Cell-Substrate Junction
PAX8,GO:0030055,Cell-Substrate Junction
FGF10,GO:0030055,Cell-Substrate Junction
CAMK2G,GO:0030055,Cell-Substrate Junction
FLNC,GO:0030055,Cell-Substrate Junction
FGF3,GO:0030055,Cell-Substrate Junction
FOXG1,GO:0030055,Cell-Substrate Junction
PTK2,GO:0030055,Cell-Substrate Junction
ERBB4,GO:0030055,Cell-Substrate Junction
FGF17,GO:0030055,Cell-Substrate Junction
DLL1,GO:0030055,Cell-Substrate Junction
CPX-561,GO:0030055,Cell-Substrate Junction
CHUK,GO:0030055,Cell-Substrate Junction
ENG,GO:0030055,Cell-Substrate Junction
BMPR2,GO:0030055,Cell-Substrate Junction
MYH11,GO:0030055,Cell-Substrate Junction
ILK,GO:0030055,Cell-Substrate Junction
FGF16,GO:0030055,Cell-Substrate Junction
MYOCD,GO:0030055,Cell-Substrate Junction
FLNB,GO:0030055,Cell-Substrate Junction
NT5E,GO:0030055,Cell-Substrate Junction
SLC1A3,GO:0030055,Cell-Substrate Junction
P2RX7,GO:0030055,Cell-Substrate Junction
EPB41,GO:0030055,Cell-Substrate Junction
CAMK2D,GO:0030055,Cell-Substrate Junction
MYH9,GO:0030055,Cell-Substrate Junction
CPX-312,GO:0030055,Cell-Substrate Junction
CPX-313,GO:0030055,Cell-Substrate Junction
LYN,GO:0030055,Cell-Substrate Junction
PLIN1,GO:0030055,Cell-Substrate Junction
NOS1,GO:0030055,Cell-Substrate Junction
CX3CR1,GO:0030055,Cell-Substrate Junction
CPN1,GO:0030055,Cell-Substrate Junction
ADCY10,GO:0030055,Cell-Substrate Junction
ARHGDIA,GO:0030055,Cell-Substrate Junction
MIF,GO:0030055,Cell-Substrate Junction
TYROBP,GO:0030055,Cell-Substrate Junction
MOG,GO:0030055,Cell-Substrate Junction
CPX-2158,GO:0030055,Cell-Substrate Junction
CPX-2929,GO:0030055,Cell-Substrate Junction
CPX-2936,GO:0030055,Cell-Substrate Junction
MMP7,GO:0030055,Cell-Substrate Junction
TSPO,GO:0030055,Cell-Substrate Junction
SGK2,GO:0030055,Cell-Substrate Junction
PCK1,GO:0030055,Cell-Substrate Junction
PITX2,GO:0030055,Cell-Substrate Junction
TBX3,GO:0030055,Cell-Substrate Junction
IDH2,GO:0030055,Cell-Substrate Junction
TXNRD2,GO:0030055,Cell-Substrate Junction
PPP1R3A,GO:0030055,Cell-Substrate Junction
NME2,GO:0030055,Cell-Substrate Junction
PCK2,GO:0030055,Cell-Substrate Junction
SGK3,GO:0030055,Cell-Substrate Junction
GTF2I,GO:0030055,Cell-Substrate Junction
TCF7L2,GO:0030055,Cell-Substrate Junction
CPX-1794,GO:0030055,Cell-Substrate Junction
SYK,GO:0030055,Cell-Substrate Junction
DCN,GO:0030055,Cell-Substrate Junction
CPX-1791,GO:0030055,Cell-Substrate Junction
CLDN11,GO:0030055,Cell-Substrate Junction
TGFBI,GO:0030055,Cell-Substrate Junction
CPX-791,GO:0030055,Cell-Substrate Junction
RRAS2,GO:0030055,Cell-Substrate Junction
EEF2K,GO:0030055,Cell-Substrate Junction
TIAM1,GO:0030055,Cell-Substrate Junction
MRAS,GO:0030055,Cell-Substrate Junction
NRTN,GO:0030055,Cell-Substrate Junction
GFRA1,GO:0030055,Cell-Substrate Junction
NRAS,GO:0030055,Cell-Substrate Junction
EMD,GO:0030055,Cell-Substrate Junction
RHAG,GO:0030055,Cell-Substrate Junction
PRKD3,GO:0030055,Cell-Substrate Junction
PRKD1,GO:0030055,Cell-Substrate Junction
PRKD2,GO:0030055,Cell-Substrate Junction
RPS6KA1,GO:0030055,Cell-Substrate Junction
ACTN1,GO:0030055,Cell-Substrate Junction
FOXP2,GO:0030055,Cell-Substrate Junction
CPX-2490,GO:0030055,Cell-Substrate Junction
CPX-2579,GO:0030055,Cell-Substrate Junction
CPX-2580,GO:0030055,Cell-Substrate Junction
CPX-2583,GO:0030055,Cell-Substrate Junction
CPX-2586,GO:0030055,Cell-Substrate Junction
CPX-2592,GO:0030055,Cell-Substrate Junction
CPX-2663,GO:0030055,Cell-Substrate Junction
CPX-2668,GO:0030055,Cell-Substrate Junction
CNKSR2,GO:0030055,Cell-Substrate Junction
RALA,GO:0030055,Cell-Substrate Junction
LIMK1,GO:0030055,Cell-Substrate Junction
ACTA1,GO:0030055,Cell-Substrate Junction
ELP1,GO:0030055,Cell-Substrate Junction
MAP3K20,GO:0030055,Cell-Substrate Junction
CLCN6,GO:0030055,Cell-Substrate Junction
CAMK1,GO:0030055,Cell-Substrate Junction
CAMK4,GO:0030055,Cell-Substrate Junction
TXK,GO:0030055,Cell-Substrate Junction
ANK3,GO:0030055,Cell-Substrate Junction
NPHS1,GO:0030055,Cell-Substrate Junction
EPHA3,GO:0030055,Cell-Substrate Junction
ANO1,GO:0030055,Cell-Substrate Junction
LAMP2,GO:0030055,Cell-Substrate Junction
FERMT3,GO:0030055,Cell-Substrate Junction
MYO1F,GO:0030055,Cell-Substrate Junction
PFN1,GO:0030055,Cell-Substrate Junction
PACS2,GO:0030055,Cell-Substrate Junction
VAPB,GO:0030055,Cell-Substrate Junction
MYL9,GO:0030055,Cell-Substrate Junction
AQP2,GO:0030055,Cell-Substrate Junction
NEUROD1,GO:0030055,Cell-Substrate Junction
CPX-9,GO:0030055,Cell-Substrate Junction
CPX-8323,GO:0030055,Cell-Substrate Junction
CPX-8342,GO:0030055,Cell-Substrate Junction
RBMX,GO:0030055,Cell-Substrate Junction
HNRNPH2,GO:0030055,Cell-Substrate Junction
KIF5C,GO:0030055,Cell-Substrate Junction
KIF1B,GO:0030055,Cell-Substrate Junction
MYL1,GO:0030055,Cell-Substrate Junction
OLIG2,GO:0030055,Cell-Substrate Junction
DMBT1,GO:0030055,Cell-Substrate Junction
PGAM1,GO:0030055,Cell-Substrate Junction
GK,GO:0030055,Cell-Substrate Junction
KIAA1549,GO:0030055,Cell-Substrate Junction
ALDOA,GO:0030055,Cell-Substrate Junction
PCNT,GO:0030055,Cell-Substrate Junction
PLAGL1,GO:0030055,Cell-Substrate Junction
MIB1,GO:0030055,Cell-Substrate Junction
HFE,GO:0030055,Cell-Substrate Junction
LFNG,GO:0030055,Cell-Substrate Junction
CTNND2,GO:0030055,Cell-Substrate Junction
OPA1,GO:0030055,Cell-Substrate Junction
ACTC1,GO:0030055,Cell-Substrate Junction
AGGF1,GO:0030055,Cell-Substrate Junction
ACTG2,GO:0030055,Cell-Substrate Junction
PIEZO1,GO:0030055,Cell-Substrate Junction
TRPM6,GO:0030055,Cell-Substrate Junction
STIM1,GO:0030055,Cell-Substrate Junction
TBC1D4,GO:0030055,Cell-Substrate Junction
CCDC88A,GO:0030055,Cell-Substrate Junction
KLF1,GO:0030055,Cell-Substrate Junction
PDX1,GO:0030055,Cell-Substrate Junction
CPX-4469,GO:0030055,Cell-Substrate Junction
CPX-4503,GO:0030055,Cell-Substrate Junction
CAMTA1,GO:0030055,Cell-Substrate Junction
MYH10,GO:0030055,Cell-Substrate Junction
HTRA1,GO:0030055,Cell-Substrate Junction
CPX-1804,GO:0030055,Cell-Substrate Junction
SOX3,GO:0030055,Cell-Substrate Junction
DCLK1,GO:0030055,Cell-Substrate Junction
ERC1,GO:0030055,Cell-Substrate Junction
MBD5,GO:0030055,Cell-Substrate Junction
ELMO2,GO:0030055,Cell-Substrate Junction
CRIPT,GO:0030055,Cell-Substrate Junction
FAT4,GO:0030055,Cell-Substrate Junction
IQSEC1,GO:0030055,Cell-Substrate Junction
MYO5A,GO:0030055,Cell-Substrate Junction
CPX-6272,GO:0030055,Cell-Substrate Junction
TBX18,GO:0030055,Cell-Substrate Junction
RAB27A,GO:0030055,Cell-Substrate Junction
PRKCI,GO:0030055,Cell-Substrate Junction
WDR45,GO:0030055,Cell-Substrate Junction
DNAL4,GO:0030055,Cell-Substrate Junction
KIDINS220,GO:0030055,Cell-Substrate Junction
MYLK,GO:0030055,Cell-Substrate Junction
NHS,GO:0030055,Cell-Substrate Junction
DCLK2,GO:0030055,Cell-Substrate Junction
PLS1,GO:0030055,Cell-Substrate Junction
TWF1,GO:0030055,Cell-Substrate Junction
ARF1,GO:0030055,Cell-Substrate Junction
MYH14,GO:0030055,Cell-Substrate Junction
DAPK2,GO:0030055,Cell-Substrate Junction
IL31RA,GO:0030055,Cell-Substrate Junction
WASF1,GO:0030055,Cell-Substrate Junction
KANK1,GO:0030055,Cell-Substrate Junction
ADAM9,GO:0030055,Cell-Substrate Junction
LRBA,GO:0030055,Cell-Substrate Junction
UBAP2,GO:0030055,Cell-Substrate Junction
PALLD,GO:0030055,Cell-Substrate Junction
CHN1,GO:0030055,Cell-Substrate Junction
EPHB6,GO:0030055,Cell-Substrate Junction
MYO9B,GO:0030055,Cell-Substrate Junction
WNK2,GO:0030055,Cell-Substrate Junction
IRF6,GO:0030055,Cell-Substrate Junction
CPX-2643,GO:0030055,Cell-Substrate Junction
MYO1E,GO:0030055,Cell-Substrate Junction
STK33,GO:0030055,Cell-Substrate Junction
NEXN,GO:0030055,Cell-Substrate Junction
TPM2,GO:0030055,Cell-Substrate Junction
MYH2,GO:0030055,Cell-Substrate Junction
NEB,GO:0030055,Cell-Substrate Junction
MYH3,GO:0030055,Cell-Substrate Junction
MSRB3,GO:0030055,Cell-Substrate Junction
SNCA,GO:0030055,Cell-Substrate Junction
MARK1,GO:0030055,Cell-Substrate Junction
RPS27,GO:0030055,Cell-Substrate Junction
ADGRG1,GO:0030055,Cell-Substrate Junction
DLX5,GO:0030055,Cell-Substrate Junction
CPX-445,GO:0030055,Cell-Substrate Junction
ZNF699,GO:0030055,Cell-Substrate Junction
DNAAF4,GO:0005634,Nucleus
RXRG,GO:0005634,Nucleus
CPX-652,GO:0005634,Nucleus
CPX-716,GO:0005634,Nucleus
CPX-871,GO:0005634,Nucleus
RARG,GO:0005634,Nucleus
TRIM32,GO:0005634,Nucleus
DNAJA1,GO:0005634,Nucleus
NTHL1,GO:0005634,Nucleus
SETX,GO:0005634,Nucleus
CPX-484,GO:0005634,Nucleus
CPX-8175,GO:0005634,Nucleus
SPRTN,GO:0005634,Nucleus
CPX-3301,GO:0005634,Nucleus
CPX-2358,GO:0005634,Nucleus
NHEJ1,GO:0005634,Nucleus
POLI,GO:0005634,Nucleus
WNT3,GO:0005634,Nucleus
PIN1,GO:0005634,Nucleus
MAPRE2,GO:0005634,Nucleus
PHF6,GO:0005634,Nucleus
UBQLN4,GO:0005634,Nucleus
CHCHD10,GO:0005634,Nucleus
CPX-2338,GO:0005634,Nucleus
CPX-2342,GO:0005634,Nucleus
CPX-2870,GO:0005634,Nucleus
CPX-7341,GO:0005634,Nucleus
CPX-8169,GO:0005634,Nucleus
CPX-2735,GO:0005634,Nucleus
CPX-2740,GO:0005634,Nucleus
CPX-2749,GO:0005634,Nucleus
CPX-2750,GO:0005634,Nucleus
CPX-2752,GO:0005634,Nucleus
SBDS,GO:0005634,Nucleus
IRAK3,GO:0005634,Nucleus
CPX-8738,GO:0005634,Nucleus
CPX-5621,GO:0005634,Nucleus
CPX-6461,GO:0005634,Nucleus
HERC2,GO:0005634,Nucleus
KMT2E,GO:0005634,Nucleus
TBL1Y,GO:0005634,Nucleus
PHF21A,GO:0005634,Nucleus
WAC,GO:0005634,Nucleus
SYVN1,GO:0005634,Nucleus
CYLD,GO:0005634,Nucleus
MAP2K6,GO:0005634,Nucleus
CDC6,GO:0005634,Nucleus
HDAC10,GO:0005634,Nucleus
CPX-1949,GO:0005634,Nucleus
WDR37,GO:0005634,Nucleus
PHF23,GO:0005634,Nucleus
CPX-6270,GO:0005634,Nucleus
MAP3K7,GO:0005634,Nucleus
NR5A1,GO:0005634,Nucleus
CITED2,GO:0005634,Nucleus
SIRT5,GO:0005634,Nucleus
PLOD1,GO:0005634,Nucleus
PLOD3,GO:0005634,Nucleus
CPX-3481,GO:0005634,Nucleus
CPX-994,GO:0005634,Nucleus
PIWIL1,GO:0005634,Nucleus
PRDM5,GO:0005634,Nucleus
POGZ,GO:0005634,Nucleus
UHRF2,GO:0005634,Nucleus
ZNF462,GO:0005634,Nucleus
PLOD2,GO:0005634,Nucleus
GFI1,GO:0005634,Nucleus
RERE,GO:0005634,Nucleus
PRMT7,GO:0005634,Nucleus
GFI1B,GO:0005634,Nucleus
CUX1,GO:0005634,Nucleus
ZNF644,GO:0005634,Nucleus
MSX1,GO:0005634,Nucleus
TET3,GO:0005634,Nucleus
UHRF1,GO:0005634,Nucleus
CPX-3222,GO:0005634,Nucleus
OTUD5,GO:0005634,Nucleus
CPX-4426,GO:0005634,Nucleus
CPX-6148,GO:0005634,Nucleus
OTUD6B,GO:0005634,Nucleus
CPX-979,GO:0005634,Nucleus
CPX-985,GO:0005634,Nucleus
USP16,GO:0005634,Nucleus
CPX-2087,GO:0005634,Nucleus
FAN1,GO:0005634,Nucleus
USP8,GO:0005634,Nucleus
DCLRE1B,GO:0005634,Nucleus
CPX-4747,GO:0005634,Nucleus
PDPK1,GO:0005634,Nucleus
TAP1,GO:0005634,Nucleus
NEK2,GO:0005634,Nucleus
RC3H1,GO:0005634,Nucleus
SEC63,GO:0005634,Nucleus
CTSA,GO:0005634,Nucleus
TAP2,GO:0005634,Nucleus
HLA-C,GO:0005634,Nucleus
MBTPS2,GO:0005634,Nucleus
DNAJC3,GO:0005634,Nucleus
HYOU1,GO:0005634,Nucleus
VRK1,GO:0005634,Nucleus
KIF23,GO:0005634,Nucleus
SIX3,GO:0005634,Nucleus
KIF11,GO:0005634,Nucleus
DBF4,GO:0005634,Nucleus
ANLN,GO:0005634,Nucleus
MELK,GO:0005634,Nucleus
BUB1,GO:0005634,Nucleus
DONSON,GO:0005634,Nucleus
SLC25A42,GO:0005634,Nucleus
CENPF,GO:0005634,Nucleus
CPX-7113,GO:0005634,Nucleus
CPX-5646,GO:0005634,Nucleus
RACGAP1,GO:0005634,Nucleus
CDK3,GO:0005634,Nucleus
PBK,GO:0005634,Nucleus
EVI5,GO:0005634,Nucleus
FAM83D,GO:0005634,Nucleus
CXCR2,GO:0005634,Nucleus
IPO8,GO:0005634,Nucleus
CDK17,GO:0005634,Nucleus
CDK16,GO:0005634,Nucleus
STK4,GO:0005634,Nucleus
KIF4A,GO:0005634,Nucleus
PADI4,GO:0005634,Nucleus
CDK11A,GO:0005634,Nucleus
CDK18,GO:0005634,Nucleus
FGFR4,GO:0005634,Nucleus
NISCH,GO:0005634,Nucleus
BMPR1B,GO:0005634,Nucleus
WNT7A,GO:0005634,Nucleus
IHH,GO:0005634,Nucleus
PTHLH,GO:0005634,Nucleus
TAB2,GO:0005634,Nucleus
CD79A,GO:0005634,Nucleus
STK38,GO:0005634,Nucleus
HASPIN,GO:0005634,Nucleus
ZFP36L2,GO:0005634,Nucleus
HIPK3,GO:0005634,Nucleus
KIF14,GO:0005634,Nucleus
SRPK1,GO:0005634,Nucleus
CPX-6018,GO:0005634,Nucleus
CPX-6037,GO:0005634,Nucleus
MINK1,GO:0005634,Nucleus
BAZ2B,GO:0005634,Nucleus
TAB1,GO:0005634,Nucleus
GSC,GO:0005634,Nucleus
GDF11,GO:0005634,Nucleus
IL37,GO:0005634,Nucleus
SMAD6,GO:0005634,Nucleus
TAL1,GO:0005634,Nucleus
CPX-144,GO:0005634,Nucleus
LEMD3,GO:0005634,Nucleus
CPX-2227,GO:0005634,Nucleus
TGIF1,GO:0005634,Nucleus
HIVEP2,GO:0005634,Nucleus
BMPR1A,GO:0005634,Nucleus
FOXO4,GO:0005634,Nucleus
GDF5,GO:0005634,Nucleus
ZIC2,GO:0005634,Nucleus
SKI,GO:0005634,Nucleus
HIPK2,GO:0005634,Nucleus
LTBP1,GO:0005634,Nucleus
TCF12,GO:0005634,Nucleus
GDF2,GO:0005634,Nucleus
TRIM8,GO:0005634,Nucleus
MSX2,GO:0005634,Nucleus
CLEC7A,GO:0005634,Nucleus
HAVCR2,GO:0005634,Nucleus
ICOS,GO:0005634,Nucleus
PDCD1,GO:0005634,Nucleus
PAX7,GO:0005634,Nucleus
TNFRSF4,GO:0005634,Nucleus
CPX-506,GO:0005634,Nucleus
CPX-512,GO:0005634,Nucleus
CSK,GO:0005634,Nucleus
FZD2,GO:0005634,Nucleus
CPX-6015,GO:0005634,Nucleus
CIDEA,GO:0005634,Nucleus
SAMD9L,GO:0005634,Nucleus
ZC3H12A,GO:0005634,Nucleus
BLNK,GO:0005634,Nucleus
CPX-627,GO:0005634,Nucleus
CPX-742,GO:0005634,Nucleus
MBD4,GO:0005634,Nucleus
IL1RN,GO:0005634,Nucleus
CD27,GO:0005634,Nucleus
TLR8,GO:0005634,Nucleus
IL17RA,GO:0005634,Nucleus
CPX-383,GO:0005634,Nucleus
CD40LG,GO:0005634,Nucleus
CSF3R,GO:0005634,Nucleus
IRF5,GO:0005634,Nucleus
CPX-6011,GO:0005634,Nucleus
CPX-6012,GO:0005634,Nucleus
CPX-6013,GO:0005634,Nucleus
CPX-6014,GO:0005634,Nucleus
ADGRE2,GO:0005634,Nucleus
CPX-6050,GO:0005634,Nucleus
LTA,GO:0005634,Nucleus
CPX-382,GO:0005634,Nucleus
MAP3K8,GO:0005634,Nucleus
COX6A2,GO:0005634,Nucleus
GDF15,GO:0005634,Nucleus
IL36RN,GO:0005634,Nucleus
CPX-8422,GO:0005634,Nucleus
CPX-8467,GO:0005634,Nucleus
TNFAIP3,GO:0005634,Nucleus
AIRE,GO:0005634,Nucleus
TLX1,GO:0005634,Nucleus
CPX-2461,GO:0005634,Nucleus
PAX3,GO:0005634,Nucleus
MACROD1,GO:0005634,Nucleus
CPX-6642,GO:0005634,Nucleus
NR2F1,GO:0005634,Nucleus
NRIP1,GO:0005634,Nucleus
CPX-1877,GO:0005634,Nucleus
POU2F1,GO:0005634,Nucleus
CUEDC2,GO:0005634,Nucleus
NR0B1,GO:0005634,Nucleus
TRPS1,GO:0005634,Nucleus
ESRRA,GO:0005634,Nucleus
FOXC1,GO:0005634,Nucleus
MKNK2,GO:0005634,Nucleus
FOXF1,GO:0005634,Nucleus
TP63,GO:0005634,Nucleus
GHR,GO:0005634,Nucleus
TRIP13,GO:0005634,Nucleus
CPX-6529,GO:0005634,Nucleus
CPX-6589,GO:0005634,Nucleus
CPX-7010,GO:0005634,Nucleus
CPX-7067,GO:0005634,Nucleus
CPX-912,GO:0005634,Nucleus
CPX-3290,GO:0005634,Nucleus
CPX-381,GO:0005634,Nucleus
KLF15,GO:0005634,Nucleus
HOXB1,GO:0005634,Nucleus
GPC3,GO:0005634,Nucleus
CPX-6503,GO:0005634,Nucleus
RIPK2,GO:0005634,Nucleus
GAB1,GO:0005634,Nucleus
CASP10,GO:0005634,Nucleus
FMN2,GO:0005634,Nucleus
CPX-3905,GO:0005634,Nucleus
GSDME,GO:0005634,Nucleus
CARD9,GO:0005634,Nucleus
TP73,GO:0005634,Nucleus
CASP14,GO:0005634,Nucleus
MALT1,GO:0005634,Nucleus
BCL10,GO:0005634,Nucleus
RUNX1T1,GO:0005634,Nucleus
EPX,GO:0005634,Nucleus
PADI3,GO:0005634,Nucleus
ANG,GO:0005634,Nucleus
IL17F,GO:0005634,Nucleus
ETV1,GO:0005634,Nucleus
CDH3,GO:0005634,Nucleus
CDH15,GO:0005634,Nucleus
CTHRC1,GO:0005634,Nucleus
DDR1,GO:0005634,Nucleus
THPO,GO:0005634,Nucleus
SOS2,GO:0005634,Nucleus
LEMD2,GO:0005634,Nucleus
MAP2K7,GO:0005634,Nucleus
YES1,GO:0005634,Nucleus
MAP2K5,GO:0005634,Nucleus
ERF,GO:0005634,Nucleus
DUSP6,GO:0005634,Nucleus
SPRY2,GO:0005634,Nucleus
RPS6KA2,GO:0005634,Nucleus
CPX-8836,GO:0005634,Nucleus
MAP3K2,GO:0005634,Nucleus
MEF2A,GO:0005634,Nucleus
KIF22,GO:0005634,Nucleus
MAP3K10,GO:0005634,Nucleus
PPM1D,GO:0005634,Nucleus
CDON,GO:0005634,Nucleus
PLK4,GO:0005634,Nucleus
SETBP1,GO:0005634,Nucleus
ZPR1,GO:0005634,Nucleus
KRT17,GO:0005634,Nucleus
EML4,GO:0005634,Nucleus
TNK2,GO:0005634,Nucleus
MSLN,GO:0005634,Nucleus
SH3KBP1,GO:0005634,Nucleus
ITK,GO:0005634,Nucleus
ABL2,GO:0005634,Nucleus
BCL3,GO:0005634,Nucleus
CD79B,GO:0005634,Nucleus
LAT2,GO:0005634,Nucleus
SH3BP2,GO:0005634,Nucleus
FYB1,GO:0005634,Nucleus
OSMR,GO:0005634,Nucleus
INSRR,GO:0005634,Nucleus
TACSTD2,GO:0005634,Nucleus
WDR11,GO:0005634,Nucleus
HOXA9,GO:0005634,Nucleus
SH2B3,GO:0005634,Nucleus
CR2,GO:0005634,Nucleus
MPL,GO:0005634,Nucleus
PAK5,GO:0005634,Nucleus
RHOH,GO:0005634,Nucleus
POU2AF1,GO:0005634,Nucleus
TCL1A,GO:0005634,Nucleus
PAK6,GO:0005634,Nucleus
RAG2,GO:0005634,Nucleus
MAPK8IP3,GO:0005634,Nucleus
AICDA,GO:0005634,Nucleus
TNFRSF13C,GO:0005634,Nucleus
DOCK2,GO:0005634,Nucleus
SPG11,GO:0005634,Nucleus
KIF20A,GO:0005634,Nucleus
COA6,GO:0005634,Nucleus
RORA,GO:0005634,Nucleus
DBR1,GO:0005634,Nucleus
CPX-6404,GO:0005634,Nucleus
UPF3B,GO:0005634,Nucleus
HSPB8,GO:0005634,Nucleus
CPX-476,GO:0005634,Nucleus
CPX-591,GO:0005634,Nucleus
CPX-592,GO:0005634,Nucleus
CPX-593,GO:0005634,Nucleus
CPX-600,GO:0005634,Nucleus
CPX-6411,GO:0005634,Nucleus
HNRNPDL,GO:0005634,Nucleus
CPX-2698,GO:0005634,Nucleus
TMEM127,GO:0005634,Nucleus
ETV6,GO:0005634,Nucleus
KNSTRN,GO:0005634,Nucleus
TAOK1,GO:0005634,Nucleus
PKMYT1,GO:0005634,Nucleus
SGO1,GO:0005634,Nucleus
PLK2,GO:0005634,Nucleus
POC1A,GO:0005634,Nucleus
AURKC,GO:0005634,Nucleus
CKAP2L,GO:0005634,Nucleus
KIF15,GO:0005634,Nucleus
CPX-5644,GO:0005634,Nucleus
SLX4IP,GO:0005634,Nucleus
CEP63,GO:0005634,Nucleus
CDC14A,GO:0005634,Nucleus
ASPM,GO:0005634,Nucleus
CEP55,GO:0005634,Nucleus
MASTL,GO:0005634,Nucleus
CEP78,GO:0005634,Nucleus
KIF2A,GO:0005634,Nucleus
CPX-85,GO:0005634,Nucleus
CDK11B,GO:0005634,Nucleus
FHIT,GO:0005634,Nucleus
HOXA11,GO:0005634,Nucleus
MED12L,GO:0005634,Nucleus
PLVAP,GO:0005634,Nucleus
CDK19,GO:0005634,Nucleus
ZFPM2,GO:0005634,Nucleus
ZNF423,GO:0005634,Nucleus
CBFA2T3,GO:0005634,Nucleus
BCR,GO:0005634,Nucleus
MN1,GO:0005634,Nucleus
ARNT2,GO:0005634,Nucleus
TRIM27,GO:0005634,Nucleus
CPX-745,GO:0005634,Nucleus
POLK,GO:0005634,Nucleus
MSH4,GO:0005634,Nucleus
POLQ,GO:0005634,Nucleus
CPX-2186,GO:0005634,Nucleus
RNASEH1,GO:0005634,Nucleus
MEIOB,GO:0005634,Nucleus
SUMO4,GO:0005634,Nucleus
ATR,GO:0005634,Nucleus
MLH3,GO:0005634,Nucleus
RTEL1,GO:0005634,Nucleus
RFWD3,GO:0005634,Nucleus
POLH,GO:0005634,Nucleus
MSH5,GO:0005634,Nucleus
ALG2,GO:0005634,Nucleus
CPX-618,GO:0005634,Nucleus
CPX-6201,GO:0005634,Nucleus
PRIMPOL,GO:0005634,Nucleus
JAZF1,GO:0005634,Nucleus
WNT10B,GO:0005634,Nucleus
NR2F2,GO:0005634,Nucleus
EN2,GO:0005634,Nucleus
DMRT1,GO:0005634,Nucleus
FRG1,GO:0005634,Nucleus
ANKLE2,GO:0005634,Nucleus
DUX4,GO:0005634,Nucleus
TICAM1,GO:0005634,Nucleus
EDAR,GO:0005634,Nucleus
CARD10,GO:0005634,Nucleus
MAP3K14,GO:0005634,Nucleus
CARD14,GO:0005634,Nucleus
ZMYM3,GO:0005634,Nucleus
LRIF1,GO:0005634,Nucleus
AHDC1,GO:0005634,Nucleus
PRDM6,GO:0005634,Nucleus
PRKRA,GO:0005634,Nucleus
WNT4,GO:0005634,Nucleus
FRZB,GO:0005634,Nucleus
WNT2B,GO:0005634,Nucleus
CPX-6196,GO:0005634,Nucleus
DEAF1,GO:0005634,Nucleus
TWIST2,GO:0005634,Nucleus
CHD5,GO:0005634,Nucleus
GATAD1,GO:0005634,Nucleus
ZNF687,GO:0005634,Nucleus
ZBTB7A,GO:0005634,Nucleus
ZNF521,GO:0005634,Nucleus
NKX3-2,GO:0005634,Nucleus
SOX6,GO:0005634,Nucleus
SATB1,GO:0005634,Nucleus
RCOR3,GO:0005634,Nucleus
PARP14,GO:0005634,Nucleus
ZMYM2,GO:0005634,Nucleus
FOXP1,GO:0005634,Nucleus
CPX-2471,GO:0005634,Nucleus
CPX-2473,GO:0005634,Nucleus
CPX-2482,GO:0005634,Nucleus
CPX-2484,GO:0005634,Nucleus
CPX-2485,GO:0005634,Nucleus
CPX-2487,GO:0005634,Nucleus
CPX-7093,GO:0005634,Nucleus
USP18,GO:0005634,Nucleus
WDR62,GO:0005634,Nucleus
PIM1,GO:0005634,Nucleus
RORB,GO:0005634,Nucleus
IGFBP7,GO:0005634,Nucleus
CPX-2394,GO:0005634,Nucleus
CPX-6031,GO:0005634,Nucleus
NSUN2,GO:0005634,Nucleus
AFF4,GO:0005634,Nucleus
CHD2,GO:0005634,Nucleus
MAPK15,GO:0005634,Nucleus
GDF3,GO:0005634,Nucleus
CPX-2876,GO:0005634,Nucleus
CPX-2877,GO:0005634,Nucleus
A2ML1,GO:0005634,Nucleus
SHOC2,GO:0005634,Nucleus
IRS4,GO:0005634,Nucleus
LIFR,GO:0005634,Nucleus
TLK1,GO:0005634,Nucleus
FOXR1,GO:0005634,Nucleus
USP9Y,GO:0005634,Nucleus
PLK3,GO:0005634,Nucleus
WIPI2,GO:0005634,Nucleus
RUBCN,GO:0005634,Nucleus
ULK3,GO:0005634,Nucleus
TCOF1,GO:0005634,Nucleus
CPX-369,GO:0005634,Nucleus
TRAIP,GO:0005634,Nucleus
HMGB3,GO:0005634,Nucleus
IRGM,GO:0005634,Nucleus
HACE1,GO:0005634,Nucleus
HIP1,GO:0005634,Nucleus
DDX3Y,GO:0005634,Nucleus
PARP9,GO:0005634,Nucleus
MORC2,GO:0005634,Nucleus
SARM1,GO:0005634,Nucleus
CDK15,GO:0005634,Nucleus
RNF213,GO:0005634,Nucleus
SP110,GO:0005634,Nucleus
ZNFX1,GO:0005634,Nucleus
SAMD9,GO:0005634,Nucleus
TNFRSF17,GO:0005634,Nucleus
TNFRSF13B,GO:0005634,Nucleus
TNFSF4,GO:0005634,Nucleus
PORCN,GO:0005634,Nucleus
FAM83H,GO:0005634,Nucleus
LYL1,GO:0005634,Nucleus
CCDC6,GO:0005634,Nucleus
CRTC1,GO:0005634,Nucleus
TMEM63C,GO:0005634,Nucleus
NUAK1,GO:0005634,Nucleus
CPX-364,GO:0005634,Nucleus
CPX-379,GO:0005634,Nucleus
CDK14,GO:0005634,Nucleus
DDR2,GO:0005634,Nucleus
HJV,GO:0005634,Nucleus
CPX-6661,GO:0005634,Nucleus
FGFR1OP2,GO:0005634,Nucleus
MAFA,GO:0005634,Nucleus
IL11RA,GO:0005634,Nucleus
MICB,GO:0005634,Nucleus
FER,GO:0005634,Nucleus
LGR4,GO:0005634,Nucleus
GREM1,GO:0005634,Nucleus
SNAP29,GO:0005634,Nucleus
PIM2,GO:0005634,Nucleus
ARL11,GO:0005634,Nucleus
LMO1,GO:0005634,Nucleus
MLF1,GO:0005634,Nucleus
LTK,GO:0005634,Nucleus
RAPGEF2,GO:0005634,Nucleus
RIT1,GO:0005634,Nucleus
RIOK3,GO:0005634,Nucleus
MAP4K4,GO:0005634,Nucleus
FZD6,GO:0005634,Nucleus
CTDP1,GO:0005634,Nucleus
CPX-6180,GO:0005634,Nucleus
TRAF3IP2,GO:0005634,Nucleus
SASH1,GO:0005634,Nucleus
TSPAN12,GO:0005634,Nucleus
UNC93B1,GO:0005634,Nucleus
PUF60,GO:0005634,Nucleus
RIOK1,GO:0005634,Nucleus
STK3,GO:0005634,Nucleus
DDX41,GO:0005634,Nucleus
NKAP,GO:0005634,Nucleus
CRLF1,GO:0005634,Nucleus
TGM2,GO:0005634,Nucleus
ARFGEF1,GO:0005634,Nucleus
MACF1,GO:0005634,Nucleus
MAP4K2,GO:0005634,Nucleus
CPX-6367,GO:0005634,Nucleus
MYORG,GO:0005634,Nucleus
CPX-2827,GO:0005634,Nucleus
MAP3K12,GO:0005634,Nucleus
MAP3K13,GO:0005634,Nucleus
RNF216,GO:0005634,Nucleus
WBP11,GO:0005634,Nucleus
OXSR1,GO:0005634,Nucleus
WDCP,GO:0005634,Nucleus
GALNT12,GO:0005634,Nucleus
CLDN9,GO:0005634,Nucleus
DYRK1B,GO:0005634,Nucleus
FIBP,GO:0005634,Nucleus
NFIA,GO:0005634,Nucleus
NEK10,GO:0005634,Nucleus
ELF4,GO:0005634,Nucleus
TREX1,GO:0005634,Nucleus
ZNF711,GO:0005634,Nucleus
HUNK,GO:0005634,Nucleus
ULK4,GO:0005634,Nucleus
GCM2,GO:0005634,Nucleus
ARHGAP20,GO:0005634,Nucleus
FOXN1,GO:0005634,Nucleus
HIPK1,GO:0005634,Nucleus
MAGED2,GO:0005634,Nucleus
ZNF335,GO:0005634,Nucleus
DDX42,GO:0005634,Nucleus
TDRD9,GO:0005634,Nucleus
DHX37,GO:0005634,Nucleus
SPATA5,GO:0005634,Nucleus
SPATA5L1,GO:0005634,Nucleus
TOM1,GO:0005634,Nucleus
CD164,GO:0005634,Nucleus
CPX-8173,GO:0005634,Nucleus
PRICKLE1,GO:0005634,Nucleus
TNPO2,GO:0005634,Nucleus
CWC27,GO:0005634,Nucleus
PARN,GO:0005634,Nucleus
PAPPA2,GO:0005634,Nucleus
TPP2,GO:0005634,Nucleus
ZNF750,GO:0005634,Nucleus
DNASE2,GO:0005634,Nucleus
UFM1,GO:0005634,Nucleus
BRAT1,GO:0005634,Nucleus
FOXL2,GO:0005634,Nucleus
LBX1,GO:0005634,Nucleus
TOE1,GO:0005634,Nucleus
CBFA2T2,GO:0005634,Nucleus
PATZ1,GO:0005634,Nucleus
EI24,GO:0005634,Nucleus
SFRP4,GO:0005634,Nucleus
SACS,GO:0005634,Nucleus
DYRK3,GO:0005634,Nucleus
PRDM13,GO:0005634,Nucleus
MDFIC,GO:0005634,Nucleus
AFF2,GO:0005634,Nucleus
SLC6A18,GO:0005634,Nucleus
MBOAT7,GO:0005634,Nucleus
CDHR3,GO:0005634,Nucleus
BTG1,GO:0005634,Nucleus
ZBTB24,GO:0005634,Nucleus
TASP1,GO:0005634,Nucleus
MLLT11,GO:0005634,Nucleus
ZBTB20,GO:0005634,Nucleus
TFAP2A,GO:0005634,Nucleus
CARD8,GO:0005634,Nucleus
HPSE2,GO:0005634,Nucleus
USP27X,GO:0005634,Nucleus
USP6,GO:0005634,Nucleus
CCDC174,GO:0005634,Nucleus
KDM4E,GO:0005634,Nucleus
PIK3CB,GO:0005634,Nucleus
ZNHIT3,GO:0005634,Nucleus
IL18BP,GO:0005634,Nucleus
CPX-2127,GO:0005634,Nucleus
MKNK1,GO:0005634,Nucleus
VRK3,GO:0005634,Nucleus
ZNF469,GO:0005634,Nucleus
ERCC6L2,GO:0005634,Nucleus
RALGPS2,GO:0005634,Nucleus
WDR73,GO:0005634,Nucleus
PQBP1,GO:0005634,Nucleus
FOXC2,GO:0005634,Nucleus
DHH,GO:0005634,Nucleus
EYA1,GO:0005634,Nucleus
DSPP,GO:0005634,Nucleus
TERB1,GO:0005634,Nucleus
CIZ1,GO:0005634,Nucleus
FHL1,GO:0005634,Nucleus
MRTFB,GO:0005634,Nucleus
RHOBTB2,GO:0005634,Nucleus
PTRH2,GO:0005634,Nucleus
HOXA13,GO:0005634,Nucleus
SLC25A15,GO:0005634,Nucleus
CLMP,GO:0005634,Nucleus
ROR1,GO:0005634,Nucleus
RFT1,GO:0005634,Nucleus
HERC1,GO:0005634,Nucleus
SHQ1,GO:0005634,Nucleus
VPS13D,GO:0005634,Nucleus
AKR1D1,GO:0050953,Sensory Perception Of Light Stimulus
CYP2C19,GO:0050953,Sensory Perception Of Light Stimulus
DAO,GO:0050953,Sensory Perception Of Light Stimulus
PRODH,GO:0050953,Sensory Perception Of Light Stimulus
GPSM2,GO:0050953,Sensory Perception Of Light Stimulus
CYP2A6,GO:0050953,Sensory Perception Of Light Stimulus
RGS9BP,GO:0050953,Sensory Perception Of Light Stimulus
PDE10A,GO:0050953,Sensory Perception Of Light Stimulus
SSTR3,GO:0050953,Sensory Perception Of Light Stimulus
CYP2D6,GO:0050953,Sensory Perception Of Light Stimulus
SLC5A7,GO:0050953,Sensory Perception Of Light Stimulus
FEV,GO:0050953,Sensory Perception Of Light Stimulus
SLC22A2,GO:0050953,Sensory Perception Of Light Stimulus
SLC22A6,GO:0050953,Sensory Perception Of Light Stimulus
ROM1,GO:0050953,Sensory Perception Of Light Stimulus
CPX-255,GO:0050953,Sensory Perception Of Light Stimulus
ADCY3,GO:0050953,Sensory Perception Of Light Stimulus
KCNJ1,GO:0050953,Sensory Perception Of Light Stimulus
CA4,GO:0050953,Sensory Perception Of Light Stimulus
RD3,GO:0050953,Sensory Perception Of Light Stimulus
KCNV2,GO:0050953,Sensory Perception Of Light Stimulus
UGT1A4,GO:0050953,Sensory Perception Of Light Stimulus
CRX,GO:0050953,Sensory Perception Of Light Stimulus
SLC10A1,GO:0050953,Sensory Perception Of Light Stimulus
CYP4F2,GO:0050953,Sensory Perception Of Light Stimulus
CYP3A5,GO:0050953,Sensory Perception Of Light Stimulus
SLCO1B1,GO:0050953,Sensory Perception Of Light Stimulus
SLC47A1,GO:0050953,Sensory Perception Of Light Stimulus
ABCC3,GO:0050953,Sensory Perception Of Light Stimulus
SLCO2B1,GO:0050953,Sensory Perception Of Light Stimulus
UGT2B4,GO:0050953,Sensory Perception Of Light Stimulus
SLCO1A2,GO:0050953,Sensory Perception Of Light Stimulus
SLC22A8,GO:0050953,Sensory Perception Of Light Stimulus
SLC22A1,GO:0050953,Sensory Perception Of Light Stimulus
FMO3,GO:0050953,Sensory Perception Of Light Stimulus
AOX1,GO:0050953,Sensory Perception Of Light Stimulus
VKORC1,GO:0050953,Sensory Perception Of Light Stimulus
SULT1A1,GO:0050953,Sensory Perception Of Light Stimulus
FTCD,GO:0050953,Sensory Perception Of Light Stimulus
TBXAS1,GO:0050953,Sensory Perception Of Light Stimulus
SLC35A2,GO:0050953,Sensory Perception Of Light Stimulus
ABCC4,GO:0050953,Sensory Perception Of Light Stimulus
ABCB11,GO:0050953,Sensory Perception Of Light Stimulus
SLC22A11,GO:0050953,Sensory Perception Of Light Stimulus
ABCC5,GO:0050953,Sensory Perception Of Light Stimulus
ABCA4,GO:0050953,Sensory Perception Of Light Stimulus
CYP2J2,GO:0050953,Sensory Perception Of Light Stimulus
CYP2C8,GO:0050953,Sensory Perception Of Light Stimulus
SLC15A1,GO:0050953,Sensory Perception Of Light Stimulus
CPX-2821,GO:0050953,Sensory Perception Of Light Stimulus
GNAT2,GO:0050953,Sensory Perception Of Light Stimulus
SLC44A4,GO:0050953,Sensory Perception Of Light Stimulus
SLC2A9,GO:0050953,Sensory Perception Of Light Stimulus
SLC6A17,GO:0050953,Sensory Perception Of Light Stimulus
ABCD4,GO:0050953,Sensory Perception Of Light Stimulus
SLC29A3,GO:0050953,Sensory Perception Of Light Stimulus
SLC28A1,GO:0050953,Sensory Perception Of Light Stimulus
P2RX2,GO:0050953,Sensory Perception Of Light Stimulus
WFS1,GO:0050953,Sensory Perception Of Light Stimulus
RBP3,GO:0050953,Sensory Perception Of Light Stimulus
IER3IP1,GO:0050953,Sensory Perception Of Light Stimulus
BAAT,GO:0050953,Sensory Perception Of Light Stimulus
GGCX,GO:0050953,Sensory Perception Of Light Stimulus
SLC10A7,GO:0050953,Sensory Perception Of Light Stimulus
SLC46A1,GO:0050953,Sensory Perception Of Light Stimulus
SLC19A2,GO:0050953,Sensory Perception Of Light Stimulus
ITPA,GO:0050953,Sensory Perception Of Light Stimulus
CPX-6701,GO:0050953,Sensory Perception Of Light Stimulus
UBIAD1,GO:0050953,Sensory Perception Of Light Stimulus
CYP26B1,GO:0050953,Sensory Perception Of Light Stimulus
CYP2U1,GO:0050953,Sensory Perception Of Light Stimulus
PLA2G5,GO:0050953,Sensory Perception Of Light Stimulus
CYP26C1,GO:0050953,Sensory Perception Of Light Stimulus
ENTPD3,GO:0050953,Sensory Perception Of Light Stimulus
ENTPD8,GO:0050953,Sensory Perception Of Light Stimulus
PDE1C,GO:0050953,Sensory Perception Of Light Stimulus
PDE4D,GO:0050953,Sensory Perception Of Light Stimulus
GRK7,GO:0050953,Sensory Perception Of Light Stimulus
GRK1,GO:0050953,Sensory Perception Of Light Stimulus
CYP4F22,GO:0050953,Sensory Perception Of Light Stimulus
AKR1C2,GO:0050953,Sensory Perception Of Light Stimulus
KCNJ13,GO:0050953,Sensory Perception Of Light Stimulus
PDE6H,GO:0050953,Sensory Perception Of Light Stimulus
NYX,GO:0050953,Sensory Perception Of Light Stimulus
ABAT,GO:0050953,Sensory Perception Of Light Stimulus
PRPH2,GO:0050953,Sensory Perception Of Light Stimulus
PDE1B,GO:0050953,Sensory Perception Of Light Stimulus
GUCY2D,GO:0050953,Sensory Perception Of Light Stimulus
GUCY2C,GO:0050953,Sensory Perception Of Light Stimulus
PDE9A,GO:0050953,Sensory Perception Of Light Stimulus
CPX-928,GO:0050953,Sensory Perception Of Light Stimulus
CANT1,GO:0050953,Sensory Perception Of Light Stimulus
PDE6G,GO:0050953,Sensory Perception Of Light Stimulus
PDE2A,GO:0050953,Sensory Perception Of Light Stimulus
NT5C2,GO:0050953,Sensory Perception Of Light Stimulus
NPR2,GO:0050953,Sensory Perception Of Light Stimulus
PDE3A,GO:0050953,Sensory Perception Of Light Stimulus
AIPL1,GO:0050953,Sensory Perception Of Light Stimulus
PDE7A,GO:0050953,Sensory Perception Of Light Stimulus
ENPP3,GO:0050953,Sensory Perception Of Light Stimulus
PDE1A,GO:0050953,Sensory Perception Of Light Stimulus
CPX-2860,GO:0050953,Sensory Perception Of Light Stimulus
NT5C3A,GO:0050953,Sensory Perception Of Light Stimulus
CPX-6172,GO:0050953,Sensory Perception Of Light Stimulus
RLBP1,GO:0050953,Sensory Perception Of Light Stimulus
GRM6,GO:0050953,Sensory Perception Of Light Stimulus
CPX-125,GO:0050953,Sensory Perception Of Light Stimulus
IMPG2,GO:0050953,Sensory Perception Of Light Stimulus
TULP1,GO:0050953,Sensory Perception Of Light Stimulus
GUCA1B,GO:0050953,Sensory Perception Of Light Stimulus
GNAT1,GO:0050953,Sensory Perception Of Light Stimulus
REEP6,GO:0050953,Sensory Perception Of Light Stimulus
OPN1SW,GO:0050953,Sensory Perception Of Light Stimulus
CNGB1,GO:0050953,Sensory Perception Of Light Stimulus
PDE6A,GO:0050953,Sensory Perception Of Light Stimulus
RDH5,GO:0050953,Sensory Perception Of Light Stimulus
SLC24A1,GO:0050953,Sensory Perception Of Light Stimulus
RPE65,GO:0050953,Sensory Perception Of Light Stimulus
CNGA3,GO:0050953,Sensory Perception Of Light Stimulus
RP9,GO:0050953,Sensory Perception Of Light Stimulus
PRPF3,GO:0050953,Sensory Perception Of Light Stimulus
CNGB3,GO:0050953,Sensory Perception Of Light Stimulus
ZNF513,GO:0050953,Sensory Perception Of Light Stimulus
CABP4,GO:0050953,Sensory Perception Of Light Stimulus
CLRN1,GO:0050953,Sensory Perception Of Light Stimulus
PCARE,GO:0050953,Sensory Perception Of Light Stimulus
FSCN2,GO:0050953,Sensory Perception Of Light Stimulus
LRAT,GO:0050953,Sensory Perception Of Light Stimulus
CERKL,GO:0050953,Sensory Perception Of Light Stimulus
IMPDH1,GO:0050953,Sensory Perception Of Light Stimulus
RGR,GO:0050953,Sensory Perception Of Light Stimulus
TOPORS,GO:0050953,Sensory Perception Of Light Stimulus
SEMA4A,GO:0050953,Sensory Perception Of Light Stimulus
OPN1LW,GO:0050953,Sensory Perception Of Light Stimulus
EYS,GO:0050953,Sensory Perception Of Light Stimulus
PDE6C,GO:0050953,Sensory Perception Of Light Stimulus
VSX1,GO:0050953,Sensory Perception Of Light Stimulus
RS1,GO:0050953,Sensory Perception Of Light Stimulus
RP1L1,GO:0050953,Sensory Perception Of Light Stimulus
SPATA7,GO:0050953,Sensory Perception Of Light Stimulus
RPGRIP1,GO:0050953,Sensory Perception Of Light Stimulus
CNGA1,GO:0050953,Sensory Perception Of Light Stimulus
FAM161A,GO:0050953,Sensory Perception Of Light Stimulus
BEST1,GO:0050953,Sensory Perception Of Light Stimulus
PDE6B,GO:0050953,Sensory Perception Of Light Stimulus
RDH12,GO:0050953,Sensory Perception Of Light Stimulus
RAX2,GO:0050953,Sensory Perception Of Light Stimulus
NRL,GO:0050953,Sensory Perception Of Light Stimulus
PRCD,GO:0050953,Sensory Perception Of Light Stimulus
OPN1MW,GO:0050953,Sensory Perception Of Light Stimulus
MFRP,GO:0050953,Sensory Perception Of Light Stimulus
CPX-1908,GO:0050953,Sensory Perception Of Light Stimulus
NR2E3,GO:0050953,Sensory Perception Of Light Stimulus
CPX-553,GO:0050953,Sensory Perception Of Light Stimulus
BCO1,GO:0050953,Sensory Perception Of Light Stimulus
SDR9C7,GO:0050953,Sensory Perception Of Light Stimulus
SRD5A3,GO:0050953,Sensory Perception Of Light Stimulus
DOLK,GO:0050953,Sensory Perception Of Light Stimulus
AKR1C4,GO:0050953,Sensory Perception Of Light Stimulus
B3GAT3,GO:0050953,Sensory Perception Of Light Stimulus
UGDH,GO:0050953,Sensory Perception Of Light Stimulus
TRPM1,GO:0050953,Sensory Perception Of Light Stimulus
POPDC3,GO:0050953,Sensory Perception Of Light Stimulus
MTHFS,GO:0050953,Sensory Perception Of Light Stimulus
AMT,GO:0050953,Sensory Perception Of Light Stimulus
AMPD1,GO:0050953,Sensory Perception Of Light Stimulus
HGD,GO:0050953,Sensory Perception Of Light Stimulus
NAGS,GO:0050953,Sensory Perception Of Light Stimulus
UPB1,GO:0050953,Sensory Perception Of Light Stimulus
PHYKPL,GO:0050953,Sensory Perception Of Light Stimulus
RIPOR2,GO:0050953,Sensory Perception Of Light Stimulus
SLC16A2,GO:0050953,Sensory Perception Of Light Stimulus
SLC22A18,GO:0050953,Sensory Perception Of Light Stimulus
HAL,GO:0050953,Sensory Perception Of Light Stimulus
PDE6D,GO:0050953,Sensory Perception Of Light Stimulus
PDE7B,GO:0050953,Sensory Perception Of Light Stimulus
NUDT2,GO:0050953,Sensory Perception Of Light Stimulus
SUGCT,GO:0050953,Sensory Perception Of Light Stimulus
ILDR1,GO:0050953,Sensory Perception Of Light Stimulus
PITPNM3,GO:0050953,Sensory Perception Of Light Stimulus
PNPLA6,GO:0050953,Sensory Perception Of Light Stimulus
GUCA1A,GO:0050953,Sensory Perception Of Light Stimulus
LCA5,GO:0050953,Sensory Perception Of Light Stimulus
MYO7A,GO:0050953,Sensory Perception Of Light Stimulus
FA2H,GO:0050953,Sensory Perception Of Light Stimulus
CLIC5,GO:0050953,Sensory Perception Of Light Stimulus
PCDH15,GO:0050953,Sensory Perception Of Light Stimulus
GRXCR2,GO:0050953,Sensory Perception Of Light Stimulus
GRXCR1,GO:0050953,Sensory Perception Of Light Stimulus
MYO3B,GO:0050953,Sensory Perception Of Light Stimulus
TPRN,GO:0050953,Sensory Perception Of Light Stimulus
EPS8L2,GO:0050953,Sensory Perception Of Light Stimulus
MYO15A,GO:0050953,Sensory Perception Of Light Stimulus
PJVK,GO:0050953,Sensory Perception Of Light Stimulus
MYO3A,GO:0050953,Sensory Perception Of Light Stimulus
TRIOBP,GO:0050953,Sensory Perception Of Light Stimulus
HYAL1,GO:0050953,Sensory Perception Of Light Stimulus
LRIT3,GO:0050953,Sensory Perception Of Light Stimulus
CIB2,GO:0050953,Sensory Perception Of Light Stimulus
CABP2,GO:0050953,Sensory Perception Of Light Stimulus
DSG3,GO:0050953,Sensory Perception Of Light Stimulus
CLCNKB,GO:0050953,Sensory Perception Of Light Stimulus
SLC26A4,GO:0050953,Sensory Perception Of Light Stimulus
USH1C,GO:0050953,Sensory Perception Of Light Stimulus
CDH23,GO:0050953,Sensory Perception Of Light Stimulus
OTOF,GO:0050953,Sensory Perception Of Light Stimulus
SLC26A5,GO:0050953,Sensory Perception Of Light Stimulus
GJB3,GO:0050953,Sensory Perception Of Light Stimulus
GJB2,GO:0050953,Sensory Perception Of Light Stimulus
CCDC50,GO:0050953,Sensory Perception Of Light Stimulus
CLDN14,GO:0050953,Sensory Perception Of Light Stimulus
STRC,GO:0050953,Sensory Perception Of Light Stimulus
TMPRSS3,GO:0050953,Sensory Perception Of Light Stimulus
LOXHD1,GO:0050953,Sensory Perception Of Light Stimulus
CEACAM16,GO:0050953,Sensory Perception Of Light Stimulus
USH1G,GO:0050953,Sensory Perception Of Light Stimulus
GIPC3,GO:0050953,Sensory Perception Of Light Stimulus
GJB6,GO:0050953,Sensory Perception Of Light Stimulus
TMIE,GO:0050953,Sensory Perception Of Light Stimulus
TMC1,GO:0050953,Sensory Perception Of Light Stimulus
POU4F3,GO:0050953,Sensory Perception Of Light Stimulus
OTOA,GO:0050953,Sensory Perception Of Light Stimulus
ESPN,GO:0050953,Sensory Perception Of Light Stimulus
CLDN16,GO:0050953,Sensory Perception Of Light Stimulus
NIPAL4,GO:0050953,Sensory Perception Of Light Stimulus
CNNM4,GO:0050953,Sensory Perception Of Light Stimulus
AMPD3,GO:0050953,Sensory Perception Of Light Stimulus
PDE8B,GO:0050953,Sensory Perception Of Light Stimulus
AMY1A,GO:0050953,Sensory Perception Of Light Stimulus
PDE8A,GO:0050953,Sensory Perception Of Light Stimulus
AMPD2,GO:0050953,Sensory Perception Of Light Stimulus
ABCB6,GO:0050953,Sensory Perception Of Light Stimulus
CPX-7841,GO:0050953,Sensory Perception Of Light Stimulus
GMPPA,GO:0050953,Sensory Perception Of Light Stimulus
CPX-8187,GO:0050953,Sensory Perception Of Light Stimulus
SPEG,GO:0050953,Sensory Perception Of Light Stimulus
TKFC,GO:0050953,Sensory Perception Of Light Stimulus
IMPG1,GO:0050953,Sensory Perception Of Light Stimulus
CDHR1,GO:0050953,Sensory Perception Of Light Stimulus
SLC17A9,GO:0050953,Sensory Perception Of Light Stimulus
SLC19A3,GO:0050953,Sensory Perception Of Light Stimulus
CES2,GO:0050953,Sensory Perception Of Light Stimulus
DSE,GO:0050953,Sensory Perception Of Light Stimulus
ALOX12B,GO:0050953,Sensory Perception Of Light Stimulus
BSND,GO:0050953,Sensory Perception Of Light Stimulus
UGT2A1,GO:0050953,Sensory Perception Of Light Stimulus
BTD,GO:0050953,Sensory Perception Of Light Stimulus
ATP2C1,GO:0050953,Sensory Perception Of Light Stimulus
LHFPL5,GO:0050953,Sensory Perception Of Light Stimulus
CYBC1,GO:0050953,Sensory Perception Of Light Stimulus
PPP2R5A,GO:0004842,Ubiquitin-Protein Transferase Activity
CDK2,GO:0004842,Ubiquitin-Protein Transferase Activity
DVL3,GO:0004842,Ubiquitin-Protein Transferase Activity
RARB,GO:0004842,Ubiquitin-Protein Transferase Activity
PPP2R5D,GO:0004842,Ubiquitin-Protein Transferase Activity
CPX-2004,GO:0004842,Ubiquitin-Protein Transferase Activity
CPX-2006,GO:0004842,Ubiquitin-Protein Transferase Activity
CPX-497,GO:0004842,Ubiquitin-Protein Transferase Activity
CPX-5850,GO:0004842,Ubiquitin-Protein Transferase Activity
CPX-7062,GO:0004842,Ubiquitin-Protein Transferase Activity
ERG,GO:0004842,Ubiquitin-Protein Transferase Activity
CPX-478,GO:0004842,Ubiquitin-Protein Transferase Activity
CPX-793,GO:0004842,Ubiquitin-Protein Transferase Activity
LIG1,GO:0004842,Ubiquitin-Protein Transferase Activity
CTBP1,GO:0004842,Ubiquitin-Protein Transferase Activity
FEN1,GO:0004842,Ubiquitin-Protein Transferase Activity
NEIL1,GO:0004842,Ubiquitin-Protein Transferase Activity
CPX-1099,GO:0004842,Ubiquitin-Protein Transferase Activity
PARP1,GO:0004842,Ubiquitin-Protein Transferase Activity
XPA,GO:0004842,Ubiquitin-Protein Transferase Activity
DCLRE1C,GO:0004842,Ubiquitin-Protein Transferase Activity
CPX-845,GO:0004842,Ubiquitin-Protein Transferase Activity
CPX-955,GO:0004842,Ubiquitin-Protein Transferase Activity
CPX-2395,GO:0004842,Ubiquitin-Protein Transferase Activity
SUMO1,GO:0004842,Ubiquitin-Protein Transferase Activity
CPX-4441,GO:0004842,Ubiquitin-Protein Transferase Activity
CHEK1,GO:0004842,Ubiquitin-Protein Transferase Activity
CPX-715,GO:0004842,Ubiquitin-Protein Transferase Activity
AURKA,GO:0004842,Ubiquitin-Protein Transferase Activity
CSNK1A1,GO:0004842,Ubiquitin-Protein Transferase Activity
CPX-109,GO:0004842,Ubiquitin-Protein Transferase Activity
CPX-442,GO:0004842,Ubiquitin-Protein Transferase Activity
CPX-99,GO:0004842,Ubiquitin-Protein Transferase Activity
CREBBP,GO:0004842,Ubiquitin-Protein Transferase Activity
EP300,GO:0004842,Ubiquitin-Protein Transferase Activity
CPX-7906,GO:0004842,Ubiquitin-Protein Transferase Activity
CPX-2204,GO:0004842,Ubiquitin-Protein Transferase Activity
CPX-2311,GO:0004842,Ubiquitin-Protein Transferase Activity
CPX-2324,GO:0004842,Ubiquitin-Protein Transferase Activity
CPX-2325,GO:0004842,Ubiquitin-Protein Transferase Activity
SQSTM1,GO:0004842,Ubiquitin-Protein Transferase Activity
CPX-809,GO:0004842,Ubiquitin-Protein Transferase Activity
CPX-4082,GO:0004842,Ubiquitin-Protein Transferase Activity
CPX-4141,GO:0004842,Ubiquitin-Protein Transferase Activity
CPX-4142,GO:0004842,Ubiquitin-Protein Transferase Activity
CPX-4143,GO:0004842,Ubiquitin-Protein Transferase Activity
CPX-4144,GO:0004842,Ubiquitin-Protein Transferase Activity
CPX-952,GO:0004842,Ubiquitin-Protein Transferase Activity
CPX-2838,GO:0004842,Ubiquitin-Protein Transferase Activity
CPX-7784,GO:0004842,Ubiquitin-Protein Transferase Activity
CPX-900,GO:0004842,Ubiquitin-Protein Transferase Activity
CPX-903,GO:0004842,Ubiquitin-Protein Transferase Activity
CPX-997,GO:0004842,Ubiquitin-Protein Transferase Activity
CPX-2564,GO:0004842,Ubiquitin-Protein Transferase Activity
CPX-5647,GO:0004842,Ubiquitin-Protein Transferase Activity
CPX-5668,GO:0004842,Ubiquitin-Protein Transferase Activity
CPX-2556,GO:0004842,Ubiquitin-Protein Transferase Activity
CPX-5670,GO:0004842,Ubiquitin-Protein Transferase Activity
CPX-5671,GO:0004842,Ubiquitin-Protein Transferase Activity
CPX-7110,GO:0004842,Ubiquitin-Protein Transferase Activity
CPX-1004,GO:0004842,Ubiquitin-Protein Transferase Activity
CPX-6802,GO:0004842,Ubiquitin-Protein Transferase Activity
CPX-989,GO:0004842,Ubiquitin-Protein Transferase Activity
CPX-944,GO:0004842,Ubiquitin-Protein Transferase Activity
HDAC3,GO:0004842,Ubiquitin-Protein Transferase Activity
CPX-7111,GO:0004842,Ubiquitin-Protein Transferase Activity
CPX-2198,GO:0004842,Ubiquitin-Protein Transferase Activity
CPX-2209,GO:0004842,Ubiquitin-Protein Transferase Activity
CPX-2213,GO:0004842,Ubiquitin-Protein Transferase Activity
CPX-2312,GO:0004842,Ubiquitin-Protein Transferase Activity
CPX-2314,GO:0004842,Ubiquitin-Protein Transferase Activity
CPX-2316,GO:0004842,Ubiquitin-Protein Transferase Activity
CPX-2326,GO:0004842,Ubiquitin-Protein Transferase Activity
CPX-2327,GO:0004842,Ubiquitin-Protein Transferase Activity
CPX-2328,GO:0004842,Ubiquitin-Protein Transferase Activity
CPX-2329,GO:0004842,Ubiquitin-Protein Transferase Activity
RNF168,GO:0004842,Ubiquitin-Protein Transferase Activity
EGLN1,GO:0004842,Ubiquitin-Protein Transferase Activity
CPX-2512,GO:0004842,Ubiquitin-Protein Transferase Activity
CPX-2874,GO:0004842,Ubiquitin-Protein Transferase Activity
CPX-3322,GO:0004842,Ubiquitin-Protein Transferase Activity
CAMKMT,GO:0004842,Ubiquitin-Protein Transferase Activity
CBX1,GO:0004842,Ubiquitin-Protein Transferase Activity
KDM1A,GO:0004842,Ubiquitin-Protein Transferase Activity
CPX-469,GO:0004842,Ubiquitin-Protein Transferase Activity
EHMT1,GO:0004842,Ubiquitin-Protein Transferase Activity
CPX-2867,GO:0004842,Ubiquitin-Protein Transferase Activity
CPX-5993,GO:0004842,Ubiquitin-Protein Transferase Activity
CPX-8806,GO:0004842,Ubiquitin-Protein Transferase Activity
TXN2,GO:0004842,Ubiquitin-Protein Transferase Activity
CPX-2214,GO:0004842,Ubiquitin-Protein Transferase Activity
CPX-2217,GO:0004842,Ubiquitin-Protein Transferase Activity
CPX-2218,GO:0004842,Ubiquitin-Protein Transferase Activity
CPX-2219,GO:0004842,Ubiquitin-Protein Transferase Activity
CPX-2220,GO:0004842,Ubiquitin-Protein Transferase Activity
CPX-2221,GO:0004842,Ubiquitin-Protein Transferase Activity
CPX-2222,GO:0004842,Ubiquitin-Protein Transferase Activity
CPX-2223,GO:0004842,Ubiquitin-Protein Transferase Activity
CPX-2226,GO:0004842,Ubiquitin-Protein Transferase Activity
CPX-2228,GO:0004842,Ubiquitin-Protein Transferase Activity
CPX-2229,GO:0004842,Ubiquitin-Protein Transferase Activity
CPX-2239,GO:0004842,Ubiquitin-Protein Transferase Activity
CPX-2241,GO:0004842,Ubiquitin-Protein Transferase Activity
CPX-2250,GO:0004842,Ubiquitin-Protein Transferase Activity
CPX-2319,GO:0004842,Ubiquitin-Protein Transferase Activity
CPX-2343,GO:0004842,Ubiquitin-Protein Transferase Activity
CPX-2365,GO:0004842,Ubiquitin-Protein Transferase Activity
CPX-2399,GO:0004842,Ubiquitin-Protein Transferase Activity
CPX-2403,GO:0004842,Ubiquitin-Protein Transferase Activity
CPX-2404,GO:0004842,Ubiquitin-Protein Transferase Activity
CPX-2405,GO:0004842,Ubiquitin-Protein Transferase Activity
CPX-2406,GO:0004842,Ubiquitin-Protein Transferase Activity
CPX-2407,GO:0004842,Ubiquitin-Protein Transferase Activity
CPX-2411,GO:0004842,Ubiquitin-Protein Transferase Activity
CPX-2412,GO:0004842,Ubiquitin-Protein Transferase Activity
CPX-2413,GO:0004842,Ubiquitin-Protein Transferase Activity
CPX-2414,GO:0004842,Ubiquitin-Protein Transferase Activity
CPX-2415,GO:0004842,Ubiquitin-Protein Transferase Activity
CPX-2416,GO:0004842,Ubiquitin-Protein Transferase Activity
CPX-2438,GO:0004842,Ubiquitin-Protein Transferase Activity
CPX-2489,GO:0004842,Ubiquitin-Protein Transferase Activity
CPX-2492,GO:0004842,Ubiquitin-Protein Transferase Activity
CPX-2516,GO:0004842,Ubiquitin-Protein Transferase Activity
CPX-2538,GO:0004842,Ubiquitin-Protein Transferase Activity
CPX-2553,GO:0004842,Ubiquitin-Protein Transferase Activity
CPX-2554,GO:0004842,Ubiquitin-Protein Transferase Activity
CPX-2658,GO:0004842,Ubiquitin-Protein Transferase Activity
CPX-2683,GO:0004842,Ubiquitin-Protein Transferase Activity
CPX-2748,GO:0004842,Ubiquitin-Protein Transferase Activity
CPX-2757,GO:0004842,Ubiquitin-Protein Transferase Activity
CPX-2758,GO:0004842,Ubiquitin-Protein Transferase Activity
CPX-2759,GO:0004842,Ubiquitin-Protein Transferase Activity
CPX-2762,GO:0004842,Ubiquitin-Protein Transferase Activity
CPX-2765,GO:0004842,Ubiquitin-Protein Transferase Activity
CPX-2766,GO:0004842,Ubiquitin-Protein Transferase Activity
CPX-2769,GO:0004842,Ubiquitin-Protein Transferase Activity
CPX-2770,GO:0004842,Ubiquitin-Protein Transferase Activity
CPX-2773,GO:0004842,Ubiquitin-Protein Transferase Activity
CPX-2777,GO:0004842,Ubiquitin-Protein Transferase Activity
CPX-2778,GO:0004842,Ubiquitin-Protein Transferase Activity
CPX-2782,GO:0004842,Ubiquitin-Protein Transferase Activity
CPX-2783,GO:0004842,Ubiquitin-Protein Transferase Activity
CPX-2784,GO:0004842,Ubiquitin-Protein Transferase Activity
CPX-2785,GO:0004842,Ubiquitin-Protein Transferase Activity
CPX-2786,GO:0004842,Ubiquitin-Protein Transferase Activity
CPX-2787,GO:0004842,Ubiquitin-Protein Transferase Activity
CPX-2795,GO:0004842,Ubiquitin-Protein Transferase Activity
CPX-2797,GO:0004842,Ubiquitin-Protein Transferase Activity
CPX-2799,GO:0004842,Ubiquitin-Protein Transferase Activity
CPX-2804,GO:0004842,Ubiquitin-Protein Transferase Activity
CPX-2809,GO:0004842,Ubiquitin-Protein Transferase Activity
CPX-2816,GO:0004842,Ubiquitin-Protein Transferase Activity
CPX-2817,GO:0004842,Ubiquitin-Protein Transferase Activity
CPX-2818,GO:0004842,Ubiquitin-Protein Transferase Activity
CPX-2819,GO:0004842,Ubiquitin-Protein Transferase Activity
CPX-2832,GO:0004842,Ubiquitin-Protein Transferase Activity
CPX-2859,GO:0004842,Ubiquitin-Protein Transferase Activity
CPX-2873,GO:0004842,Ubiquitin-Protein Transferase Activity
CPX-3291,GO:0004842,Ubiquitin-Protein Transferase Activity
CPX-3292,GO:0004842,Ubiquitin-Protein Transferase Activity
CPX-3295,GO:0004842,Ubiquitin-Protein Transferase Activity
CPX-477,GO:0004842,Ubiquitin-Protein Transferase Activity
CPX-648,GO:0004842,Ubiquitin-Protein Transferase Activity
CPX-7747,GO:0004842,Ubiquitin-Protein Transferase Activity
CPX-7761,GO:0004842,Ubiquitin-Protein Transferase Activity
CPX-7762,GO:0004842,Ubiquitin-Protein Transferase Activity
CPX-7763,GO:0004842,Ubiquitin-Protein Transferase Activity
CPX-7785,GO:0004842,Ubiquitin-Protein Transferase Activity
CPX-7786,GO:0004842,Ubiquitin-Protein Transferase Activity
CPX-7821,GO:0004842,Ubiquitin-Protein Transferase Activity
CPX-7822,GO:0004842,Ubiquitin-Protein Transferase Activity
CPX-7846,GO:0004842,Ubiquitin-Protein Transferase Activity
CPX-7847,GO:0004842,Ubiquitin-Protein Transferase Activity
CPX-7881,GO:0004842,Ubiquitin-Protein Transferase Activity
CPX-7882,GO:0004842,Ubiquitin-Protein Transferase Activity
CPX-7904,GO:0004842,Ubiquitin-Protein Transferase Activity
CPX-7905,GO:0004842,Ubiquitin-Protein Transferase Activity
CPX-7921,GO:0004842,Ubiquitin-Protein Transferase Activity
CPX-7922,GO:0004842,Ubiquitin-Protein Transferase Activity
CPX-7923,GO:0004842,Ubiquitin-Protein Transferase Activity
CPX-7924,GO:0004842,Ubiquitin-Protein Transferase Activity
CPX-7925,GO:0004842,Ubiquitin-Protein Transferase Activity
CPX-7926,GO:0004842,Ubiquitin-Protein Transferase Activity
CPX-7927,GO:0004842,Ubiquitin-Protein Transferase Activity
CPX-7928,GO:0004842,Ubiquitin-Protein Transferase Activity
CPX-7929,GO:0004842,Ubiquitin-Protein Transferase Activity
CPX-7930,GO:0004842,Ubiquitin-Protein Transferase Activity
CPX-7962,GO:0004842,Ubiquitin-Protein Transferase Activity
CPX-7963,GO:0004842,Ubiquitin-Protein Transferase Activity
CPX-7965,GO:0004842,Ubiquitin-Protein Transferase Activity
CPX-7966,GO:0004842,Ubiquitin-Protein Transferase Activity
CPX-7967,GO:0004842,Ubiquitin-Protein Transferase Activity
CPX-7968,GO:0004842,Ubiquitin-Protein Transferase Activity
CPX-7971,GO:0004842,Ubiquitin-Protein Transferase Activity
CPX-7972,GO:0004842,Ubiquitin-Protein Transferase Activity
CPX-7973,GO:0004842,Ubiquitin-Protein Transferase Activity
CPX-7975,GO:0004842,Ubiquitin-Protein Transferase Activity
CPX-7976,GO:0004842,Ubiquitin-Protein Transferase Activity
CPX-7977,GO:0004842,Ubiquitin-Protein Transferase Activity
CPX-7979,GO:0004842,Ubiquitin-Protein Transferase Activity
CPX-7981,GO:0004842,Ubiquitin-Protein Transferase Activity
CPX-7982,GO:0004842,Ubiquitin-Protein Transferase Activity
CPX-7983,GO:0004842,Ubiquitin-Protein Transferase Activity
CPX-8002,GO:0004842,Ubiquitin-Protein Transferase Activity
CPX-8003,GO:0004842,Ubiquitin-Protein Transferase Activity
CPX-8005,GO:0004842,Ubiquitin-Protein Transferase Activity
CPX-8006,GO:0004842,Ubiquitin-Protein Transferase Activity
CPX-8007,GO:0004842,Ubiquitin-Protein Transferase Activity
CPX-8025,GO:0004842,Ubiquitin-Protein Transferase Activity
CPX-8041,GO:0004842,Ubiquitin-Protein Transferase Activity
CPX-8061,GO:0004842,Ubiquitin-Protein Transferase Activity
CPX-8063,GO:0004842,Ubiquitin-Protein Transferase Activity
CPX-8064,GO:0004842,Ubiquitin-Protein Transferase Activity
CPX-8083,GO:0004842,Ubiquitin-Protein Transferase Activity
CPX-8084,GO:0004842,Ubiquitin-Protein Transferase Activity
CPX-8085,GO:0004842,Ubiquitin-Protein Transferase Activity
CPX-8087,GO:0004842,Ubiquitin-Protein Transferase Activity
CPX-8088,GO:0004842,Ubiquitin-Protein Transferase Activity
CPX-8089,GO:0004842,Ubiquitin-Protein Transferase Activity
CPX-8090,GO:0004842,Ubiquitin-Protein Transferase Activity
CPX-8091,GO:0004842,Ubiquitin-Protein Transferase Activity
CPX-8097,GO:0004842,Ubiquitin-Protein Transferase Activity
CPX-8102,GO:0004842,Ubiquitin-Protein Transferase Activity
CPX-8103,GO:0004842,Ubiquitin-Protein Transferase Activity
CPX-8106,GO:0004842,Ubiquitin-Protein Transferase Activity
CPX-8107,GO:0004842,Ubiquitin-Protein Transferase Activity
CPX-8108,GO:0004842,Ubiquitin-Protein Transferase Activity
CPX-8109,GO:0004842,Ubiquitin-Protein Transferase Activity
CPX-8110,GO:0004842,Ubiquitin-Protein Transferase Activity
CPX-8122,GO:0004842,Ubiquitin-Protein Transferase Activity
CPX-8123,GO:0004842,Ubiquitin-Protein Transferase Activity
CPX-8125,GO:0004842,Ubiquitin-Protein Transferase Activity
CPX-8126,GO:0004842,Ubiquitin-Protein Transferase Activity
CPX-8130,GO:0004842,Ubiquitin-Protein Transferase Activity
CPX-8131,GO:0004842,Ubiquitin-Protein Transferase Activity
CPX-8135,GO:0004842,Ubiquitin-Protein Transferase Activity
CPX-8147,GO:0004842,Ubiquitin-Protein Transferase Activity
CPX-8150,GO:0004842,Ubiquitin-Protein Transferase Activity
CPX-8151,GO:0004842,Ubiquitin-Protein Transferase Activity
CPX-8201,GO:0004842,Ubiquitin-Protein Transferase Activity
CPX-8202,GO:0004842,Ubiquitin-Protein Transferase Activity
CPX-8221,GO:0004842,Ubiquitin-Protein Transferase Activity
CPX-8222,GO:0004842,Ubiquitin-Protein Transferase Activity
CPX-8241,GO:0004842,Ubiquitin-Protein Transferase Activity
CPX-8242,GO:0004842,Ubiquitin-Protein Transferase Activity
CPX-8261,GO:0004842,Ubiquitin-Protein Transferase Activity
CPX-8262,GO:0004842,Ubiquitin-Protein Transferase Activity
CPX-8263,GO:0004842,Ubiquitin-Protein Transferase Activity
CPX-2010,GO:0004842,Ubiquitin-Protein Transferase Activity
CPX-846,GO:0004842,Ubiquitin-Protein Transferase Activity
CPX-2385,GO:0004842,Ubiquitin-Protein Transferase Activity
PSMA8,GO:0004842,Ubiquitin-Protein Transferase Activity
CPX-6016,GO:0004842,Ubiquitin-Protein Transferase Activity
CPX-2483,GO:0004842,Ubiquitin-Protein Transferase Activity
CPX-2500,GO:0004842,Ubiquitin-Protein Transferase Activity
CPX-6566,GO:0004842,Ubiquitin-Protein Transferase Activity
CPX-12,GO:0004842,Ubiquitin-Protein Transferase Activity
CPX-3252,GO:0004842,Ubiquitin-Protein Transferase Activity
CPX-6062,GO:0004842,Ubiquitin-Protein Transferase Activity
PSMB10,GO:0004842,Ubiquitin-Protein Transferase Activity
MAP3K5,GO:0004842,Ubiquitin-Protein Transferase Activity
CPX-6042,GO:0004842,Ubiquitin-Protein Transferase Activity
CPX-6048,GO:0004842,Ubiquitin-Protein Transferase Activity
RUNX2,GO:0004842,Ubiquitin-Protein Transferase Activity
PSMB9,GO:0004842,Ubiquitin-Protein Transferase Activity
AMER1,GO:0004842,Ubiquitin-Protein Transferase Activity
PSMB8,GO:0004842,Ubiquitin-Protein Transferase Activity
PSMB11,GO:0004842,Ubiquitin-Protein Transferase Activity
CDKN2A,GO:0004842,Ubiquitin-Protein Transferase Activity
CPX-7381,GO:0004842,Ubiquitin-Protein Transferase Activity
CPX-937,GO:0004842,Ubiquitin-Protein Transferase Activity
HDAC7,GO:0004842,Ubiquitin-Protein Transferase Activity
HDAC5,GO:0004842,Ubiquitin-Protein Transferase Activity
MLLT1,GO:0004842,Ubiquitin-Protein Transferase Activity
CPX-308,GO:0004842,Ubiquitin-Protein Transferase Activity
CPX-11,GO:0004842,Ubiquitin-Protein Transferase Activity
CPX-3208,GO:0004842,Ubiquitin-Protein Transferase Activity
BRD4,GO:0004842,Ubiquitin-Protein Transferase Activity
CPX-104,GO:0004842,Ubiquitin-Protein Transferase Activity
CPX-2231,GO:0004842,Ubiquitin-Protein Transferase Activity
CPX-2515,GO:0004842,Ubiquitin-Protein Transferase Activity
CPX-2517,GO:0004842,Ubiquitin-Protein Transferase Activity
CPX-2548,GO:0004842,Ubiquitin-Protein Transferase Activity
CPX-2551,GO:0004842,Ubiquitin-Protein Transferase Activity
CPX-7601,GO:0004842,Ubiquitin-Protein Transferase Activity
BRWD3,GO:0004842,Ubiquitin-Protein Transferase Activity
CPX-3232,GO:0004842,Ubiquitin-Protein Transferase Activity
CPX-3263,GO:0004842,Ubiquitin-Protein Transferase Activity
MLLT3,GO:0004842,Ubiquitin-Protein Transferase Activity
CDK8,GO:0004842,Ubiquitin-Protein Transferase Activity
CPX-974,GO:0004842,Ubiquitin-Protein Transferase Activity
CPX-815,GO:0004842,Ubiquitin-Protein Transferase Activity
TAF1,GO:0004842,Ubiquitin-Protein Transferase Activity
MAMLD1,GO:0004842,Ubiquitin-Protein Transferase Activity
TCEA1,GO:0004842,Ubiquitin-Protein Transferase Activity
CPX-1969,GO:0004842,Ubiquitin-Protein Transferase Activity
CPX-330,GO:0004842,Ubiquitin-Protein Transferase Activity
MAML2,GO:0004842,Ubiquitin-Protein Transferase Activity
CPX-5831,GO:0004842,Ubiquitin-Protein Transferase Activity
MECOM,GO:0004842,Ubiquitin-Protein Transferase Activity
CPX-2196,GO:0004842,Ubiquitin-Protein Transferase Activity
CPX-2212,GO:0004842,Ubiquitin-Protein Transferase Activity
CPX-2309,GO:0004842,Ubiquitin-Protein Transferase Activity
CPX-2310,GO:0004842,Ubiquitin-Protein Transferase Activity
CPX-2318,GO:0004842,Ubiquitin-Protein Transferase Activity
CPX-2320,GO:0004842,Ubiquitin-Protein Transferase Activity
CPX-2322,GO:0004842,Ubiquitin-Protein Transferase Activity
CPX-2323,GO:0004842,Ubiquitin-Protein Transferase Activity
CPX-2330,GO:0004842,Ubiquitin-Protein Transferase Activity
CPX-2570,GO:0004842,Ubiquitin-Protein Transferase Activity
CPX-1860,GO:0004842,Ubiquitin-Protein Transferase Activity
CPX-2348,GO:0004842,Ubiquitin-Protein Transferase Activity
CPX-2381,GO:0004842,Ubiquitin-Protein Transferase Activity
CPX-2272,GO:0004842,Ubiquitin-Protein Transferase Activity
CPX-2276,GO:0004842,Ubiquitin-Protein Transferase Activity
CPX-2280,GO:0004842,Ubiquitin-Protein Transferase Activity
CPX-2282,GO:0004842,Ubiquitin-Protein Transferase Activity
CPX-2557,GO:0004842,Ubiquitin-Protein Transferase Activity
CPX-2571,GO:0004842,Ubiquitin-Protein Transferase Activity
CPX-2627,GO:0004842,Ubiquitin-Protein Transferase Activity
CPX-7519,GO:0004842,Ubiquitin-Protein Transferase Activity
CPX-7522,GO:0004842,Ubiquitin-Protein Transferase Activity
CPX-7523,GO:0004842,Ubiquitin-Protein Transferase Activity
CPX-7524,GO:0004842,Ubiquitin-Protein Transferase Activity
CPX-7525,GO:0004842,Ubiquitin-Protein Transferase Activity
CPX-7526,GO:0004842,Ubiquitin-Protein Transferase Activity
CPX-7527,GO:0004842,Ubiquitin-Protein Transferase Activity
CPX-7528,GO:0004842,Ubiquitin-Protein Transferase Activity
CPX-7529,GO:0004842,Ubiquitin-Protein Transferase Activity
CPX-7530,GO:0004842,Ubiquitin-Protein Transferase Activity
CPX-7531,GO:0004842,Ubiquitin-Protein Transferase Activity
CPX-7532,GO:0004842,Ubiquitin-Protein Transferase Activity
CPX-7533,GO:0004842,Ubiquitin-Protein Transferase Activity
CPX-7534,GO:0004842,Ubiquitin-Protein Transferase Activity
CPX-7535,GO:0004842,Ubiquitin-Protein Transferase Activity
CPX-7541,GO:0004842,Ubiquitin-Protein Transferase Activity
CPX-7542,GO:0004842,Ubiquitin-Protein Transferase Activity
CPX-7544,GO:0004842,Ubiquitin-Protein Transferase Activity
CPX-7545,GO:0004842,Ubiquitin-Protein Transferase Activity
CPX-7547,GO:0004842,Ubiquitin-Protein Transferase Activity
CPX-7548,GO:0004842,Ubiquitin-Protein Transferase Activity
CPX-7549,GO:0004842,Ubiquitin-Protein Transferase Activity
CPX-7550,GO:0004842,Ubiquitin-Protein Transferase Activity
CPX-7551,GO:0004842,Ubiquitin-Protein Transferase Activity
CPX-7552,GO:0004842,Ubiquitin-Protein Transferase Activity
CPX-7553,GO:0004842,Ubiquitin-Protein Transferase Activity
CPX-7554,GO:0004842,Ubiquitin-Protein Transferase Activity
CPX-7555,GO:0004842,Ubiquitin-Protein Transferase Activity
CPX-7556,GO:0004842,Ubiquitin-Protein Transferase Activity
PRDM1,GO:0004842,Ubiquitin-Protein Transferase Activity
TCF20,GO:0004842,Ubiquitin-Protein Transferase Activity
CPX-3219,GO:0004842,Ubiquitin-Protein Transferase Activity
CPX-3223,GO:0004842,Ubiquitin-Protein Transferase Activity
UBR7,GO:0004842,Ubiquitin-Protein Transferase Activity
CPX-415,GO:0004842,Ubiquitin-Protein Transferase Activity
CPX-7931,GO:0004842,Ubiquitin-Protein Transferase Activity
CPX-659,GO:0004842,Ubiquitin-Protein Transferase Activity
CPX-1878,GO:0004842,Ubiquitin-Protein Transferase Activity
CPX-1879,GO:0004842,Ubiquitin-Protein Transferase Activity
CPX-6264,GO:0004842,Ubiquitin-Protein Transferase Activity
ATAD5,GO:0004842,Ubiquitin-Protein Transferase Activity
CPX-2108,GO:0004842,Ubiquitin-Protein Transferase Activity
USP1,GO:0004842,Ubiquitin-Protein Transferase Activity
USP7,GO:0004842,Ubiquitin-Protein Transferase Activity
CPX-4425,GO:0004842,Ubiquitin-Protein Transferase Activity
CPX-538,GO:0004842,Ubiquitin-Protein Transferase Activity
CPX-4526,GO:0004842,Ubiquitin-Protein Transferase Activity
CPX-2097,GO:0004842,Ubiquitin-Protein Transferase Activity
UBE2T,GO:0004842,Ubiquitin-Protein Transferase Activity
ERN2,GO:0004842,Ubiquitin-Protein Transferase Activity
NPM1,GO:0004842,Ubiquitin-Protein Transferase Activity
CPX-2940,GO:0004842,Ubiquitin-Protein Transferase Activity
CPX-1880,GO:0004842,Ubiquitin-Protein Transferase Activity
CPX-787,GO:0004842,Ubiquitin-Protein Transferase Activity
CPX-2015,GO:0004842,Ubiquitin-Protein Transferase Activity
BUB1B,GO:0004842,Ubiquitin-Protein Transferase Activity
TTK,GO:0004842,Ubiquitin-Protein Transferase Activity
CDC7,GO:0004842,Ubiquitin-Protein Transferase Activity
MCM10,GO:0004842,Ubiquitin-Protein Transferase Activity
CPX-2016,GO:0004842,Ubiquitin-Protein Transferase Activity
RUNX1,GO:0004842,Ubiquitin-Protein Transferase Activity
HINT1,GO:0004842,Ubiquitin-Protein Transferase Activity
SPOP,GO:0004842,Ubiquitin-Protein Transferase Activity
CPX-3220,GO:0004842,Ubiquitin-Protein Transferase Activity
DAB2IP,GO:0004842,Ubiquitin-Protein Transferase Activity
TLK2,GO:0004842,Ubiquitin-Protein Transferase Activity
CHEK2,GO:0004842,Ubiquitin-Protein Transferase Activity
CDK13,GO:0004842,Ubiquitin-Protein Transferase Activity
DVL1,GO:0004842,Ubiquitin-Protein Transferase Activity
CPX-56,GO:0004842,Ubiquitin-Protein Transferase Activity
CPX-7461,GO:0004842,Ubiquitin-Protein Transferase Activity
ASXL3,GO:0004842,Ubiquitin-Protein Transferase Activity
CPX-2012,GO:0004842,Ubiquitin-Protein Transferase Activity
CPX-2013,GO:0004842,Ubiquitin-Protein Transferase Activity
CDKN1B,GO:0004842,Ubiquitin-Protein Transferase Activity
LOX,GO:0004842,Ubiquitin-Protein Transferase Activity
PML,GO:0004842,Ubiquitin-Protein Transferase Activity
CPX-2539,GO:0004842,Ubiquitin-Protein Transferase Activity
CPX-5839,GO:0004842,Ubiquitin-Protein Transferase Activity
CPX-148,GO:0004842,Ubiquitin-Protein Transferase Activity
ACVR1,GO:0004842,Ubiquitin-Protein Transferase Activity
ZBTB16,GO:0004842,Ubiquitin-Protein Transferase Activity
APOBEC3G,GO:0004842,Ubiquitin-Protein Transferase Activity
SAMHD1,GO:0004842,Ubiquitin-Protein Transferase Activity
CPX-439,GO:0004842,Ubiquitin-Protein Transferase Activity
CPX-441,GO:0004842,Ubiquitin-Protein Transferase Activity
SOCS3,GO:0004842,Ubiquitin-Protein Transferase Activity
CDK7,GO:0004842,Ubiquitin-Protein Transferase Activity
CPX-578,GO:0004842,Ubiquitin-Protein Transferase Activity
PRLR,GO:0004842,Ubiquitin-Protein Transferase Activity
CPX-150,GO:0004842,Ubiquitin-Protein Transferase Activity
CPX-7099,GO:0004842,Ubiquitin-Protein Transferase Activity
CBFB,GO:0004842,Ubiquitin-Protein Transferase Activity
GH1,GO:0004842,Ubiquitin-Protein Transferase Activity
CPX-2011,GO:0004842,Ubiquitin-Protein Transferase Activity
ROBO3,GO:0004842,Ubiquitin-Protein Transferase Activity
MAPKAPK2,GO:0004842,Ubiquitin-Protein Transferase Activity
MAPKAPK3,GO:0004842,Ubiquitin-Protein Transferase Activity
CPX-2480,GO:0004842,Ubiquitin-Protein Transferase Activity
CPX-2609,GO:0004842,Ubiquitin-Protein Transferase Activity
CPX-7502,GO:0004842,Ubiquitin-Protein Transferase Activity
CPX-7504,GO:0004842,Ubiquitin-Protein Transferase Activity
CPX-2605,GO:0004842,Ubiquitin-Protein Transferase Activity
CPX-7501,GO:0004842,Ubiquitin-Protein Transferase Activity
CPX-2594,GO:0004842,Ubiquitin-Protein Transferase Activity
CPX-2600,GO:0004842,Ubiquitin-Protein Transferase Activity
CPX-2616,GO:0004842,Ubiquitin-Protein Transferase Activity
CPX-2621,GO:0004842,Ubiquitin-Protein Transferase Activity
CPX-7505,GO:0004842,Ubiquitin-Protein Transferase Activity
CPX-7509,GO:0004842,Ubiquitin-Protein Transferase Activity
CPX-7513,GO:0004842,Ubiquitin-Protein Transferase Activity
CPX-7516,GO:0004842,Ubiquitin-Protein Transferase Activity
SOCS1,GO:0004842,Ubiquitin-Protein Transferase Activity
IKZF1,GO:0004842,Ubiquitin-Protein Transferase Activity
IKZF3,GO:0004842,Ubiquitin-Protein Transferase Activity
PAX5,GO:0004842,Ubiquitin-Protein Transferase Activity
LATS2,GO:0004842,Ubiquitin-Protein Transferase Activity
CCNO,GO:0004842,Ubiquitin-Protein Transferase Activity
APOBEC3F,GO:0004842,Ubiquitin-Protein Transferase Activity
CPX-2488,GO:0004842,Ubiquitin-Protein Transferase Activity
CPX-7261,GO:0004842,Ubiquitin-Protein Transferase Activity
CPX-2392,GO:0004842,Ubiquitin-Protein Transferase Activity
CPX-2705,GO:0004842,Ubiquitin-Protein Transferase Activity
CPX-6033,GO:0004842,Ubiquitin-Protein Transferase Activity
CPX-414,GO:0004842,Ubiquitin-Protein Transferase Activity
CPX-2526,GO:0004842,Ubiquitin-Protein Transferase Activity
CPX-2260,GO:0004842,Ubiquitin-Protein Transferase Activity
CPX-2598,GO:0004842,Ubiquitin-Protein Transferase Activity
CPX-2601,GO:0004842,Ubiquitin-Protein Transferase Activity
CPX-2613,GO:0004842,Ubiquitin-Protein Transferase Activity
CPX-2615,GO:0004842,Ubiquitin-Protein Transferase Activity
CPX-2617,GO:0004842,Ubiquitin-Protein Transferase Activity
CPX-2619,GO:0004842,Ubiquitin-Protein Transferase Activity
CPX-2622,GO:0004842,Ubiquitin-Protein Transferase Activity
CPX-2623,GO:0004842,Ubiquitin-Protein Transferase Activity
CPX-2630,GO:0004842,Ubiquitin-Protein Transferase Activity
CPX-2712,GO:0004842,Ubiquitin-Protein Transferase Activity
SIAH1,GO:0004842,Ubiquitin-Protein Transferase Activity
CPX-2669,GO:0004842,Ubiquitin-Protein Transferase Activity
CPX-2672,GO:0004842,Ubiquitin-Protein Transferase Activity
CPX-5992,GO:0004842,Ubiquitin-Protein Transferase Activity
CPX-6086,GO:0004842,Ubiquitin-Protein Transferase Activity
DDX11,GO:0004842,Ubiquitin-Protein Transferase Activity
RECQL,GO:0004842,Ubiquitin-Protein Transferase Activity
SALL4,GO:0004842,Ubiquitin-Protein Transferase Activity
ATN1,GO:0004842,Ubiquitin-Protein Transferase Activity
HSD17B14,GO:0004842,Ubiquitin-Protein Transferase Activity
TPP1,GO:0004842,Ubiquitin-Protein Transferase Activity
UBR1,GO:0004842,Ubiquitin-Protein Transferase Activity
CPX-2354,GO:0004842,Ubiquitin-Protein Transferase Activity
CPX-7561,GO:0004842,Ubiquitin-Protein Transferase Activity
RLIM,GO:0004842,Ubiquitin-Protein Transferase Activity
HUWE1,GO:0004842,Ubiquitin-Protein Transferase Activity
ASXL2,GO:0004842,Ubiquitin-Protein Transferase Activity
RBM15,GO:0004842,Ubiquitin-Protein Transferase Activity
UBA1,GO:0004842,Ubiquitin-Protein Transferase Activity
CPX-241,GO:0004842,Ubiquitin-Protein Transferase Activity
CPX-359,GO:0004842,Ubiquitin-Protein Transferase Activity
SPRED1,GO:0004842,Ubiquitin-Protein Transferase Activity
ERCC5,GO:0004842,Ubiquitin-Protein Transferase Activity
CPX-74,GO:0004842,Ubiquitin-Protein Transferase Activity
UBE2A,GO:0004842,Ubiquitin-Protein Transferase Activity
GLMN,GO:0004842,Ubiquitin-Protein Transferase Activity
CDKN1C,GO:0004842,Ubiquitin-Protein Transferase Activity
MAP3K6,GO:0004842,Ubiquitin-Protein Transferase Activity
SPRED2,GO:0004842,Ubiquitin-Protein Transferase Activity
CPX-7011,GO:0004842,Ubiquitin-Protein Transferase Activity
CPX-7081,GO:0004842,Ubiquitin-Protein Transferase Activity
SPDYE1,GO:0004842,Ubiquitin-Protein Transferase Activity
ARIH1,GO:0004842,Ubiquitin-Protein Transferase Activity
SCAPER,GO:0004842,Ubiquitin-Protein Transferase Activity
UVSSA,GO:0004842,Ubiquitin-Protein Transferase Activity
CLCF1,GO:0004842,Ubiquitin-Protein Transferase Activity
TRAF7,GO:0004842,Ubiquitin-Protein Transferase Activity
CPX-6365,GO:0004842,Ubiquitin-Protein Transferase Activity
CPX-6382,GO:0004842,Ubiquitin-Protein Transferase Activity
MSI2,GO:0004842,Ubiquitin-Protein Transferase Activity
CPX-7901,GO:0004842,Ubiquitin-Protein Transferase Activity
CPX-7902,GO:0004842,Ubiquitin-Protein Transferase Activity
CPX-7903,GO:0004842,Ubiquitin-Protein Transferase Activity
CPX-876,GO:0004842,Ubiquitin-Protein Transferase Activity
TRIM37,GO:0004842,Ubiquitin-Protein Transferase Activity
KCTD13,GO:0004842,Ubiquitin-Protein Transferase Activity
TONSL,GO:0004842,Ubiquitin-Protein Transferase Activity
FLI1,GO:0004842,Ubiquitin-Protein Transferase Activity
CPX-2831,GO:0004842,Ubiquitin-Protein Transferase Activity
UBE4A,GO:0004842,Ubiquitin-Protein Transferase Activity
POMP,GO:0004842,Ubiquitin-Protein Transferase Activity
SMCHD1,GO:0004842,Ubiquitin-Protein Transferase Activity
CPX-6641,GO:0004842,Ubiquitin-Protein Transferase Activity
SSX2,GO:0004842,Ubiquitin-Protein Transferase Activity
POU3F3,GO:0004842,Ubiquitin-Protein Transferase Activity
UFC1,GO:0004842,Ubiquitin-Protein Transferase Activity
MEIS2,GO:0004842,Ubiquitin-Protein Transferase Activity
DZIP1,GO:0004842,Ubiquitin-Protein Transferase Activity
CPX-2211,GO:0004842,Ubiquitin-Protein Transferase Activity
ZSWIM6,GO:0004842,Ubiquitin-Protein Transferase Activity
KCTD17,GO:0004842,Ubiquitin-Protein Transferase Activity
LZTR1,GO:0004842,Ubiquitin-Protein Transferase Activity
IKZF5,GO:0004842,Ubiquitin-Protein Transferase Activity
ITCH,GO:0004842,Ubiquitin-Protein Transferase Activity
CPX-3224,GO:0004842,Ubiquitin-Protein Transferase Activity
GZF1,GO:0004842,Ubiquitin-Protein Transferase Activity
TEX15,GO:0004842,Ubiquitin-Protein Transferase Activity
MEI1,GO:0004842,Ubiquitin-Protein Transferase Activity
KBTBD13,GO:0004842,Ubiquitin-Protein Transferase Activity
