proteina,GO_term,Term_Name_Clean
CPX-915,GO:0006357,Regulation Of Transcription By RNA Polymerase II
CPX-930,GO:0006357,Regulation Of Transcription By RNA Polymerase II
RARB,GO:0006357,Regulation Of Transcription By RNA Polymerase II
MAPK14,GO:0006357,Regulation Of Transcription By RNA Polymerase II
CPX-497,GO:0006357,Regulation Of Transcription By RNA Polymerase II
CPX-5850,GO:0006357,Regulation Of Transcription By RNA Polymerase II
CPX-7062,GO:0006357,Regulation Of Transcription By RNA Polymerase II
CTBP1,GO:0006357,Regulation Of Transcription By RNA Polymerase II
H3-3B,GO:0006357,Regulation Of Transcription By RNA Polymerase II
MAPK11,GO:0006357,Regulation Of Transcription By RNA Polymerase II
CPX-2205,GO:0006357,Regulation Of Transcription By RNA Polymerase II
CPX-2307,GO:0006357,Regulation Of Transcription By RNA Polymerase II
CPX-2317,GO:0006357,Regulation Of Transcription By RNA Polymerase II
CPX-2569,GO:0006357,Regulation Of Transcription By RNA Polymerase II
CPX-6263,GO:0006357,Regulation Of Transcription By RNA Polymerase II
KDM6B,GO:0006357,Regulation Of Transcription By RNA Polymerase II
CPX-944,GO:0006357,Regulation Of Transcription By RNA Polymerase II
NCOR1,GO:0006357,Regulation Of Transcription By RNA Polymerase II
KMT5B,GO:0006357,Regulation Of Transcription By RNA Polymerase II
DNMT1,GO:0006357,Regulation Of Transcription By RNA Polymerase II
CPX-2874,GO:0006357,Regulation Of Transcription By RNA Polymerase II
CPX-3321,GO:0006357,Regulation Of Transcription By RNA Polymerase II
CPX-3322,GO:0006357,Regulation Of Transcription By RNA Polymerase II
CPX-3323,GO:0006357,Regulation Of Transcription By RNA Polymerase II
CPX-880,GO:0006357,Regulation Of Transcription By RNA Polymerase II
CPX-922,GO:0006357,Regulation Of Transcription By RNA Polymerase II
KDM5C,GO:0006357,Regulation Of Transcription By RNA Polymerase II
CPX-7091,GO:0006357,Regulation Of Transcription By RNA Polymerase II
CPX-7104,GO:0006357,Regulation Of Transcription By RNA Polymerase II
EHMT2,GO:0006357,Regulation Of Transcription By RNA Polymerase II
CPX-469,GO:0006357,Regulation Of Transcription By RNA Polymerase II
CSNK2A1,GO:0006357,Regulation Of Transcription By RNA Polymerase II
SOX2,GO:0006357,Regulation Of Transcription By RNA Polymerase II
CPX-8623,GO:0006357,Regulation Of Transcription By RNA Polymerase II
CPX-8624,GO:0006357,Regulation Of Transcription By RNA Polymerase II
REST,GO:0006357,Regulation Of Transcription By RNA Polymerase II
CPX-2291,GO:0006357,Regulation Of Transcription By RNA Polymerase II
CPX-2295,GO:0006357,Regulation Of Transcription By RNA Polymerase II
CPX-2296,GO:0006357,Regulation Of Transcription By RNA Polymerase II
CPX-2297,GO:0006357,Regulation Of Transcription By RNA Polymerase II
CPX-7589,GO:0006357,Regulation Of Transcription By RNA Polymerase II
CPX-7590,GO:0006357,Regulation Of Transcription By RNA Polymerase II
CPX-7591,GO:0006357,Regulation Of Transcription By RNA Polymerase II
GATA4,GO:0006357,Regulation Of Transcription By RNA Polymerase II
HNRNPK,GO:0006357,Regulation Of Transcription By RNA Polymerase II
DDX3X,GO:0006357,Regulation Of Transcription By RNA Polymerase II
RORA,GO:0006357,Regulation Of Transcription By RNA Polymerase II
JAZF1,GO:0006357,Regulation Of Transcription By RNA Polymerase II
RGS9,GO:0007601,Visual Perception
RGS9BP,GO:0007601,Visual Perception
KCNV2,GO:0007601,Visual Perception
CPX-2821,GO:0007601,Visual Perception
GNAT2,GO:0007601,Visual Perception
GRK1,GO:0007601,Visual Perception
KCNJ13,GO:0007601,Visual Perception
NYX,GO:0007601,Visual Perception
GNAT1,GO:0007601,Visual Perception
CNGB1,GO:0007601,Visual Perception
SLC24A1,GO:0007601,Visual Perception
CNGA3,GO:0007601,Visual Perception
CNGB3,GO:0007601,Visual Perception
CABP4,GO:0007601,Visual Perception
RS1,GO:0007601,Visual Perception
CNGA1,GO:0007601,Visual Perception
RAX2,GO:0007601,Visual Perception
TRPM1,GO:0007601,Visual Perception
PITPNM3,GO:0007601,Visual Perception
GUCA1A,GO:0007601,Visual Perception
MYO7A,GO:0007601,Visual Perception
MYO15A,GO:0007601,Visual Perception
STRC,GO:0007601,Visual Perception
EYA4,GO:0007601,Visual Perception
CNNM4,GO:0007601,Visual Perception
CDHR1,GO:0007601,Visual Perception
P2RY1,GO:0030198,Extracellular Matrix Organization
PRKAG1,GO:0030198,Extracellular Matrix Organization
STRADA,GO:0030198,Extracellular Matrix Organization
KISS1R,GO:0030198,Extracellular Matrix Organization
PROK2,GO:0030198,Extracellular Matrix Organization
MC1R,GO:0030198,Extracellular Matrix Organization
SERPINH1,GO:0030198,Extracellular Matrix Organization
UMOD,GO:0030198,Extracellular Matrix Organization
C1QBP,GO:0030198,Extracellular Matrix Organization
TSHR,GO:0030198,Extracellular Matrix Organization
GNRH1,GO:0030198,Extracellular Matrix Organization
CPX-1776,GO:0030198,Extracellular Matrix Organization
CPX-1782,GO:0030198,Extracellular Matrix Organization
CPX-1750,GO:0030198,Extracellular Matrix Organization
LRP2,GO:0030198,Extracellular Matrix Organization
LPIN2,GO:0030198,Extracellular Matrix Organization
GYS1,GO:0030198,Extracellular Matrix Organization
PKN2,GO:0030198,Extracellular Matrix Organization
PIK3C2A,GO:0030198,Extracellular Matrix Organization
ANGPTL3,GO:0030198,Extracellular Matrix Organization
SHBG,GO:0030198,Extracellular Matrix Organization
P2RY2,GO:0030198,Extracellular Matrix Organization
S1PR2,GO:0030198,Extracellular Matrix Organization
KLK4,GO:0030198,Extracellular Matrix Organization
PTGFR,GO:0030198,Extracellular Matrix Organization
ALOX5AP,GO:0030198,Extracellular Matrix Organization
AIP,GO:0030198,Extracellular Matrix Organization
FFAR1,GO:0030198,Extracellular Matrix Organization
CPX-5051,GO:0030198,Extracellular Matrix Organization
CPX-5052,GO:0030198,Extracellular Matrix Organization
CPX-1775,GO:0030198,Extracellular Matrix Organization
CPX-3166,GO:0030198,Extracellular Matrix Organization
SPHK2,GO:0030198,Extracellular Matrix Organization
PEBP1,GO:0030198,Extracellular Matrix Organization
CPX-4741,GO:0030198,Extracellular Matrix Organization
SH3GL1,GO:0030198,Extracellular Matrix Organization
GPNMB,GO:0030198,Extracellular Matrix Organization
FOLR1,GO:0030198,Extracellular Matrix Organization
UNC119,GO:0030198,Extracellular Matrix Organization
FRK,GO:0030198,Extracellular Matrix Organization
FOLR2,GO:0030198,Extracellular Matrix Organization
EPHA5,GO:0030198,Extracellular Matrix Organization
SLK,GO:0030198,Extracellular Matrix Organization
CA8,GO:0030198,Extracellular Matrix Organization
TF,GO:0030198,Extracellular Matrix Organization
POGLUT1,GO:0030198,Extracellular Matrix Organization
CPX-4943,GO:0030198,Extracellular Matrix Organization
CPX-4944,GO:0030198,Extracellular Matrix Organization
ADAMTS13,GO:0030198,Extracellular Matrix Organization
SPECC1,GO:0030198,Extracellular Matrix Organization
DCPS,GO:0030198,Extracellular Matrix Organization
TPO,GO:0030198,Extracellular Matrix Organization
UNC5C,GO:0030198,Extracellular Matrix Organization
IGFALS,GO:0030198,Extracellular Matrix Organization
CPX-1779,GO:0030198,Extracellular Matrix Organization
CDH11,GO:0030198,Extracellular Matrix Organization
KIAA0319,GO:0030198,Extracellular Matrix Organization
JAM3,GO:0030198,Extracellular Matrix Organization
CA12,GO:0030198,Extracellular Matrix Organization
FERMT1,GO:0030198,Extracellular Matrix Organization
CPX-8463,GO:0030198,Extracellular Matrix Organization
GPR68,GO:0030198,Extracellular Matrix Organization
PDK3,GO:0030198,Extracellular Matrix Organization
NDP,GO:0030198,Extracellular Matrix Organization
CPX-6097,GO:0030198,Extracellular Matrix Organization
CPX-8673,GO:0005891,Voltage-Gated Calcium Channel Complex
CPX-8674,GO:0005891,Voltage-Gated Calcium Channel Complex
CPX-8675,GO:0005891,Voltage-Gated Calcium Channel Complex
CPX-8676,GO:0005891,Voltage-Gated Calcium Channel Complex
CPX-3278,GO:0005891,Voltage-Gated Calcium Channel Complex
PPP2R3C,GO:0005891,Voltage-Gated Calcium Channel Complex
CPX-3195,GO:0005891,Voltage-Gated Calcium Channel Complex
CPX-8861,GO:0005891,Voltage-Gated Calcium Channel Complex
CPX-3239,GO:0005891,Voltage-Gated Calcium Channel Complex
CNTNAP2,GO:0005891,Voltage-Gated Calcium Channel Complex
CACNA1B,GO:0005891,Voltage-Gated Calcium Channel Complex
SLITRK1,GO:0005891,Voltage-Gated Calcium Channel Complex
DPP6,GO:0005891,Voltage-Gated Calcium Channel Complex
CPX-8503,GO:0005891,Voltage-Gated Calcium Channel Complex
CPX-8525,GO:0005891,Voltage-Gated Calcium Channel Complex
CPX-3072,GO:0005891,Voltage-Gated Calcium Channel Complex
CPX-3073,GO:0005891,Voltage-Gated Calcium Channel Complex
KCNK18,GO:0005891,Voltage-Gated Calcium Channel Complex
CACNA1D,GO:0005891,Voltage-Gated Calcium Channel Complex
CPX-3192,GO:0005891,Voltage-Gated Calcium Channel Complex
CPX-8699,GO:0005891,Voltage-Gated Calcium Channel Complex
CPX-8725,GO:0005891,Voltage-Gated Calcium Channel Complex
CPX-8726,GO:0005891,Voltage-Gated Calcium Channel Complex
CPX-8740,GO:0005891,Voltage-Gated Calcium Channel Complex
CPX-8741,GO:0005891,Voltage-Gated Calcium Channel Complex
CPX-8742,GO:0005891,Voltage-Gated Calcium Channel Complex
CPX-8743,GO:0005891,Voltage-Gated Calcium Channel Complex
CPX-8762,GO:0005891,Voltage-Gated Calcium Channel Complex
CPX-8763,GO:0005891,Voltage-Gated Calcium Channel Complex
CPX-8764,GO:0005891,Voltage-Gated Calcium Channel Complex
CPX-8768,GO:0005891,Voltage-Gated Calcium Channel Complex
CPX-8772,GO:0005891,Voltage-Gated Calcium Channel Complex
CPX-8773,GO:0005891,Voltage-Gated Calcium Channel Complex
KCNA1,GO:0005891,Voltage-Gated Calcium Channel Complex
KCNQ2,GO:0005891,Voltage-Gated Calcium Channel Complex
PKP2,GO:0005891,Voltage-Gated Calcium Channel Complex
CPX-3071,GO:0005891,Voltage-Gated Calcium Channel Complex
KCNA5,GO:0005891,Voltage-Gated Calcium Channel Complex
TRPM4,GO:0005891,Voltage-Gated Calcium Channel Complex
CPX-197,GO:0005891,Voltage-Gated Calcium Channel Complex
CPX-199,GO:0005891,Voltage-Gated Calcium Channel Complex
CASQ2,GO:0005891,Voltage-Gated Calcium Channel Complex
CPX-131,GO:0005891,Voltage-Gated Calcium Channel Complex
KCNN2,GO:0005891,Voltage-Gated Calcium Channel Complex
KCNC1,GO:0005891,Voltage-Gated Calcium Channel Complex
CPX-8639,GO:0005891,Voltage-Gated Calcium Channel Complex
CPX-8640,GO:0005891,Voltage-Gated Calcium Channel Complex
CPX-8643,GO:0005891,Voltage-Gated Calcium Channel Complex
CPX-8644,GO:0005891,Voltage-Gated Calcium Channel Complex
CPX-8661,GO:0005891,Voltage-Gated Calcium Channel Complex
CPX-8662,GO:0005891,Voltage-Gated Calcium Channel Complex
CPX-8665,GO:0005891,Voltage-Gated Calcium Channel Complex
CPX-8667,GO:0005891,Voltage-Gated Calcium Channel Complex
CPX-8669,GO:0005891,Voltage-Gated Calcium Channel Complex
CPX-8671,GO:0005891,Voltage-Gated Calcium Channel Complex
CPX-8677,GO:0005891,Voltage-Gated Calcium Channel Complex
CPX-8680,GO:0005891,Voltage-Gated Calcium Channel Complex
CPX-8681,GO:0005891,Voltage-Gated Calcium Channel Complex
CPX-8684,GO:0005891,Voltage-Gated Calcium Channel Complex
CPX-8685,GO:0005891,Voltage-Gated Calcium Channel Complex
CPX-8690,GO:0005891,Voltage-Gated Calcium Channel Complex
CPX-8691,GO:0005891,Voltage-Gated Calcium Channel Complex
CPX-8694,GO:0005891,Voltage-Gated Calcium Channel Complex
CPX-8663,GO:0005891,Voltage-Gated Calcium Channel Complex
CPX-8664,GO:0005891,Voltage-Gated Calcium Channel Complex
KCNMA1,GO:0005891,Voltage-Gated Calcium Channel Complex
CPX-8641,GO:0005891,Voltage-Gated Calcium Channel Complex
CPX-8642,GO:0005891,Voltage-Gated Calcium Channel Complex
KCNK3,GO:0005891,Voltage-Gated Calcium Channel Complex
KCNE3,GO:0005891,Voltage-Gated Calcium Channel Complex
CPX-3256,GO:0005891,Voltage-Gated Calcium Channel Complex
CPX-8645,GO:0005891,Voltage-Gated Calcium Channel Complex
CPX-8646,GO:0005891,Voltage-Gated Calcium Channel Complex
CPX-8666,GO:0005891,Voltage-Gated Calcium Channel Complex
CPX-8668,GO:0005891,Voltage-Gated Calcium Channel Complex
CPX-8670,GO:0005891,Voltage-Gated Calcium Channel Complex
CPX-8672,GO:0005891,Voltage-Gated Calcium Channel Complex
CPX-8678,GO:0005891,Voltage-Gated Calcium Channel Complex
CPX-8679,GO:0005891,Voltage-Gated Calcium Channel Complex
CPX-8682,GO:0005891,Voltage-Gated Calcium Channel Complex
CPX-8683,GO:0005891,Voltage-Gated Calcium Channel Complex
CPX-8686,GO:0005891,Voltage-Gated Calcium Channel Complex
CPX-8687,GO:0005891,Voltage-Gated Calcium Channel Complex
CPX-8692,GO:0005891,Voltage-Gated Calcium Channel Complex
CPX-8693,GO:0005891,Voltage-Gated Calcium Channel Complex
KCNA4,GO:0005891,Voltage-Gated Calcium Channel Complex
TRDN,GO:0005891,Voltage-Gated Calcium Channel Complex
CACNA1H,GO:0005891,Voltage-Gated Calcium Channel Complex
CAV3,GO:0005891,Voltage-Gated Calcium Channel Complex
KCNQ5,GO:0005891,Voltage-Gated Calcium Channel Complex
AKAP9,GO:0005891,Voltage-Gated Calcium Channel Complex
CACNA1G,GO:0005891,Voltage-Gated Calcium Channel Complex
KCNB1,GO:0005891,Voltage-Gated Calcium Channel Complex
KCNT1,GO:0005891,Voltage-Gated Calcium Channel Complex
KCNE5,GO:0005891,Voltage-Gated Calcium Channel Complex
KCNQ3,GO:0005891,Voltage-Gated Calcium Channel Complex
KCNK2,GO:0005891,Voltage-Gated Calcium Channel Complex
KCNC3,GO:0005891,Voltage-Gated Calcium Channel Complex
KCNN3,GO:0005891,Voltage-Gated Calcium Channel Complex
GJA5,GO:0005891,Voltage-Gated Calcium Channel Complex
KCNA2,GO:0005891,Voltage-Gated Calcium Channel Complex
STX1B,GO:0005891,Voltage-Gated Calcium Channel Complex
SLC9A6,GO:0005891,Voltage-Gated Calcium Channel Complex
STXBP1,GO:0005891,Voltage-Gated Calcium Channel Complex
CAMK2B,GO:0005891,Voltage-Gated Calcium Channel Complex
SPTBN4,GO:0005891,Voltage-Gated Calcium Channel Complex
BRS3,GO:0005891,Voltage-Gated Calcium Channel Complex
KCNC2,GO:0005891,Voltage-Gated Calcium Channel Complex
PRDM12,GO:0005891,Voltage-Gated Calcium Channel Complex
NRCAM,GO:0005891,Voltage-Gated Calcium Channel Complex
SATB2,GO:0005891,Voltage-Gated Calcium Channel Complex
CACNA1A,GO:0005891,Voltage-Gated Calcium Channel Complex
ATP1A2,GO:0005891,Voltage-Gated Calcium Channel Complex
CNTNAP1,GO:0005891,Voltage-Gated Calcium Channel Complex
P2RX3,GO:0005891,Voltage-Gated Calcium Channel Complex
FGF14,GO:0005891,Voltage-Gated Calcium Channel Complex
MYL3,GO:0005891,Voltage-Gated Calcium Channel Complex
NOVA2,GO:0005891,Voltage-Gated Calcium Channel Complex
AVIL,GO:0005891,Voltage-Gated Calcium Channel Complex
KCNK4,GO:0005891,Voltage-Gated Calcium Channel Complex
CATSPER1,GO:0005891,Voltage-Gated Calcium Channel Complex
CACNA1E,GO:0005891,Voltage-Gated Calcium Channel Complex
JPH2,GO:0005891,Voltage-Gated Calcium Channel Complex
PCDH19,GO:0005891,Voltage-Gated Calcium Channel Complex
CATSPER2,GO:0005891,Voltage-Gated Calcium Channel Complex
IRX5,GO:0005891,Voltage-Gated Calcium Channel Complex
FGF12,GO:0005891,Voltage-Gated Calcium Channel Complex
ZIC1,GO:0005891,Voltage-Gated Calcium Channel Complex
CPX-2499,GO:0005891,Voltage-Gated Calcium Channel Complex
CPX-6226,GO:0005891,Voltage-Gated Calcium Channel Complex
CLCN2,GO:0005891,Voltage-Gated Calcium Channel Complex
SLC25A22,GO:0005891,Voltage-Gated Calcium Channel Complex
NFASC,GO:0005891,Voltage-Gated Calcium Channel Complex
LGI1,GO:0005891,Voltage-Gated Calcium Channel Complex
ARX,GO:0005891,Voltage-Gated Calcium Channel Complex
ALG13,GO:0005891,Voltage-Gated Calcium Channel Complex
PRRT2,GO:0005891,Voltage-Gated Calcium Channel Complex
TBC1D24,GO:0005891,Voltage-Gated Calcium Channel Complex
KCNH1,GO:0005891,Voltage-Gated Calcium Channel Complex
IQSEC2,GO:0005891,Voltage-Gated Calcium Channel Complex
RTN2,GO:0005891,Voltage-Gated Calcium Channel Complex
EFHC1,GO:0005891,Voltage-Gated Calcium Channel Complex
TSPYL1,GO:0005891,Voltage-Gated Calcium Channel Complex
EVC2,GO:0005891,Voltage-Gated Calcium Channel Complex
ARHGEF9,GO:0005891,Voltage-Gated Calcium Channel Complex
STK32B,GO:0005891,Voltage-Gated Calcium Channel Complex
KCNJ18,GO:0005891,Voltage-Gated Calcium Channel Complex
GABRR1,GO:0005891,Voltage-Gated Calcium Channel Complex
CRYBA2,GO:0005891,Voltage-Gated Calcium Channel Complex
KCNJ8,GO:0005891,Voltage-Gated Calcium Channel Complex
CPX-5663,GO:0005891,Voltage-Gated Calcium Channel Complex
TRIM32,GO:0060070,Canonical Wnt Signaling Pathway
WNT3,GO:0060070,Canonical Wnt Signaling Pathway
CPX-6461,GO:0060070,Canonical Wnt Signaling Pathway
MAP2K6,GO:0060070,Canonical Wnt Signaling Pathway
WDR37,GO:0060070,Canonical Wnt Signaling Pathway
MSX1,GO:0060070,Canonical Wnt Signaling Pathway
ERN2,GO:0060070,Canonical Wnt Signaling Pathway
TAP1,GO:0060070,Canonical Wnt Signaling Pathway
STK4,GO:0060070,Canonical Wnt Signaling Pathway
WNT7A,GO:0060070,Canonical Wnt Signaling Pathway
GSC,GO:0060070,Canonical Wnt Signaling Pathway
SMAD6,GO:0060070,Canonical Wnt Signaling Pathway
CPX-144,GO:0060070,Canonical Wnt Signaling Pathway
BMPR1A,GO:0060070,Canonical Wnt Signaling Pathway
GDF5,GO:0060070,Canonical Wnt Signaling Pathway
ZIC2,GO:0060070,Canonical Wnt Signaling Pathway
SKI,GO:0060070,Canonical Wnt Signaling Pathway
TCF12,GO:0060070,Canonical Wnt Signaling Pathway
MSX2,GO:0060070,Canonical Wnt Signaling Pathway
AIRE,GO:0060070,Canonical Wnt Signaling Pathway
NRIP1,GO:0060070,Canonical Wnt Signaling Pathway
POU1F1,GO:0060070,Canonical Wnt Signaling Pathway
RUNX1T1,GO:0060070,Canonical Wnt Signaling Pathway
CDH15,GO:0060070,Canonical Wnt Signaling Pathway
MAP2K7,GO:0060070,Canonical Wnt Signaling Pathway
ERF,GO:0060070,Canonical Wnt Signaling Pathway
RPS6KA2,GO:0060070,Canonical Wnt Signaling Pathway
MAP3K2,GO:0060070,Canonical Wnt Signaling Pathway
PPM1D,GO:0060070,Canonical Wnt Signaling Pathway
MAPK8IP3,GO:0060070,Canonical Wnt Signaling Pathway
ZNF423,GO:0060070,Canonical Wnt Signaling Pathway
ARNT2,GO:0060070,Canonical Wnt Signaling Pathway
WNT10B,GO:0060070,Canonical Wnt Signaling Pathway
WNT4,GO:0060070,Canonical Wnt Signaling Pathway
FRZB,GO:0060070,Canonical Wnt Signaling Pathway
WNT2B,GO:0060070,Canonical Wnt Signaling Pathway
PARP14,GO:0060070,Canonical Wnt Signaling Pathway
MAPK15,GO:0060070,Canonical Wnt Signaling Pathway
RUBCN,GO:0060070,Canonical Wnt Signaling Pathway
SP110,GO:0060070,Canonical Wnt Signaling Pathway
LYL1,GO:0060070,Canonical Wnt Signaling Pathway
GREM1,GO:0060070,Canonical Wnt Signaling Pathway
SNAP29,GO:0060070,Canonical Wnt Signaling Pathway
MAP4K4,GO:0060070,Canonical Wnt Signaling Pathway
FZD6,GO:0060070,Canonical Wnt Signaling Pathway
STK3,GO:0060070,Canonical Wnt Signaling Pathway
MACF1,GO:0060070,Canonical Wnt Signaling Pathway
MAP4K2,GO:0060070,Canonical Wnt Signaling Pathway
CPX-2827,GO:0060070,Canonical Wnt Signaling Pathway
ZNF703,GO:0060070,Canonical Wnt Signaling Pathway
SFRP4,GO:0060070,Canonical Wnt Signaling Pathway
BTG1,GO:0060070,Canonical Wnt Signaling Pathway
MKNK1,GO:0060070,Canonical Wnt Signaling Pathway
PPIP5K2,GO:0060070,Canonical Wnt Signaling Pathway
NUAK2,GO:0060070,Canonical Wnt Signaling Pathway
HOXA13,GO:0060070,Canonical Wnt Signaling Pathway
PHYH,GO:0005777,Peroxisome
SCP2,GO:0005777,Peroxisome
SLC28A1,GO:0005777,Peroxisome
HSD3B7,GO:0005777,Peroxisome
ACOX2,GO:0005777,Peroxisome
CRAT,GO:0005777,Peroxisome
MSMO1,GO:0005777,Peroxisome
SC5D,GO:0005777,Peroxisome
GGPS1,GO:0005777,Peroxisome
ACOX3,GO:0005777,Peroxisome
NSDHL,GO:0005777,Peroxisome
LSS,GO:0005777,Peroxisome
CPX-2649,GO:0005777,Peroxisome
PEX13,GO:0005777,Peroxisome
PEX14,GO:0005777,Peroxisome
HSD17B4,GO:0005777,Peroxisome
BCO1,GO:0005777,Peroxisome
SDR9C7,GO:0005777,Peroxisome
ABHD11,GO:0005777,Peroxisome
SLC13A3,GO:0005777,Peroxisome
AGA,GO:0005777,Peroxisome
KYNU,GO:0005777,Peroxisome
SGPL1,GO:0005777,Peroxisome
MMACHC,GO:0005777,Peroxisome
PEX11B,GO:0005777,Peroxisome
ABCD3,GO:0005777,Peroxisome
TRMT10A,GO:0005777,Peroxisome
ABCD1,GO:0005777,Peroxisome
FAR1,GO:0005777,Peroxisome
FA2H,GO:0005777,Peroxisome
ACBD5,GO:0005777,Peroxisome
GNPAT,GO:0005777,Peroxisome
ACAD10,GO:0005777,Peroxisome
PEX1,GO:0005777,Peroxisome
AGPS,GO:0005777,Peroxisome
PEX7,GO:0005777,Peroxisome
PEX26,GO:0005777,Peroxisome
ACP4,GO:0005777,Peroxisome
MPDU1,GO:0005777,Peroxisome
RHCE,GO:0005777,Peroxisome
SLC25A32,GO:0005777,Peroxisome
SLC52A1,GO:0005777,Peroxisome
CHST6,GO:0005777,Peroxisome
HPDL,GO:0005777,Peroxisome
TGDS,GO:0005777,Peroxisome
SLC19A3,GO:0005777,Peroxisome
DSE,GO:0005777,Peroxisome
LIAS,GO:0005777,Peroxisome
ATP2C1,GO:0005777,Peroxisome
TXNDC15,GO:0005777,Peroxisome
SLC52A2,GO:0005777,Peroxisome
ALG11,GO:0005777,Peroxisome
SLC33A1,GO:0005777,Peroxisome
GALNT11,GO:0005777,Peroxisome
IDE,GO:0006836,Neurotransmitter Transport
SRC,GO:0006836,Neurotransmitter Transport
LINGO1,GO:0006836,Neurotransmitter Transport
POMC,GO:0006836,Neurotransmitter Transport
SLC1A2,GO:0006836,Neurotransmitter Transport
CPX-943,GO:0006836,Neurotransmitter Transport
SYN2,GO:0006836,Neurotransmitter Transport
ACE,GO:0006836,Neurotransmitter Transport
PIK3CG,GO:0006836,Neurotransmitter Transport
ABCA7,GO:0006836,Neurotransmitter Transport
NOS3,GO:0006836,Neurotransmitter Transport
CPX-6273,GO:0006836,Neurotransmitter Transport
CPX-3111,GO:0006836,Neurotransmitter Transport
GRIA4,GO:0006836,Neurotransmitter Transport
SAA1,GO:0006836,Neurotransmitter Transport
SERPINI1,GO:0006836,Neurotransmitter Transport
XPNPEP2,GO:0006836,Neurotransmitter Transport
ECE1,GO:0006836,Neurotransmitter Transport
LSR,GO:0006836,Neurotransmitter Transport
WDFY3,GO:0006836,Neurotransmitter Transport
PLEC,GO:0006836,Neurotransmitter Transport
SLC1A3,GO:0006836,Neurotransmitter Transport
MYH9,GO:0006836,Neurotransmitter Transport
MIF,GO:0006836,Neurotransmitter Transport
PIK3R2,GO:0006836,Neurotransmitter Transport
CD46,GO:0006836,Neurotransmitter Transport
RHAG,GO:0006836,Neurotransmitter Transport
FOXP2,GO:0006836,Neurotransmitter Transport
CPX-4469,GO:0006836,Neurotransmitter Transport
STK33,GO:0006836,Neurotransmitter Transport
NEXN,GO:0006836,Neurotransmitter Transport
PPP2R5A,GO:1901989,Positive Regulation Of Cell Cycle Phase Transition
CDK2,GO:1901989,Positive Regulation Of Cell Cycle Phase Transition
DVL3,GO:1901989,Positive Regulation Of Cell Cycle Phase Transition
PPP2R5D,GO:1901989,Positive Regulation Of Cell Cycle Phase Transition
CPX-2004,GO:1901989,Positive Regulation Of Cell Cycle Phase Transition
CPX-2006,GO:1901989,Positive Regulation Of Cell Cycle Phase Transition
CPX-5835,GO:1901989,Positive Regulation Of Cell Cycle Phase Transition
CPX-478,GO:1901989,Positive Regulation Of Cell Cycle Phase Transition
PARP1,GO:1901989,Positive Regulation Of Cell Cycle Phase Transition
SUMO1,GO:1901989,Positive Regulation Of Cell Cycle Phase Transition
CHEK1,GO:1901989,Positive Regulation Of Cell Cycle Phase Transition
CPX-715,GO:1901989,Positive Regulation Of Cell Cycle Phase Transition
AURKA,GO:1901989,Positive Regulation Of Cell Cycle Phase Transition
CSNK1A1,GO:1901989,Positive Regulation Of Cell Cycle Phase Transition
CPX-107,GO:1901989,Positive Regulation Of Cell Cycle Phase Transition
CPX-109,GO:1901989,Positive Regulation Of Cell Cycle Phase Transition
CPX-442,GO:1901989,Positive Regulation Of Cell Cycle Phase Transition
CPX-99,GO:1901989,Positive Regulation Of Cell Cycle Phase Transition
CPX-2204,GO:1901989,Positive Regulation Of Cell Cycle Phase Transition
CPX-2311,GO:1901989,Positive Regulation Of Cell Cycle Phase Transition
CPX-2324,GO:1901989,Positive Regulation Of Cell Cycle Phase Transition
CPX-2325,GO:1901989,Positive Regulation Of Cell Cycle Phase Transition
CPX-4082,GO:1901989,Positive Regulation Of Cell Cycle Phase Transition
CPX-4141,GO:1901989,Positive Regulation Of Cell Cycle Phase Transition
CPX-4142,GO:1901989,Positive Regulation Of Cell Cycle Phase Transition
CPX-4143,GO:1901989,Positive Regulation Of Cell Cycle Phase Transition
CPX-4144,GO:1901989,Positive Regulation Of Cell Cycle Phase Transition
CPX-952,GO:1901989,Positive Regulation Of Cell Cycle Phase Transition
CPX-2838,GO:1901989,Positive Regulation Of Cell Cycle Phase Transition
CPX-7784,GO:1901989,Positive Regulation Of Cell Cycle Phase Transition
CPX-903,GO:1901989,Positive Regulation Of Cell Cycle Phase Transition
CPX-2564,GO:1901989,Positive Regulation Of Cell Cycle Phase Transition
CPX-5647,GO:1901989,Positive Regulation Of Cell Cycle Phase Transition
CPX-5668,GO:1901989,Positive Regulation Of Cell Cycle Phase Transition
CPX-2556,GO:1901989,Positive Regulation Of Cell Cycle Phase Transition
CPX-5670,GO:1901989,Positive Regulation Of Cell Cycle Phase Transition
CPX-5671,GO:1901989,Positive Regulation Of Cell Cycle Phase Transition
CPX-989,GO:1901989,Positive Regulation Of Cell Cycle Phase Transition
CPX-2198,GO:1901989,Positive Regulation Of Cell Cycle Phase Transition
CPX-2209,GO:1901989,Positive Regulation Of Cell Cycle Phase Transition
CPX-2213,GO:1901989,Positive Regulation Of Cell Cycle Phase Transition
CPX-2312,GO:1901989,Positive Regulation Of Cell Cycle Phase Transition
CPX-2314,GO:1901989,Positive Regulation Of Cell Cycle Phase Transition
CPX-2316,GO:1901989,Positive Regulation Of Cell Cycle Phase Transition
CPX-2326,GO:1901989,Positive Regulation Of Cell Cycle Phase Transition
CPX-2327,GO:1901989,Positive Regulation Of Cell Cycle Phase Transition
CPX-2328,GO:1901989,Positive Regulation Of Cell Cycle Phase Transition
CPX-2329,GO:1901989,Positive Regulation Of Cell Cycle Phase Transition
EGLN1,GO:1901989,Positive Regulation Of Cell Cycle Phase Transition
CPX-2250,GO:1901989,Positive Regulation Of Cell Cycle Phase Transition
CPX-2404,GO:1901989,Positive Regulation Of Cell Cycle Phase Transition
CPX-2406,GO:1901989,Positive Regulation Of Cell Cycle Phase Transition
CPX-2407,GO:1901989,Positive Regulation Of Cell Cycle Phase Transition
CPX-2412,GO:1901989,Positive Regulation Of Cell Cycle Phase Transition
CPX-2414,GO:1901989,Positive Regulation Of Cell Cycle Phase Transition
CPX-2416,GO:1901989,Positive Regulation Of Cell Cycle Phase Transition
CPX-2758,GO:1901989,Positive Regulation Of Cell Cycle Phase Transition
CPX-2762,GO:1901989,Positive Regulation Of Cell Cycle Phase Transition
CPX-2765,GO:1901989,Positive Regulation Of Cell Cycle Phase Transition
CPX-2770,GO:1901989,Positive Regulation Of Cell Cycle Phase Transition
CPX-2777,GO:1901989,Positive Regulation Of Cell Cycle Phase Transition
CPX-2778,GO:1901989,Positive Regulation Of Cell Cycle Phase Transition
CPX-2783,GO:1901989,Positive Regulation Of Cell Cycle Phase Transition
CPX-2786,GO:1901989,Positive Regulation Of Cell Cycle Phase Transition
CPX-2804,GO:1901989,Positive Regulation Of Cell Cycle Phase Transition
CPX-2809,GO:1901989,Positive Regulation Of Cell Cycle Phase Transition
CPX-2816,GO:1901989,Positive Regulation Of Cell Cycle Phase Transition
CPX-2819,GO:1901989,Positive Regulation Of Cell Cycle Phase Transition
CPX-2859,GO:1901989,Positive Regulation Of Cell Cycle Phase Transition
CPX-648,GO:1901989,Positive Regulation Of Cell Cycle Phase Transition
CPX-7821,GO:1901989,Positive Regulation Of Cell Cycle Phase Transition
CPX-7846,GO:1901989,Positive Regulation Of Cell Cycle Phase Transition
CPX-8007,GO:1901989,Positive Regulation Of Cell Cycle Phase Transition
CPX-8025,GO:1901989,Positive Regulation Of Cell Cycle Phase Transition
CPX-8041,GO:1901989,Positive Regulation Of Cell Cycle Phase Transition
CPX-8061,GO:1901989,Positive Regulation Of Cell Cycle Phase Transition
CPX-8063,GO:1901989,Positive Regulation Of Cell Cycle Phase Transition
CPX-8064,GO:1901989,Positive Regulation Of Cell Cycle Phase Transition
CPX-8083,GO:1901989,Positive Regulation Of Cell Cycle Phase Transition
CPX-8085,GO:1901989,Positive Regulation Of Cell Cycle Phase Transition
CPX-8088,GO:1901989,Positive Regulation Of Cell Cycle Phase Transition
CPX-8089,GO:1901989,Positive Regulation Of Cell Cycle Phase Transition
CPX-8090,GO:1901989,Positive Regulation Of Cell Cycle Phase Transition
CPX-8091,GO:1901989,Positive Regulation Of Cell Cycle Phase Transition
CPX-8102,GO:1901989,Positive Regulation Of Cell Cycle Phase Transition
CPX-8103,GO:1901989,Positive Regulation Of Cell Cycle Phase Transition
CPX-8106,GO:1901989,Positive Regulation Of Cell Cycle Phase Transition
CPX-8107,GO:1901989,Positive Regulation Of Cell Cycle Phase Transition
CPX-8110,GO:1901989,Positive Regulation Of Cell Cycle Phase Transition
CPX-8122,GO:1901989,Positive Regulation Of Cell Cycle Phase Transition
CPX-8125,GO:1901989,Positive Regulation Of Cell Cycle Phase Transition
CPX-8126,GO:1901989,Positive Regulation Of Cell Cycle Phase Transition
CPX-8130,GO:1901989,Positive Regulation Of Cell Cycle Phase Transition
CPX-8131,GO:1901989,Positive Regulation Of Cell Cycle Phase Transition
CPX-8147,GO:1901989,Positive Regulation Of Cell Cycle Phase Transition
CPX-8150,GO:1901989,Positive Regulation Of Cell Cycle Phase Transition
CPX-8151,GO:1901989,Positive Regulation Of Cell Cycle Phase Transition
CPX-8201,GO:1901989,Positive Regulation Of Cell Cycle Phase Transition
CPX-8202,GO:1901989,Positive Regulation Of Cell Cycle Phase Transition
CPX-8221,GO:1901989,Positive Regulation Of Cell Cycle Phase Transition
CPX-8222,GO:1901989,Positive Regulation Of Cell Cycle Phase Transition
CPX-8261,GO:1901989,Positive Regulation Of Cell Cycle Phase Transition
CPX-8262,GO:1901989,Positive Regulation Of Cell Cycle Phase Transition
CPX-8263,GO:1901989,Positive Regulation Of Cell Cycle Phase Transition
CPX-2010,GO:1901989,Positive Regulation Of Cell Cycle Phase Transition
CPX-2014,GO:1901989,Positive Regulation Of Cell Cycle Phase Transition
CPX-846,GO:1901989,Positive Regulation Of Cell Cycle Phase Transition
CPX-2385,GO:1901989,Positive Regulation Of Cell Cycle Phase Transition
PSMA8,GO:1901989,Positive Regulation Of Cell Cycle Phase Transition
CPX-6016,GO:1901989,Positive Regulation Of Cell Cycle Phase Transition
CPX-2483,GO:1901989,Positive Regulation Of Cell Cycle Phase Transition
CPX-2500,GO:1901989,Positive Regulation Of Cell Cycle Phase Transition
CPX-6566,GO:1901989,Positive Regulation Of Cell Cycle Phase Transition
CPX-12,GO:1901989,Positive Regulation Of Cell Cycle Phase Transition
CPX-3252,GO:1901989,Positive Regulation Of Cell Cycle Phase Transition
CPX-6062,GO:1901989,Positive Regulation Of Cell Cycle Phase Transition
PSMB10,GO:1901989,Positive Regulation Of Cell Cycle Phase Transition
MAP3K5,GO:1901989,Positive Regulation Of Cell Cycle Phase Transition
CPX-6042,GO:1901989,Positive Regulation Of Cell Cycle Phase Transition
CPX-6048,GO:1901989,Positive Regulation Of Cell Cycle Phase Transition
RUNX2,GO:1901989,Positive Regulation Of Cell Cycle Phase Transition
PSMB9,GO:1901989,Positive Regulation Of Cell Cycle Phase Transition
CDKN2A,GO:1901989,Positive Regulation Of Cell Cycle Phase Transition
CPX-11,GO:1901989,Positive Regulation Of Cell Cycle Phase Transition
CPX-3208,GO:1901989,Positive Regulation Of Cell Cycle Phase Transition
BRD4,GO:1901989,Positive Regulation Of Cell Cycle Phase Transition
CPX-5831,GO:1901989,Positive Regulation Of Cell Cycle Phase Transition
CPX-3219,GO:1901989,Positive Regulation Of Cell Cycle Phase Transition
USP7,GO:1901989,Positive Regulation Of Cell Cycle Phase Transition
NPM1,GO:1901989,Positive Regulation Of Cell Cycle Phase Transition
CPX-6142,GO:1901989,Positive Regulation Of Cell Cycle Phase Transition
CPX-2015,GO:1901989,Positive Regulation Of Cell Cycle Phase Transition
BUB1B,GO:1901989,Positive Regulation Of Cell Cycle Phase Transition
CPX-2016,GO:1901989,Positive Regulation Of Cell Cycle Phase Transition
CPX-3220,GO:1901989,Positive Regulation Of Cell Cycle Phase Transition
CHEK2,GO:1901989,Positive Regulation Of Cell Cycle Phase Transition
DVL1,GO:1901989,Positive Regulation Of Cell Cycle Phase Transition
CPX-56,GO:1901989,Positive Regulation Of Cell Cycle Phase Transition
CPX-2012,GO:1901989,Positive Regulation Of Cell Cycle Phase Transition
CPX-2013,GO:1901989,Positive Regulation Of Cell Cycle Phase Transition
CDKN1B,GO:1901989,Positive Regulation Of Cell Cycle Phase Transition
LOX,GO:1901989,Positive Regulation Of Cell Cycle Phase Transition
PML,GO:1901989,Positive Regulation Of Cell Cycle Phase Transition
CPX-2539,GO:1901989,Positive Regulation Of Cell Cycle Phase Transition
CPX-5839,GO:1901989,Positive Regulation Of Cell Cycle Phase Transition
CPX-148,GO:1901989,Positive Regulation Of Cell Cycle Phase Transition
ACVR1,GO:1901989,Positive Regulation Of Cell Cycle Phase Transition
ZBTB16,GO:1901989,Positive Regulation Of Cell Cycle Phase Transition
SAMHD1,GO:1901989,Positive Regulation Of Cell Cycle Phase Transition
SOCS3,GO:1901989,Positive Regulation Of Cell Cycle Phase Transition
PRLR,GO:1901989,Positive Regulation Of Cell Cycle Phase Transition
CPX-150,GO:1901989,Positive Regulation Of Cell Cycle Phase Transition
CBFB,GO:1901989,Positive Regulation Of Cell Cycle Phase Transition
GH1,GO:1901989,Positive Regulation Of Cell Cycle Phase Transition
CPX-2011,GO:1901989,Positive Regulation Of Cell Cycle Phase Transition
SOCS1,GO:1901989,Positive Regulation Of Cell Cycle Phase Transition
IKZF1,GO:1901989,Positive Regulation Of Cell Cycle Phase Transition
IKZF3,GO:1901989,Positive Regulation Of Cell Cycle Phase Transition
CPX-2705,GO:1901989,Positive Regulation Of Cell Cycle Phase Transition
CPX-6033,GO:1901989,Positive Regulation Of Cell Cycle Phase Transition
CPX-74,GO:1901989,Positive Regulation Of Cell Cycle Phase Transition
CPX-2161,GO:1901989,Positive Regulation Of Cell Cycle Phase Transition
GLMN,GO:1901989,Positive Regulation Of Cell Cycle Phase Transition
CDKN1C,GO:1901989,Positive Regulation Of Cell Cycle Phase Transition
MAP3K6,GO:1901989,Positive Regulation Of Cell Cycle Phase Transition
UVSSA,GO:1901989,Positive Regulation Of Cell Cycle Phase Transition
KCTD13,GO:1901989,Positive Regulation Of Cell Cycle Phase Transition
POMP,GO:1901989,Positive Regulation Of Cell Cycle Phase Transition
DZIP1,GO:1901989,Positive Regulation Of Cell Cycle Phase Transition
CPX-2211,GO:1901989,Positive Regulation Of Cell Cycle Phase Transition
ZSWIM6,GO:1901989,Positive Regulation Of Cell Cycle Phase Transition
KCTD17,GO:1901989,Positive Regulation Of Cell Cycle Phase Transition
KBTBD13,GO:1901989,Positive Regulation Of Cell Cycle Phase Transition
NR4A2,GO:1903551,Regulation Of Extracellular Exosome Assembly
ADRB3,GO:1903551,Regulation Of Extracellular Exosome Assembly
FUS,GO:1903551,Regulation Of Extracellular Exosome Assembly
TUBB2B,GO:1903551,Regulation Of Extracellular Exosome Assembly
TUBB4A,GO:1903551,Regulation Of Extracellular Exosome Assembly
TUBA8,GO:1903551,Regulation Of Extracellular Exosome Assembly
TUBB2A,GO:1903551,Regulation Of Extracellular Exosome Assembly
TIA1,GO:1903551,Regulation Of Extracellular Exosome Assembly
WWOX,GO:1903551,Regulation Of Extracellular Exosome Assembly
FTL,GO:1903551,Regulation Of Extracellular Exosome Assembly
ACTA2,GO:1903551,Regulation Of Extracellular Exosome Assembly
TYRP1,GO:1903551,Regulation Of Extracellular Exosome Assembly
CHD7,GO:1903551,Regulation Of Extracellular Exosome Assembly
ELN,GO:1903551,Regulation Of Extracellular Exosome Assembly
PLD2,GO:1903551,Regulation Of Extracellular Exosome Assembly
ATP7A,GO:1903551,Regulation Of Extracellular Exosome Assembly
SRGAP2,GO:1903551,Regulation Of Extracellular Exosome Assembly
TJP2,GO:1903551,Regulation Of Extracellular Exosome Assembly
CLDN1,GO:1903551,Regulation Of Extracellular Exosome Assembly
ANPEP,GO:1903551,Regulation Of Extracellular Exosome Assembly
ACP5,GO:1903551,Regulation Of Extracellular Exosome Assembly
LRP6,GO:1903551,Regulation Of Extracellular Exosome Assembly
CPX-1713,GO:1903551,Regulation Of Extracellular Exosome Assembly
CPX-2522,GO:1903551,Regulation Of Extracellular Exosome Assembly
CPX-2535,GO:1903551,Regulation Of Extracellular Exosome Assembly
CPX-2849,GO:1903551,Regulation Of Extracellular Exosome Assembly
CPX-707,GO:1903551,Regulation Of Extracellular Exosome Assembly
NAMPT,GO:1903551,Regulation Of Extracellular Exosome Assembly
PNPLA2,GO:1903551,Regulation Of Extracellular Exosome Assembly
PAX8,GO:1903551,Regulation Of Extracellular Exosome Assembly
ACVR2B,GO:1903551,Regulation Of Extracellular Exosome Assembly
ILK,GO:1903551,Regulation Of Extracellular Exosome Assembly
MYOCD,GO:1903551,Regulation Of Extracellular Exosome Assembly
CSK,GO:1903551,Regulation Of Extracellular Exosome Assembly
MYF5,GO:1903551,Regulation Of Extracellular Exosome Assembly
PLIN1,GO:1903551,Regulation Of Extracellular Exosome Assembly
UCP3,GO:1903551,Regulation Of Extracellular Exosome Assembly
NR3C2,GO:1903551,Regulation Of Extracellular Exosome Assembly
ARHGDIA,GO:1903551,Regulation Of Extracellular Exosome Assembly
HLA-DRB1,GO:1903551,Regulation Of Extracellular Exosome Assembly
CPX-6050,GO:1903551,Regulation Of Extracellular Exosome Assembly
CPX-2158,GO:1903551,Regulation Of Extracellular Exosome Assembly
COX4I2,GO:1903551,Regulation Of Extracellular Exosome Assembly
RBP4,GO:1903551,Regulation Of Extracellular Exosome Assembly
ABI1,GO:1903551,Regulation Of Extracellular Exosome Assembly
CPX-2505,GO:1903551,Regulation Of Extracellular Exosome Assembly
CPX-7146,GO:1903551,Regulation Of Extracellular Exosome Assembly
CPX-7147,GO:1903551,Regulation Of Extracellular Exosome Assembly
CPX-7148,GO:1903551,Regulation Of Extracellular Exosome Assembly
CPX-7162,GO:1903551,Regulation Of Extracellular Exosome Assembly
CPX-7164,GO:1903551,Regulation Of Extracellular Exosome Assembly
CPX-7166,GO:1903551,Regulation Of Extracellular Exosome Assembly
CPX-7167,GO:1903551,Regulation Of Extracellular Exosome Assembly
CPX-7181,GO:1903551,Regulation Of Extracellular Exosome Assembly
CPX-7201,GO:1903551,Regulation Of Extracellular Exosome Assembly
CPX-7202,GO:1903551,Regulation Of Extracellular Exosome Assembly
CPX-7203,GO:1903551,Regulation Of Extracellular Exosome Assembly
GTF2I,GO:1903551,Regulation Of Extracellular Exosome Assembly
SERPINA5,GO:1903551,Regulation Of Extracellular Exosome Assembly
CYFIP2,GO:1903551,Regulation Of Extracellular Exosome Assembly
DCN,GO:1903551,Regulation Of Extracellular Exosome Assembly
CPX-1822,GO:1903551,Regulation Of Extracellular Exosome Assembly
VIM,GO:1903551,Regulation Of Extracellular Exosome Assembly
CPX-1820,GO:1903551,Regulation Of Extracellular Exosome Assembly
CPX-1803,GO:1903551,Regulation Of Extracellular Exosome Assembly
ROCK2,GO:1903551,Regulation Of Extracellular Exosome Assembly
ARHGEF2,GO:1903551,Regulation Of Extracellular Exosome Assembly
LIMK1,GO:1903551,Regulation Of Extracellular Exosome Assembly
NPHS2,GO:1903551,Regulation Of Extracellular Exosome Assembly
NPHS1,GO:1903551,Regulation Of Extracellular Exosome Assembly
DNM2,GO:1903551,Regulation Of Extracellular Exosome Assembly
WIPF1,GO:1903551,Regulation Of Extracellular Exosome Assembly
PIP5K1C,GO:1903551,Regulation Of Extracellular Exosome Assembly
CPX-1797,GO:1903551,Regulation Of Extracellular Exosome Assembly
DIAPH1,GO:1903551,Regulation Of Extracellular Exosome Assembly
EPHA8,GO:1903551,Regulation Of Extracellular Exosome Assembly
PAK4,GO:1903551,Regulation Of Extracellular Exosome Assembly
TNFRSF13C,GO:1903551,Regulation Of Extracellular Exosome Assembly
AFDN,GO:1903551,Regulation Of Extracellular Exosome Assembly
PLS3,GO:1903551,Regulation Of Extracellular Exosome Assembly
RBMX,GO:1903551,Regulation Of Extracellular Exosome Assembly
PUM1,GO:1903551,Regulation Of Extracellular Exosome Assembly
DMBT1,GO:1903551,Regulation Of Extracellular Exosome Assembly
TUBG1,GO:1903551,Regulation Of Extracellular Exosome Assembly
CSNK1E,GO:1903551,Regulation Of Extracellular Exosome Assembly
SEPTIN9,GO:1903551,Regulation Of Extracellular Exosome Assembly
SOX10,GO:1903551,Regulation Of Extracellular Exosome Assembly
TWNK,GO:1903551,Regulation Of Extracellular Exosome Assembly
KLF1,GO:1903551,Regulation Of Extracellular Exosome Assembly
ULK1,GO:1903551,Regulation Of Extracellular Exosome Assembly
CPX-1804,GO:1903551,Regulation Of Extracellular Exosome Assembly
STEAP3,GO:1903551,Regulation Of Extracellular Exosome Assembly
SALL1,GO:1903551,Regulation Of Extracellular Exosome Assembly
CPX-1815,GO:1903551,Regulation Of Extracellular Exosome Assembly
PIP5K1A,GO:1903551,Regulation Of Extracellular Exosome Assembly
WASF1,GO:1903551,Regulation Of Extracellular Exosome Assembly
DSTYK,GO:1903551,Regulation Of Extracellular Exosome Assembly
HNF1B,GO:1903551,Regulation Of Extracellular Exosome Assembly
DNASE2,GO:1903551,Regulation Of Extracellular Exosome Assembly
MRTFA,GO:1903551,Regulation Of Extracellular Exosome Assembly
CPX-6270,GO:0060271,Cilium Assembly
CEP41,GO:0060271,Cilium Assembly
CEP135,GO:0060271,Cilium Assembly
CEP164,GO:0060271,Cilium Assembly
CEP57,GO:0060271,Cilium Assembly
CDK5RAP2,GO:0060271,Cilium Assembly
OFD1,GO:0060271,Cilium Assembly
BICD2,GO:0060271,Cilium Assembly
CPX-1299,GO:0060271,Cilium Assembly
NIN,GO:0060271,Cilium Assembly
CEP250,GO:0060271,Cilium Assembly
CPX-5848,GO:0060271,Cilium Assembly
CDK10,GO:0060271,Cilium Assembly
MORC2,GO:0060271,Cilium Assembly
NSUN3,GO:0060271,Cilium Assembly
AFF3,GO:0060271,Cilium Assembly
YIPF5,GO:0060271,Cilium Assembly
NEK5,GO:0060271,Cilium Assembly
CPX-3138,GO:0060271,Cilium Assembly
CPX-3201,GO:0060271,Cilium Assembly
STK17B,GO:0060271,Cilium Assembly
KIF1C,GO:0060271,Cilium Assembly
CEP120,GO:0060271,Cilium Assembly
MMP21,GO:0060271,Cilium Assembly
TESK1,GO:0060271,Cilium Assembly
POC1B,GO:0060271,Cilium Assembly
TSGA10,GO:0060271,Cilium Assembly
CEP83,GO:0060271,Cilium Assembly
PATL2,GO:0060271,Cilium Assembly
TESK2,GO:0060271,Cilium Assembly
PMP2,GO:0060271,Cilium Assembly
TMC8,GO:0060271,Cilium Assembly
CPX-326,GO:0060271,Cilium Assembly
MDFIC,GO:0060271,Cilium Assembly
HOXC13,GO:0060271,Cilium Assembly
ZP2,GO:0060271,Cilium Assembly
DAZ1,GO:0060271,Cilium Assembly
PANK4,GO:0060271,Cilium Assembly
CPX-2861,GO:0060271,Cilium Assembly
CPX-2358,GO:0000132,Establishment Of Mitotic Spindle Orientation
OTUD6B,GO:0000132,Establishment Of Mitotic Spindle Orientation
KIF14,GO:0000132,Establishment Of Mitotic Spindle Orientation
PLK4,GO:0000132,Establishment Of Mitotic Spindle Orientation
AURKC,GO:0000132,Establishment Of Mitotic Spindle Orientation
NDE1,GO:0000132,Establishment Of Mitotic Spindle Orientation
CPX-85,GO:0000132,Establishment Of Mitotic Spindle Orientation
ALG2,GO:0000132,Establishment Of Mitotic Spindle Orientation
CPX-6201,GO:0000132,Establishment Of Mitotic Spindle Orientation
CPX-5881,GO:0000132,Establishment Of Mitotic Spindle Orientation
AHDC1,GO:0000132,Establishment Of Mitotic Spindle Orientation
AFF4,GO:0000132,Establishment Of Mitotic Spindle Orientation
CDK15,GO:0000132,Establishment Of Mitotic Spindle Orientation
CPX-5001,GO:0000132,Establishment Of Mitotic Spindle Orientation
FAM83H,GO:0000132,Establishment Of Mitotic Spindle Orientation
NSRP1,GO:0000132,Establishment Of Mitotic Spindle Orientation
CPX-364,GO:0000132,Establishment Of Mitotic Spindle Orientation
CPX-379,GO:0000132,Establishment Of Mitotic Spindle Orientation
WEE2,GO:0000132,Establishment Of Mitotic Spindle Orientation
MAP4K5,GO:0000132,Establishment Of Mitotic Spindle Orientation
SPDYE1,GO:0000132,Establishment Of Mitotic Spindle Orientation
RNF113A,GO:0000132,Establishment Of Mitotic Spindle Orientation
ARFGEF1,GO:0000132,Establishment Of Mitotic Spindle Orientation
LZTS1,GO:0000132,Establishment Of Mitotic Spindle Orientation
ZNF335,GO:0000132,Establishment Of Mitotic Spindle Orientation
MEOX1,GO:0000132,Establishment Of Mitotic Spindle Orientation
HOXD13,GO:0000132,Establishment Of Mitotic Spindle Orientation
LBX1,GO:0000132,Establishment Of Mitotic Spindle Orientation
TOE1,GO:0000132,Establishment Of Mitotic Spindle Orientation
PRDM13,GO:0000132,Establishment Of Mitotic Spindle Orientation
ANKRD17,GO:0000132,Establishment Of Mitotic Spindle Orientation
ZBTB24,GO:0000132,Establishment Of Mitotic Spindle Orientation
MLLT11,GO:0000132,Establishment Of Mitotic Spindle Orientation
USP6,GO:0000132,Establishment Of Mitotic Spindle Orientation
SHROOM4,GO:0000132,Establishment Of Mitotic Spindle Orientation
OARD1,GO:0000132,Establishment Of Mitotic Spindle Orientation
TERB1,GO:0000132,Establishment Of Mitotic Spindle Orientation
NEK3,GO:0000132,Establishment Of Mitotic Spindle Orientation
SLC25A15,GO:0000132,Establishment Of Mitotic Spindle Orientation
TNFRSF4,GO:0004896,Cytokine Receptor Activity
CD207,GO:0004896,Cytokine Receptor Activity
CPX-6011,GO:0004896,Cytokine Receptor Activity
CPX-6012,GO:0004896,Cytokine Receptor Activity
CPX-6013,GO:0004896,Cytokine Receptor Activity
CPX-6014,GO:0004896,Cytokine Receptor Activity
CPX-3290,GO:0004896,Cytokine Receptor Activity
CPX-381,GO:0004896,Cytokine Receptor Activity
EPX,GO:0004896,Cytokine Receptor Activity
OSMR,GO:0004896,Cytokine Receptor Activity
SASH3,GO:0004896,Cytokine Receptor Activity
MPL,GO:0004896,Cytokine Receptor Activity
IL17RC,GO:0004896,Cytokine Receptor Activity
FCRL3,GO:0004896,Cytokine Receptor Activity
IRGM,GO:0004896,Cytokine Receptor Activity
SPPL2A,GO:0004896,Cytokine Receptor Activity
TNFSF4,GO:0004896,Cytokine Receptor Activity
CD70,GO:0004896,Cytokine Receptor Activity
IL11RA,GO:0004896,Cytokine Receptor Activity
UNC93B1,GO:0004896,Cytokine Receptor Activity
MYORG,GO:0004896,Cytokine Receptor Activity
ZNF341,GO:0004896,Cytokine Receptor Activity
LRRC32,GO:0004896,Cytokine Receptor Activity
IL18BP,GO:0004896,Cytokine Receptor Activity
CPX-2127,GO:0004896,Cytokine Receptor Activity
ROR1,GO:0004896,Cytokine Receptor Activity
SHQ1,GO:0004896,Cytokine Receptor Activity
CPX-2396,GO:0005104,Fibroblast Growth Factor Receptor Binding
CPX-7978,GO:0005104,Fibroblast Growth Factor Receptor Binding
FGFR1,GO:0005104,Fibroblast Growth Factor Receptor Binding
MAPK13,GO:0005104,Fibroblast Growth Factor Receptor Binding
XIAP,GO:0005104,Fibroblast Growth Factor Receptor Binding
IGF2,GO:0005104,Fibroblast Growth Factor Receptor Binding
ABL1,GO:0005104,Fibroblast Growth Factor Receptor Binding
BRAF,GO:0005104,Fibroblast Growth Factor Receptor Binding
FLT1,GO:0005104,Fibroblast Growth Factor Receptor Binding
MAPK8IP1,GO:0005104,Fibroblast Growth Factor Receptor Binding
ANXA5,GO:0005104,Fibroblast Growth Factor Receptor Binding
CPX-1907,GO:0005104,Fibroblast Growth Factor Receptor Binding
CPX-975,GO:0005104,Fibroblast Growth Factor Receptor Binding
CPX-2862,GO:0005104,Fibroblast Growth Factor Receptor Binding
PRKAA2,GO:0005104,Fibroblast Growth Factor Receptor Binding
CNP,GO:0005104,Fibroblast Growth Factor Receptor Binding
PIK3R1,GO:0005104,Fibroblast Growth Factor Receptor Binding
CPX-8834,GO:0005104,Fibroblast Growth Factor Receptor Binding
CPX-6134,GO:0005104,Fibroblast Growth Factor Receptor Binding
CDH1,GO:0005104,Fibroblast Growth Factor Receptor Binding
PIK3CA,GO:0005104,Fibroblast Growth Factor Receptor Binding
CPX-5836,GO:0005104,Fibroblast Growth Factor Receptor Binding
MAP2K1,GO:0005104,Fibroblast Growth Factor Receptor Binding
MAPK7,GO:0005104,Fibroblast Growth Factor Receptor Binding
STK11,GO:0005104,Fibroblast Growth Factor Receptor Binding
CPX-1147,GO:0005104,Fibroblast Growth Factor Receptor Binding
MEF2C,GO:0005104,Fibroblast Growth Factor Receptor Binding
NOX1,GO:0005104,Fibroblast Growth Factor Receptor Binding
CPX-1983,GO:0005104,Fibroblast Growth Factor Receptor Binding
CPX-1985,GO:0005104,Fibroblast Growth Factor Receptor Binding
CPX-1987,GO:0005104,Fibroblast Growth Factor Receptor Binding
CPX-1991,GO:0005104,Fibroblast Growth Factor Receptor Binding
CPX-298,GO:0005104,Fibroblast Growth Factor Receptor Binding
CPX-860,GO:0005104,Fibroblast Growth Factor Receptor Binding
IKBKB,GO:0005104,Fibroblast Growth Factor Receptor Binding
HDAC4,GO:0005104,Fibroblast Growth Factor Receptor Binding
KDR,GO:0005104,Fibroblast Growth Factor Receptor Binding
CPX-1650,GO:0005104,Fibroblast Growth Factor Receptor Binding
PDPK1,GO:0005104,Fibroblast Growth Factor Receptor Binding
MAP3K1,GO:0005104,Fibroblast Growth Factor Receptor Binding
FGF20,GO:0005104,Fibroblast Growth Factor Receptor Binding
FGF10,GO:0005104,Fibroblast Growth Factor Receptor Binding
FGF5,GO:0005104,Fibroblast Growth Factor Receptor Binding
FGF8,GO:0005104,Fibroblast Growth Factor Receptor Binding
FGF3,GO:0005104,Fibroblast Growth Factor Receptor Binding
CHUK,GO:0005104,Fibroblast Growth Factor Receptor Binding
FOXO4,GO:0005104,Fibroblast Growth Factor Receptor Binding
FGF9,GO:0005104,Fibroblast Growth Factor Receptor Binding
FGF16,GO:0005104,Fibroblast Growth Factor Receptor Binding
CSF1R,GO:0005104,Fibroblast Growth Factor Receptor Binding
TLR5,GO:0005104,Fibroblast Growth Factor Receptor Binding
RPS6KA3,GO:0005104,Fibroblast Growth Factor Receptor Binding
TCF7L2,GO:0005104,Fibroblast Growth Factor Receptor Binding
RIPK3,GO:0005104,Fibroblast Growth Factor Receptor Binding
SYK,GO:0005104,Fibroblast Growth Factor Receptor Binding
IKBKG,GO:0005104,Fibroblast Growth Factor Receptor Binding
FAS,GO:0005104,Fibroblast Growth Factor Receptor Binding
RPS6KA1,GO:0005104,Fibroblast Growth Factor Receptor Binding
EPHA2,GO:0005104,Fibroblast Growth Factor Receptor Binding
WAS,GO:0005104,Fibroblast Growth Factor Receptor Binding
MYO1F,GO:0005104,Fibroblast Growth Factor Receptor Binding
CPX-7764,GO:1990837,Sequence-Specific Double-Stranded DNA Binding
CPX-7765,GO:1990837,Sequence-Specific Double-Stranded DNA Binding
SOX4,GO:1990837,Sequence-Specific Double-Stranded DNA Binding
CPX-688,GO:1990837,Sequence-Specific Double-Stranded DNA Binding
TET2,GO:1990837,Sequence-Specific Double-Stranded DNA Binding
CPX-6047,GO:1990837,Sequence-Specific Double-Stranded DNA Binding
CPX-481,GO:1990837,Sequence-Specific Double-Stranded DNA Binding
FOXD3,GO:1990837,Sequence-Specific Double-Stranded DNA Binding
CHD6,GO:1990837,Sequence-Specific Double-Stranded DNA Binding
ESRRB,GO:1990837,Sequence-Specific Double-Stranded DNA Binding
CPX-6543,GO:1990837,Sequence-Specific Double-Stranded DNA Binding
CPX-69,GO:1990837,Sequence-Specific Double-Stranded DNA Binding
CPX-70,GO:1990837,Sequence-Specific Double-Stranded DNA Binding
CPX-718,GO:1990837,Sequence-Specific Double-Stranded DNA Binding
CPX-719,GO:1990837,Sequence-Specific Double-Stranded DNA Binding
CPX-720,GO:1990837,Sequence-Specific Double-Stranded DNA Binding
CPX-721,GO:1990837,Sequence-Specific Double-Stranded DNA Binding
CPX-722,GO:1990837,Sequence-Specific Double-Stranded DNA Binding
CPX-723,GO:1990837,Sequence-Specific Double-Stranded DNA Binding
PRDM1,GO:1990837,Sequence-Specific Double-Stranded DNA Binding
GATA3,GO:1990837,Sequence-Specific Double-Stranded DNA Binding
ZEB2,GO:1990837,Sequence-Specific Double-Stranded DNA Binding
ZEB1,GO:1990837,Sequence-Specific Double-Stranded DNA Binding
FOXP3,GO:1990837,Sequence-Specific Double-Stranded DNA Binding
CD274,GO:1990837,Sequence-Specific Double-Stranded DNA Binding
LMO2,GO:1990837,Sequence-Specific Double-Stranded DNA Binding
BRDT,GO:1990837,Sequence-Specific Double-Stranded DNA Binding
TBX21,GO:1990837,Sequence-Specific Double-Stranded DNA Binding
TWIST1,GO:1990837,Sequence-Specific Double-Stranded DNA Binding
SOX17,GO:1990837,Sequence-Specific Double-Stranded DNA Binding
ZMIZ1,GO:1990837,Sequence-Specific Double-Stranded DNA Binding
CPX-509,GO:1990837,Sequence-Specific Double-Stranded DNA Binding
CPX-6525,GO:1990837,Sequence-Specific Double-Stranded DNA Binding
CPX-7065,GO:1990837,Sequence-Specific Double-Stranded DNA Binding
CPX-71,GO:1990837,Sequence-Specific Double-Stranded DNA Binding
CPX-256,GO:1990837,Sequence-Specific Double-Stranded DNA Binding
CTLA4,GO:1990837,Sequence-Specific Double-Stranded DNA Binding
FLT3,GO:1990837,Sequence-Specific Double-Stranded DNA Binding
IL7,GO:1990837,Sequence-Specific Double-Stranded DNA Binding
CSF3R,GO:1990837,Sequence-Specific Double-Stranded DNA Binding
JAK3,GO:1990837,Sequence-Specific Double-Stranded DNA Binding
BCL6,GO:1990837,Sequence-Specific Double-Stranded DNA Binding
CPX-5635,GO:1990837,Sequence-Specific Double-Stranded DNA Binding
IFIH1,GO:1990837,Sequence-Specific Double-Stranded DNA Binding
TNFAIP3,GO:1990837,Sequence-Specific Double-Stranded DNA Binding
JAK1,GO:1990837,Sequence-Specific Double-Stranded DNA Binding
RPS6KA5,GO:1990837,Sequence-Specific Double-Stranded DNA Binding
MAP3K4,GO:1990837,Sequence-Specific Double-Stranded DNA Binding
CARD11,GO:1990837,Sequence-Specific Double-Stranded DNA Binding
PAX5,GO:1990837,Sequence-Specific Double-Stranded DNA Binding
CDKN3,GO:1990837,Sequence-Specific Double-Stranded DNA Binding
ZMYND11,GO:1990837,Sequence-Specific Double-Stranded DNA Binding
RNF43,GO:1990837,Sequence-Specific Double-Stranded DNA Binding
CPX-7861,GO:1990837,Sequence-Specific Double-Stranded DNA Binding
HOXB13,GO:1990837,Sequence-Specific Double-Stranded DNA Binding
TMC6,GO:1990837,Sequence-Specific Double-Stranded DNA Binding
KRT9,GO:1990837,Sequence-Specific Double-Stranded DNA Binding
GNAL,GO:0015108,Chloride Transmembrane Transporter Activity
HTR4,GO:0015108,Chloride Transmembrane Transporter Activity
HTR1D,GO:0015108,Chloride Transmembrane Transporter Activity
CPX-213,GO:0015108,Chloride Transmembrane Transporter Activity
TSPEAR,GO:0015108,Chloride Transmembrane Transporter Activity
EPB41L1,GO:0015108,Chloride Transmembrane Transporter Activity
CPX-6244,GO:0015108,Chloride Transmembrane Transporter Activity
ADCY5,GO:0015108,Chloride Transmembrane Transporter Activity
CASK,GO:0015108,Chloride Transmembrane Transporter Activity
SLC1A1,GO:0015108,Chloride Transmembrane Transporter Activity
SLC17A8,GO:0015108,Chloride Transmembrane Transporter Activity
KCNJ1,GO:0015108,Chloride Transmembrane Transporter Activity
ABCA2,GO:0015108,Chloride Transmembrane Transporter Activity
GRK3,GO:0015108,Chloride Transmembrane Transporter Activity
SLC26A3,GO:0015108,Chloride Transmembrane Transporter Activity
PRKAR1A,GO:0015108,Chloride Transmembrane Transporter Activity
MYO9A,GO:0015108,Chloride Transmembrane Transporter Activity
PDE4D,GO:0015108,Chloride Transmembrane Transporter Activity
PRKG2,GO:0015108,Chloride Transmembrane Transporter Activity
GRM6,GO:0015108,Chloride Transmembrane Transporter Activity
CPX-125,GO:0015108,Chloride Transmembrane Transporter Activity
CPX-2659,GO:0015108,Chloride Transmembrane Transporter Activity
ANO5,GO:0015108,Chloride Transmembrane Transporter Activity
DYSF,GO:0015108,Chloride Transmembrane Transporter Activity
SIX5,GO:0015108,Chloride Transmembrane Transporter Activity
SLC12A2,GO:0015108,Chloride Transmembrane Transporter Activity
TRPM2,GO:0015108,Chloride Transmembrane Transporter Activity
TRPM7,GO:0015108,Chloride Transmembrane Transporter Activity
BVES,GO:0015108,Chloride Transmembrane Transporter Activity
MYH8,GO:0015108,Chloride Transmembrane Transporter Activity
TNNI2,GO:0015108,Chloride Transmembrane Transporter Activity
MRGPRX4,GO:0015108,Chloride Transmembrane Transporter Activity
PCLO,GO:0015108,Chloride Transmembrane Transporter Activity
OR51E2,GO:0015108,Chloride Transmembrane Transporter Activity
CPLX1,GO:0015108,Chloride Transmembrane Transporter Activity
SYT2,GO:0015108,Chloride Transmembrane Transporter Activity
NTNG2,GO:0015108,Chloride Transmembrane Transporter Activity
CLCNKB,GO:0015108,Chloride Transmembrane Transporter Activity
ALPK3,GO:0015108,Chloride Transmembrane Transporter Activity
TNNT1,GO:0015108,Chloride Transmembrane Transporter Activity
CLIC2,GO:0015108,Chloride Transmembrane Transporter Activity
ZFHX4,GO:0015108,Chloride Transmembrane Transporter Activity
CHM,GO:0120031,Plasma Membrane Bounded Cell Projection Assembly
ASTL,GO:0120031,Plasma Membrane Bounded Cell Projection Assembly
EXTL3,GO:0120031,Plasma Membrane Bounded Cell Projection Assembly
CPX-2679,GO:0120031,Plasma Membrane Bounded Cell Projection Assembly
ALG12,GO:0120031,Plasma Membrane Bounded Cell Projection Assembly
TMEM79,GO:0120031,Plasma Membrane Bounded Cell Projection Assembly
HS6ST2,GO:0120031,Plasma Membrane Bounded Cell Projection Assembly
HEPHL1,GO:0120031,Plasma Membrane Bounded Cell Projection Assembly
SPATA16,GO:0120031,Plasma Membrane Bounded Cell Projection Assembly
DPY19L2,GO:0120031,Plasma Membrane Bounded Cell Projection Assembly
TDRD7,GO:0120031,Plasma Membrane Bounded Cell Projection Assembly
MIPOL1,GO:0120031,Plasma Membrane Bounded Cell Projection Assembly
CEP85L,GO:0120031,Plasma Membrane Bounded Cell Projection Assembly
HECW2,GO:0120031,Plasma Membrane Bounded Cell Projection Assembly
CRYBB3,GO:0120031,Plasma Membrane Bounded Cell Projection Assembly
GJA3,GO:0120031,Plasma Membrane Bounded Cell Projection Assembly
BFSP1,GO:0120031,Plasma Membrane Bounded Cell Projection Assembly
CRYGS,GO:0120031,Plasma Membrane Bounded Cell Projection Assembly
KIAA0586,GO:0120031,Plasma Membrane Bounded Cell Projection Assembly
DNHD1,GO:0120031,Plasma Membrane Bounded Cell Projection Assembly
DNAH9,GO:0120031,Plasma Membrane Bounded Cell Projection Assembly
ADCK1,GO:0120031,Plasma Membrane Bounded Cell Projection Assembly
ADCK5,GO:0120031,Plasma Membrane Bounded Cell Projection Assembly
UPK3A,GO:0120031,Plasma Membrane Bounded Cell Projection Assembly
ALG1,GO:0120031,Plasma Membrane Bounded Cell Projection Assembly
EMP2,GO:0120031,Plasma Membrane Bounded Cell Projection Assembly
FRMD4A,GO:0120031,Plasma Membrane Bounded Cell Projection Assembly
CPX-7849,GO:0120031,Plasma Membrane Bounded Cell Projection Assembly
UQCC3,GO:0120031,Plasma Membrane Bounded Cell Projection Assembly
THUMPD1,GO:0120031,Plasma Membrane Bounded Cell Projection Assembly
TEX14,GO:0120031,Plasma Membrane Bounded Cell Projection Assembly
TBC1D23,GO:0120031,Plasma Membrane Bounded Cell Projection Assembly
TBCK,GO:0120031,Plasma Membrane Bounded Cell Projection Assembly
RP2,GO:0120031,Plasma Membrane Bounded Cell Projection Assembly
CHST8,GO:0120031,Plasma Membrane Bounded Cell Projection Assembly
COX20,GO:0120031,Plasma Membrane Bounded Cell Projection Assembly
TGM3,GO:0120031,Plasma Membrane Bounded Cell Projection Assembly
SPINK5,GO:0120031,Plasma Membrane Bounded Cell Projection Assembly
KRT6B,GO:0120031,Plasma Membrane Bounded Cell Projection Assembly
PRSS37,GO:0120031,Plasma Membrane Bounded Cell Projection Assembly
CEP89,GO:0120031,Plasma Membrane Bounded Cell Projection Assembly
C2CD3,GO:0120031,Plasma Membrane Bounded Cell Projection Assembly
COA5,GO:0120031,Plasma Membrane Bounded Cell Projection Assembly
LHX4,GO:0120031,Plasma Membrane Bounded Cell Projection Assembly
DNAH1,GO:0120031,Plasma Membrane Bounded Cell Projection Assembly
APPL2,GO:0120031,Plasma Membrane Bounded Cell Projection Assembly
TTC7A,GO:0120031,Plasma Membrane Bounded Cell Projection Assembly
THSD4,GO:0120031,Plasma Membrane Bounded Cell Projection Assembly
TMEM218,GO:0120031,Plasma Membrane Bounded Cell Projection Assembly
CCDC88C,GO:0120031,Plasma Membrane Bounded Cell Projection Assembly
REEP1,GO:0120031,Plasma Membrane Bounded Cell Projection Assembly
VWA3B,GO:0120031,Plasma Membrane Bounded Cell Projection Assembly
FLG2,GO:0120031,Plasma Membrane Bounded Cell Projection Assembly
ATL1,GO:0120031,Plasma Membrane Bounded Cell Projection Assembly
SBK3,GO:0120031,Plasma Membrane Bounded Cell Projection Assembly
CPX-6310,GO:0120031,Plasma Membrane Bounded Cell Projection Assembly
ALX4,GO:0120031,Plasma Membrane Bounded Cell Projection Assembly
ZC3H12D,GO:0120031,Plasma Membrane Bounded Cell Projection Assembly
DCDC2,GO:0120031,Plasma Membrane Bounded Cell Projection Assembly
ENGASE,GO:0120031,Plasma Membrane Bounded Cell Projection Assembly
HYLS1,GO:0120031,Plasma Membrane Bounded Cell Projection Assembly
LIPN,GO:0120031,Plasma Membrane Bounded Cell Projection Assembly
DNASE1,GO:0120031,Plasma Membrane Bounded Cell Projection Assembly
CEP19,GO:0120031,Plasma Membrane Bounded Cell Projection Assembly
TAP2,GO:0051660,Establishment Of Centrosome Localization
NODAL,GO:0051660,Establishment Of Centrosome Localization
SMAD9,GO:0051660,Establishment Of Centrosome Localization
GDF2,GO:0051660,Establishment Of Centrosome Localization
CPX-6168,GO:0051660,Establishment Of Centrosome Localization
PITX1,GO:0051660,Establishment Of Centrosome Localization
PRTN3,GO:0051660,Establishment Of Centrosome Localization
NEK7,GO:0051660,Establishment Of Centrosome Localization
VCAN,GO:0051660,Establishment Of Centrosome Localization
CILP,GO:0051660,Establishment Of Centrosome Localization
CTHRC1,GO:0051660,Establishment Of Centrosome Localization
EPHB4,GO:0051660,Establishment Of Centrosome Localization
SPRY4,GO:0051660,Establishment Of Centrosome Localization
DCC,GO:0051660,Establishment Of Centrosome Localization
PAK3,GO:0051660,Establishment Of Centrosome Localization
CPX-984,GO:0051660,Establishment Of Centrosome Localization
CDON,GO:0051660,Establishment Of Centrosome Localization
MST1R,GO:0051660,Establishment Of Centrosome Localization
SH3KBP1,GO:0051660,Establishment Of Centrosome Localization
EPHB3,GO:0051660,Establishment Of Centrosome Localization
SH3BP2,GO:0051660,Establishment Of Centrosome Localization
TACSTD2,GO:0051660,Establishment Of Centrosome Localization
ROR2,GO:0051660,Establishment Of Centrosome Localization
ROBO4,GO:0051660,Establishment Of Centrosome Localization
MADD,GO:0051660,Establishment Of Centrosome Localization
ZDHHC9,GO:0051660,Establishment Of Centrosome Localization
CARD14,GO:0051660,Establishment Of Centrosome Localization
CPX-6183,GO:0051660,Establishment Of Centrosome Localization
CPX-6193,GO:0051660,Establishment Of Centrosome Localization
CPX-6194,GO:0051660,Establishment Of Centrosome Localization
CPX-6195,GO:0051660,Establishment Of Centrosome Localization
CPX-6196,GO:0051660,Establishment Of Centrosome Localization
CPX-6197,GO:0051660,Establishment Of Centrosome Localization
MFF,GO:0051660,Establishment Of Centrosome Localization
ARHGAP26,GO:0051660,Establishment Of Centrosome Localization
A2ML1,GO:0051660,Establishment Of Centrosome Localization
SHOC2,GO:0051660,Establishment Of Centrosome Localization
HIP1,GO:0051660,Establishment Of Centrosome Localization
TNFRSF11A,GO:0051660,Establishment Of Centrosome Localization
PRRX1,GO:0051660,Establishment Of Centrosome Localization
GRAP,GO:0051660,Establishment Of Centrosome Localization
SOX18,GO:0051660,Establishment Of Centrosome Localization
CDC42BPA,GO:0051660,Establishment Of Centrosome Localization
NHS,GO:0051660,Establishment Of Centrosome Localization
FSTL3,GO:0051660,Establishment Of Centrosome Localization
PLCH1,GO:0051660,Establishment Of Centrosome Localization
KDF1,GO:0051660,Establishment Of Centrosome Localization
TSPAN12,GO:0051660,Establishment Of Centrosome Localization
LTBP4,GO:0051660,Establishment Of Centrosome Localization
FUT8,GO:0051660,Establishment Of Centrosome Localization
EML1,GO:0051660,Establishment Of Centrosome Localization
CD164,GO:0051660,Establishment Of Centrosome Localization
RAP1GDS1,GO:0051660,Establishment Of Centrosome Localization
CDHR3,GO:0051660,Establishment Of Centrosome Localization
SEMA4D,GO:0051660,Establishment Of Centrosome Localization
FOXC2,GO:0051660,Establishment Of Centrosome Localization
DSPP,GO:0051660,Establishment Of Centrosome Localization
AVPR1A,GO:0004930,G Protein-Coupled Receptor Activity
MC4R,GO:0004930,G Protein-Coupled Receptor Activity
MPDZ,GO:0004930,G Protein-Coupled Receptor Activity
NPY2R,GO:0004930,G Protein-Coupled Receptor Activity
HCRT,GO:0004930,G Protein-Coupled Receptor Activity
SSTR5,GO:0004930,G Protein-Coupled Receptor Activity
OCA2,GO:0004930,G Protein-Coupled Receptor Activity
BCHE,GO:0004930,G Protein-Coupled Receptor Activity
GAL,GO:0004930,G Protein-Coupled Receptor Activity
P2RY12,GO:0004930,G Protein-Coupled Receptor Activity
PLCB3,GO:0004930,G Protein-Coupled Receptor Activity
AGRP,GO:0004930,G Protein-Coupled Receptor Activity
PLCD1,GO:0004930,G Protein-Coupled Receptor Activity
PRKCE,GO:0004930,G Protein-Coupled Receptor Activity
PICALM,GO:0004930,G Protein-Coupled Receptor Activity
SYNJ1,GO:0004930,G Protein-Coupled Receptor Activity
SSTR4,GO:0004930,G Protein-Coupled Receptor Activity
WLS,GO:0004930,G Protein-Coupled Receptor Activity
CPX-7725,GO:0004930,G Protein-Coupled Receptor Activity
VIPR1,GO:0004930,G Protein-Coupled Receptor Activity
CXCR2,GO:0004930,G Protein-Coupled Receptor Activity
CXCR1,GO:0004930,G Protein-Coupled Receptor Activity
PRKCH,GO:0004930,G Protein-Coupled Receptor Activity
GLIS3,GO:0004930,G Protein-Coupled Receptor Activity
MTNR1A,GO:0004930,G Protein-Coupled Receptor Activity
LDLRAP1,GO:0004930,G Protein-Coupled Receptor Activity
SLC9A3R1,GO:0004930,G Protein-Coupled Receptor Activity
CPX-1772,GO:0004930,G Protein-Coupled Receptor Activity
PTH1R,GO:0004930,G Protein-Coupled Receptor Activity
CASR,GO:0004930,G Protein-Coupled Receptor Activity
PLA2G7,GO:0004930,G Protein-Coupled Receptor Activity
FAM20C,GO:0004930,G Protein-Coupled Receptor Activity
EPHB2,GO:0004930,G Protein-Coupled Receptor Activity
CAST,GO:0004930,G Protein-Coupled Receptor Activity
PHOX2B,GO:0004930,G Protein-Coupled Receptor Activity
SLC2A10,GO:0004930,G Protein-Coupled Receptor Activity
CPX-6185,GO:0004930,G Protein-Coupled Receptor Activity
PDE4A,GO:0004930,G Protein-Coupled Receptor Activity
CA2,GO:0004930,G Protein-Coupled Receptor Activity
VIL1,GO:0004930,G Protein-Coupled Receptor Activity
GNRHR,GO:0004930,G Protein-Coupled Receptor Activity
POU4F1,GO:0004930,G Protein-Coupled Receptor Activity
PI4KB,GO:0004930,G Protein-Coupled Receptor Activity
CPX-1770,GO:0004930,G Protein-Coupled Receptor Activity
PLD1,GO:0004930,G Protein-Coupled Receptor Activity
PLCB4,GO:0004930,G Protein-Coupled Receptor Activity
SIK3,GO:0004930,G Protein-Coupled Receptor Activity
MESP2,GO:0004930,G Protein-Coupled Receptor Activity
ATXN10,GO:0004930,G Protein-Coupled Receptor Activity
CPX-4001,GO:0004930,G Protein-Coupled Receptor Activity
PPM1F,GO:0004930,G Protein-Coupled Receptor Activity
HTRA1,GO:0004930,G Protein-Coupled Receptor Activity
SLC6A8,GO:0004930,G Protein-Coupled Receptor Activity
FAM20A,GO:0004930,G Protein-Coupled Receptor Activity
CPX-2189,GO:0004930,G Protein-Coupled Receptor Activity
CPX-2191,GO:0004930,G Protein-Coupled Receptor Activity
CPX-3148,GO:0004930,G Protein-Coupled Receptor Activity
CFAP45,GO:0004930,G Protein-Coupled Receptor Activity
NBEA,GO:0004930,G Protein-Coupled Receptor Activity
INVS,GO:0004930,G Protein-Coupled Receptor Activity
CPX-5047,GO:0004930,G Protein-Coupled Receptor Activity
HMCN1,GO:0004930,G Protein-Coupled Receptor Activity
OPHN1,GO:0004930,G Protein-Coupled Receptor Activity
PDE4DIP,GO:0004930,G Protein-Coupled Receptor Activity
PKD1L1,GO:0004930,G Protein-Coupled Receptor Activity
SERPINB8,GO:0004930,G Protein-Coupled Receptor Activity
LYST,GO:0004930,G Protein-Coupled Receptor Activity
DSG3,GO:0004930,G Protein-Coupled Receptor Activity
STX3,GO:0004930,G Protein-Coupled Receptor Activity
TSPAN7,GO:0004930,G Protein-Coupled Receptor Activity
SLC36A1,GO:0003341,Cilium Movement
CPX-6212,GO:0003341,Cilium Movement
RAB9A,GO:0003341,Cilium Movement
FAT2,GO:0003341,Cilium Movement
CERT1,GO:0003341,Cilium Movement
NPHP3,GO:0003341,Cilium Movement
SLC36A2,GO:0003341,Cilium Movement
CPX-8086,GO:0003341,Cilium Movement
DNAAF1,GO:0003341,Cilium Movement
ELOVL4,GO:0003341,Cilium Movement
CEP104,GO:0003341,Cilium Movement
DNAAF5,GO:0003341,Cilium Movement
CCDC40,GO:0003341,Cilium Movement
CCDC103,GO:0003341,Cilium Movement
NDST1,GO:0003341,Cilium Movement
RILPL1,GO:0003341,Cilium Movement
OPA3,GO:0003341,Cilium Movement
SLC25A46,GO:0003341,Cilium Movement
SLC39A13,GO:0003341,Cilium Movement
RAB33B,GO:0003341,Cilium Movement
ATL3,GO:0003341,Cilium Movement
DENND5A,GO:0003341,Cilium Movement
TBC1D20,GO:0003341,Cilium Movement
GALNT2,GO:0003341,Cilium Movement
RAB3GAP1,GO:0003341,Cilium Movement
CLN8,GO:0003341,Cilium Movement
KCTD7,GO:0003341,Cilium Movement
MFSD8,GO:0003341,Cilium Movement
B4GAT1,GO:0003341,Cilium Movement
DLX4,GO:0003341,Cilium Movement
CPX-1172,GO:0003341,Cilium Movement
CPX-8407,GO:0003341,Cilium Movement
CPX-8442,GO:0003341,Cilium Movement
CFAP53,GO:0003341,Cilium Movement
PGBD5,GO:0003341,Cilium Movement
SPAG17,GO:0003341,Cilium Movement
CPX-6141,GO:0003341,Cilium Movement
DNAH11,GO:0003341,Cilium Movement
CPX-6441,GO:0003341,Cilium Movement
CPX-8307,GO:0003341,Cilium Movement
VPS13B,GO:0003341,Cilium Movement
KRT6A,GO:0003341,Cilium Movement
PIGN,GO:0003341,Cilium Movement
FAAH,GO:1905369,Endopeptidase Complex
PKLR,GO:1905369,Endopeptidase Complex
EARS2,GO:1905369,Endopeptidase Complex
GNE,GO:1905369,Endopeptidase Complex
ATIC,GO:1905369,Endopeptidase Complex
GLS,GO:1905369,Endopeptidase Complex
CPX-6159,GO:1905369,Endopeptidase Complex
CPX-677,GO:1905369,Endopeptidase Complex
CPX-6175,GO:1905369,Endopeptidase Complex
CPX-6176,GO:1905369,Endopeptidase Complex
CYP27A1,GO:1905369,Endopeptidase Complex
CPX-6211,GO:1905369,Endopeptidase Complex
HRG,GO:1905369,Endopeptidase Complex
DHCR24,GO:1905369,Endopeptidase Complex
TAT,GO:1905369,Endopeptidase Complex
PLA2G4C,GO:1905369,Endopeptidase Complex
ENTPD3,GO:1905369,Endopeptidase Complex
ENTPD8,GO:1905369,Endopeptidase Complex
CPX-6209,GO:1905369,Endopeptidase Complex
CPX-6234,GO:1905369,Endopeptidase Complex
CPX-1920,GO:1905369,Endopeptidase Complex
ALOX12,GO:1905369,Endopeptidase Complex
CPX-6223,GO:1905369,Endopeptidase Complex
CPX-4945,GO:1905369,Endopeptidase Complex
GPI,GO:1905369,Endopeptidase Complex
PAH,GO:1905369,Endopeptidase Complex
GCH1,GO:1905369,Endopeptidase Complex
AKR1A1,GO:1905369,Endopeptidase Complex
PDE11A,GO:1905369,Endopeptidase Complex
APRT,GO:1905369,Endopeptidase Complex
GMPS,GO:1905369,Endopeptidase Complex
SERPIND1,GO:1905369,Endopeptidase Complex
CPX-6170,GO:1905369,Endopeptidase Complex
CPX-6172,GO:1905369,Endopeptidase Complex
CPX-6178,GO:1905369,Endopeptidase Complex
CPX-6179,GO:1905369,Endopeptidase Complex
CPX-6181,GO:1905369,Endopeptidase Complex
AK1,GO:1905369,Endopeptidase Complex
DCK,GO:1905369,Endopeptidase Complex
ATOH7,GO:1905369,Endopeptidase Complex
AMELX,GO:1905369,Endopeptidase Complex
SLC25A1,GO:1905369,Endopeptidase Complex
IREB2,GO:1905369,Endopeptidase Complex
PGAM2,GO:1905369,Endopeptidase Complex
FH,GO:1905369,Endopeptidase Complex
OAT,GO:1905369,Endopeptidase Complex
PGM1,GO:1905369,Endopeptidase Complex
ASS1,GO:1905369,Endopeptidase Complex
FBP2,GO:1905369,Endopeptidase Complex
BPGM,GO:1905369,Endopeptidase Complex
HADH,GO:1905369,Endopeptidase Complex
CPX-6239,GO:1905369,Endopeptidase Complex
CPX-6163,GO:1905369,Endopeptidase Complex
KLHDC8B,GO:1905369,Endopeptidase Complex
AIFM1,GO:1905369,Endopeptidase Complex
CPX-3168,GO:1905369,Endopeptidase Complex
CPX-3169,GO:1905369,Endopeptidase Complex
AMPD1,GO:1905369,Endopeptidase Complex
CPX-6240,GO:1905369,Endopeptidase Complex
CPX-6235,GO:1905369,Endopeptidase Complex
CPX-6165,GO:1905369,Endopeptidase Complex
CPX-6203,GO:1905369,Endopeptidase Complex
CPX-6237,GO:1905369,Endopeptidase Complex
CPX-6238,GO:1905369,Endopeptidase Complex
CPX-6502,GO:1905369,Endopeptidase Complex
PDE3B,GO:1905369,Endopeptidase Complex
MOCS1,GO:1905369,Endopeptidase Complex
ENPP1,GO:1905369,Endopeptidase Complex
GDA,GO:1905369,Endopeptidase Complex
ALAS2,GO:1905369,Endopeptidase Complex
SRR,GO:1905369,Endopeptidase Complex
SLC25A12,GO:1905369,Endopeptidase Complex
AASS,GO:1905369,Endopeptidase Complex
SRPX2,GO:1905369,Endopeptidase Complex
ALPI,GO:1905369,Endopeptidase Complex
CA5A,GO:1905369,Endopeptidase Complex
ALPG,GO:1905369,Endopeptidase Complex
CFHR5,GO:1905369,Endopeptidase Complex
CPX-6156,GO:1905369,Endopeptidase Complex
CFHR1,GO:1905369,Endopeptidase Complex
CFHR3,GO:1905369,Endopeptidase Complex
CPX-6154,GO:1905369,Endopeptidase Complex
CPX-8062,GO:1905369,Endopeptidase Complex
AK2,GO:1905369,Endopeptidase Complex
CPX-871,GO:0050684,Regulation Of mRNA Processing
CC2D1A,GO:0050684,Regulation Of mRNA Processing
MAPRE2,GO:0050684,Regulation Of mRNA Processing
NR5A1,GO:0050684,Regulation Of mRNA Processing
ZNF644,GO:0050684,Regulation Of mRNA Processing
CPX-6148,GO:0050684,Regulation Of mRNA Processing
STAMBP,GO:0050684,Regulation Of mRNA Processing
ANLN,GO:0050684,Regulation Of mRNA Processing
CDK11A,GO:0050684,Regulation Of mRNA Processing
CPX-2461,GO:0050684,Regulation Of mRNA Processing
MACROD1,GO:0050684,Regulation Of mRNA Processing
CPX-82,GO:0050684,Regulation Of mRNA Processing
CDK11B,GO:0050684,Regulation Of mRNA Processing
MED12L,GO:0050684,Regulation Of mRNA Processing
DMRT1,GO:0050684,Regulation Of mRNA Processing
FRG1,GO:0050684,Regulation Of mRNA Processing
ANKLE2,GO:0050684,Regulation Of mRNA Processing
TLK1,GO:0050684,Regulation Of mRNA Processing
USP9Y,GO:0050684,Regulation Of mRNA Processing
GAS7,GO:0050684,Regulation Of mRNA Processing
CIT,GO:0050684,Regulation Of mRNA Processing
TAOK2,GO:0050684,Regulation Of mRNA Processing
EYA2,GO:0050684,Regulation Of mRNA Processing
SH3BGRL,GO:0050684,Regulation Of mRNA Processing
TOM1,GO:0050684,Regulation Of mRNA Processing
UFM1,GO:0050684,Regulation Of mRNA Processing
SACS,GO:0050684,Regulation Of mRNA Processing
AFF2,GO:0050684,Regulation Of mRNA Processing
ERG,GO:1990756,Ubiquitin Ligase-Substrate Adaptor Activity
UNG,GO:1990756,Ubiquitin Ligase-Substrate Adaptor Activity
OGG1,GO:1990756,Ubiquitin Ligase-Substrate Adaptor Activity
DCLRE1C,GO:1990756,Ubiquitin Ligase-Substrate Adaptor Activity
CPX-7906,GO:1990756,Ubiquitin Ligase-Substrate Adaptor Activity
CPX-997,GO:1990756,Ubiquitin Ligase-Substrate Adaptor Activity
CPX-2214,GO:1990756,Ubiquitin Ligase-Substrate Adaptor Activity
CPX-2217,GO:1990756,Ubiquitin Ligase-Substrate Adaptor Activity
CPX-2218,GO:1990756,Ubiquitin Ligase-Substrate Adaptor Activity
CPX-2220,GO:1990756,Ubiquitin Ligase-Substrate Adaptor Activity
CPX-2221,GO:1990756,Ubiquitin Ligase-Substrate Adaptor Activity
CPX-2222,GO:1990756,Ubiquitin Ligase-Substrate Adaptor Activity
CPX-2223,GO:1990756,Ubiquitin Ligase-Substrate Adaptor Activity
CPX-2226,GO:1990756,Ubiquitin Ligase-Substrate Adaptor Activity
CPX-2228,GO:1990756,Ubiquitin Ligase-Substrate Adaptor Activity
CPX-2229,GO:1990756,Ubiquitin Ligase-Substrate Adaptor Activity
CPX-2239,GO:1990756,Ubiquitin Ligase-Substrate Adaptor Activity
CPX-2241,GO:1990756,Ubiquitin Ligase-Substrate Adaptor Activity
CPX-2319,GO:1990756,Ubiquitin Ligase-Substrate Adaptor Activity
CPX-2343,GO:1990756,Ubiquitin Ligase-Substrate Adaptor Activity
CPX-2365,GO:1990756,Ubiquitin Ligase-Substrate Adaptor Activity
CPX-2438,GO:1990756,Ubiquitin Ligase-Substrate Adaptor Activity
CPX-2489,GO:1990756,Ubiquitin Ligase-Substrate Adaptor Activity
CPX-2492,GO:1990756,Ubiquitin Ligase-Substrate Adaptor Activity
CPX-2516,GO:1990756,Ubiquitin Ligase-Substrate Adaptor Activity
CPX-2538,GO:1990756,Ubiquitin Ligase-Substrate Adaptor Activity
CPX-2553,GO:1990756,Ubiquitin Ligase-Substrate Adaptor Activity
CPX-2554,GO:1990756,Ubiquitin Ligase-Substrate Adaptor Activity
CPX-2658,GO:1990756,Ubiquitin Ligase-Substrate Adaptor Activity
CPX-2683,GO:1990756,Ubiquitin Ligase-Substrate Adaptor Activity
CPX-2748,GO:1990756,Ubiquitin Ligase-Substrate Adaptor Activity
CPX-2757,GO:1990756,Ubiquitin Ligase-Substrate Adaptor Activity
CPX-2766,GO:1990756,Ubiquitin Ligase-Substrate Adaptor Activity
CPX-2773,GO:1990756,Ubiquitin Ligase-Substrate Adaptor Activity
CPX-2818,GO:1990756,Ubiquitin Ligase-Substrate Adaptor Activity
CPX-2832,GO:1990756,Ubiquitin Ligase-Substrate Adaptor Activity
CPX-2873,GO:1990756,Ubiquitin Ligase-Substrate Adaptor Activity
CPX-3292,GO:1990756,Ubiquitin Ligase-Substrate Adaptor Activity
CPX-3295,GO:1990756,Ubiquitin Ligase-Substrate Adaptor Activity
CPX-7747,GO:1990756,Ubiquitin Ligase-Substrate Adaptor Activity
CPX-7762,GO:1990756,Ubiquitin Ligase-Substrate Adaptor Activity
CPX-7763,GO:1990756,Ubiquitin Ligase-Substrate Adaptor Activity
CPX-7785,GO:1990756,Ubiquitin Ligase-Substrate Adaptor Activity
CPX-7786,GO:1990756,Ubiquitin Ligase-Substrate Adaptor Activity
CPX-7822,GO:1990756,Ubiquitin Ligase-Substrate Adaptor Activity
CPX-7847,GO:1990756,Ubiquitin Ligase-Substrate Adaptor Activity
CPX-7881,GO:1990756,Ubiquitin Ligase-Substrate Adaptor Activity
CPX-7882,GO:1990756,Ubiquitin Ligase-Substrate Adaptor Activity
CPX-7904,GO:1990756,Ubiquitin Ligase-Substrate Adaptor Activity
CPX-7905,GO:1990756,Ubiquitin Ligase-Substrate Adaptor Activity
CPX-7921,GO:1990756,Ubiquitin Ligase-Substrate Adaptor Activity
CPX-7922,GO:1990756,Ubiquitin Ligase-Substrate Adaptor Activity
CPX-7925,GO:1990756,Ubiquitin Ligase-Substrate Adaptor Activity
CPX-7926,GO:1990756,Ubiquitin Ligase-Substrate Adaptor Activity
CPX-7927,GO:1990756,Ubiquitin Ligase-Substrate Adaptor Activity
CPX-7928,GO:1990756,Ubiquitin Ligase-Substrate Adaptor Activity
CPX-7929,GO:1990756,Ubiquitin Ligase-Substrate Adaptor Activity
CPX-7930,GO:1990756,Ubiquitin Ligase-Substrate Adaptor Activity
CPX-7962,GO:1990756,Ubiquitin Ligase-Substrate Adaptor Activity
CPX-7963,GO:1990756,Ubiquitin Ligase-Substrate Adaptor Activity
CPX-7965,GO:1990756,Ubiquitin Ligase-Substrate Adaptor Activity
CPX-7966,GO:1990756,Ubiquitin Ligase-Substrate Adaptor Activity
CPX-7967,GO:1990756,Ubiquitin Ligase-Substrate Adaptor Activity
CPX-7968,GO:1990756,Ubiquitin Ligase-Substrate Adaptor Activity
CPX-7972,GO:1990756,Ubiquitin Ligase-Substrate Adaptor Activity
CPX-7973,GO:1990756,Ubiquitin Ligase-Substrate Adaptor Activity
CPX-7975,GO:1990756,Ubiquitin Ligase-Substrate Adaptor Activity
CPX-7976,GO:1990756,Ubiquitin Ligase-Substrate Adaptor Activity
CPX-7979,GO:1990756,Ubiquitin Ligase-Substrate Adaptor Activity
CPX-7981,GO:1990756,Ubiquitin Ligase-Substrate Adaptor Activity
CPX-7982,GO:1990756,Ubiquitin Ligase-Substrate Adaptor Activity
CPX-7983,GO:1990756,Ubiquitin Ligase-Substrate Adaptor Activity
CPX-8003,GO:1990756,Ubiquitin Ligase-Substrate Adaptor Activity
CPX-8005,GO:1990756,Ubiquitin Ligase-Substrate Adaptor Activity
CPX-8006,GO:1990756,Ubiquitin Ligase-Substrate Adaptor Activity
CPX-8108,GO:1990756,Ubiquitin Ligase-Substrate Adaptor Activity
CPX-3232,GO:1990756,Ubiquitin Ligase-Substrate Adaptor Activity
CPX-3263,GO:1990756,Ubiquitin Ligase-Substrate Adaptor Activity
TRIP12,GO:1990756,Ubiquitin Ligase-Substrate Adaptor Activity
CBL,GO:1990756,Ubiquitin Ligase-Substrate Adaptor Activity
NF1,GO:1990756,Ubiquitin Ligase-Substrate Adaptor Activity
CPX-441,GO:1990756,Ubiquitin Ligase-Substrate Adaptor Activity
HOXA9,GO:1990756,Ubiquitin Ligase-Substrate Adaptor Activity
SPRTN,GO:0036503,ERAD Pathway
UBQLN4,GO:0036503,ERAD Pathway
TMEM106B,GO:0036503,ERAD Pathway
CPX-8169,GO:0036503,ERAD Pathway
CPX-5622,GO:0036503,ERAD Pathway
CPX-8738,GO:0036503,ERAD Pathway
CPX-5621,GO:0036503,ERAD Pathway
ESCO2,GO:0036503,ERAD Pathway
SLC25A42,GO:0036503,ERAD Pathway
MARCHF6,GO:0036503,ERAD Pathway
RNF139,GO:0036503,ERAD Pathway
NR0B1,GO:0036503,ERAD Pathway
SPG11,GO:0036503,ERAD Pathway
ALS2,GO:0036503,ERAD Pathway
ATAD3A,GO:0036503,ERAD Pathway
HSPB8,GO:0036503,ERAD Pathway
CFAP410,GO:0036503,ERAD Pathway
RNF125,GO:0036503,ERAD Pathway
UBR1,GO:0036503,ERAD Pathway
UNC45B,GO:0036503,ERAD Pathway
MPLKIP,GO:0036503,ERAD Pathway
WIPI2,GO:0036503,ERAD Pathway
CLCF1,GO:0036503,ERAD Pathway
RAB11B,GO:0036503,ERAD Pathway
NEUROD2,GO:0036503,ERAD Pathway
UBE4A,GO:0036503,ERAD Pathway
SERAC1,GO:0036503,ERAD Pathway
CTU2,GO:0036503,ERAD Pathway
RALGAPA1,GO:0036503,ERAD Pathway
BRSK1,GO:0032466,Negative Regulation Of Cytokinesis
CPX-338,GO:0032466,Negative Regulation Of Cytokinesis
CLK3,GO:0032466,Negative Regulation Of Cytokinesis
CLK4,GO:0032466,Negative Regulation Of Cytokinesis
ZFYVE19,GO:0032466,Negative Regulation Of Cytokinesis
KRT81,GO:0032466,Negative Regulation Of Cytokinesis
CDC42BPG,GO:0032466,Negative Regulation Of Cytokinesis
SMOC1,GO:0032466,Negative Regulation Of Cytokinesis
RELT,GO:0032466,Negative Regulation Of Cytokinesis
BRSK2,GO:0032466,Negative Regulation Of Cytokinesis
EPG5,GO:0032466,Negative Regulation Of Cytokinesis
MAP4K3,GO:0032466,Negative Regulation Of Cytokinesis
PCDH11Y,GO:0032466,Negative Regulation Of Cytokinesis
ULK4,GO:0032466,Negative Regulation Of Cytokinesis
PTCH2,GO:0032466,Negative Regulation Of Cytokinesis
GCM2,GO:0032466,Negative Regulation Of Cytokinesis
FOXJ1,GO:0032466,Negative Regulation Of Cytokinesis
HIPK4,GO:0032466,Negative Regulation Of Cytokinesis
CTSF,GO:0032466,Negative Regulation Of Cytokinesis
PASK,GO:0032466,Negative Regulation Of Cytokinesis
TNPO2,GO:0032466,Negative Regulation Of Cytokinesis
ARL6,GO:0032466,Negative Regulation Of Cytokinesis
HHAT,GO:0032466,Negative Regulation Of Cytokinesis
SPART,GO:0032466,Negative Regulation Of Cytokinesis
THSD7A,GO:0032466,Negative Regulation Of Cytokinesis
AGBL5,GO:0032466,Negative Regulation Of Cytokinesis
SALL2,GO:0032466,Negative Regulation Of Cytokinesis
JAGN1,GO:0032466,Negative Regulation Of Cytokinesis
RALGPS2,GO:0032466,Negative Regulation Of Cytokinesis
NACC1,GO:0032466,Negative Regulation Of Cytokinesis
TAPT1,GO:0032466,Negative Regulation Of Cytokinesis
RAB23,GO:0032466,Negative Regulation Of Cytokinesis
GPR101,GO:0032466,Negative Regulation Of Cytokinesis
SNAP25,GO:0048016,Inositol Phosphate-Mediated Signaling
ADRB2,GO:0048016,Inositol Phosphate-Mediated Signaling
AGT,GO:0048016,Inositol Phosphate-Mediated Signaling
TH,GO:0048016,Inositol Phosphate-Mediated Signaling
DISC1,GO:0048016,Inositol Phosphate-Mediated Signaling
CPX-286,GO:0048016,Inositol Phosphate-Mediated Signaling
CPX-1001,GO:0048016,Inositol Phosphate-Mediated Signaling
CPX-1002,GO:0048016,Inositol Phosphate-Mediated Signaling
CPX-1003,GO:0048016,Inositol Phosphate-Mediated Signaling
CPX-1009,GO:0048016,Inositol Phosphate-Mediated Signaling
CPX-102,GO:0048016,Inositol Phosphate-Mediated Signaling
CPX-1048,GO:0048016,Inositol Phosphate-Mediated Signaling
CPX-1050,GO:0048016,Inositol Phosphate-Mediated Signaling
CPX-1112,GO:0048016,Inositol Phosphate-Mediated Signaling
CPX-1114,GO:0048016,Inositol Phosphate-Mediated Signaling
CPX-1116,GO:0048016,Inositol Phosphate-Mediated Signaling
CPX-1118,GO:0048016,Inositol Phosphate-Mediated Signaling
CPX-2341,GO:0048016,Inositol Phosphate-Mediated Signaling
CPX-674,GO:0048016,Inositol Phosphate-Mediated Signaling
CPX-902,GO:0048016,Inositol Phosphate-Mediated Signaling
CPX-998,GO:0048016,Inositol Phosphate-Mediated Signaling
GRK2,GO:0048016,Inositol Phosphate-Mediated Signaling
CNR1,GO:0048016,Inositol Phosphate-Mediated Signaling
EDN1,GO:0048016,Inositol Phosphate-Mediated Signaling
CALM1,GO:0048016,Inositol Phosphate-Mediated Signaling
CAV1,GO:0048016,Inositol Phosphate-Mediated Signaling
ADAR,GO:0048016,Inositol Phosphate-Mediated Signaling
NPPA,GO:0048016,Inositol Phosphate-Mediated Signaling
MECP2,GO:0048016,Inositol Phosphate-Mediated Signaling
ITPR1,GO:0048016,Inositol Phosphate-Mediated Signaling
MYL2,GO:0048016,Inositol Phosphate-Mediated Signaling
GJA1,GO:0048016,Inositol Phosphate-Mediated Signaling
CPX-3280,GO:0048016,Inositol Phosphate-Mediated Signaling
MYH7,GO:0048016,Inositol Phosphate-Mediated Signaling
ACTN2,GO:0048016,Inositol Phosphate-Mediated Signaling
MYH6,GO:0048016,Inositol Phosphate-Mediated Signaling
ATP2A2,GO:0048016,Inositol Phosphate-Mediated Signaling
MYBPC3,GO:0048016,Inositol Phosphate-Mediated Signaling
PNKP,GO:0048016,Inositol Phosphate-Mediated Signaling
CPX-4310,GO:0048016,Inositol Phosphate-Mediated Signaling
GFAP,GO:0048016,Inositol Phosphate-Mediated Signaling
SYP,GO:0048016,Inositol Phosphate-Mediated Signaling
CPX-4232,GO:0048016,Inositol Phosphate-Mediated Signaling
MAP1B,GO:0048016,Inositol Phosphate-Mediated Signaling
GBA,GO:0048016,Inositol Phosphate-Mediated Signaling
CPX-2349,GO:0048016,Inositol Phosphate-Mediated Signaling
MBP,GO:0048016,Inositol Phosphate-Mediated Signaling
PRNP,GO:0048016,Inositol Phosphate-Mediated Signaling
CD74,GO:0048016,Inositol Phosphate-Mediated Signaling
PRKCD,GO:0048016,Inositol Phosphate-Mediated Signaling
CPX-2479,GO:0048016,Inositol Phosphate-Mediated Signaling
CPX-2497,GO:0048016,Inositol Phosphate-Mediated Signaling
CPX-6567,GO:0048016,Inositol Phosphate-Mediated Signaling
ERBB4,GO:0048016,Inositol Phosphate-Mediated Signaling
NOS1,GO:0048016,Inositol Phosphate-Mediated Signaling
TSPO,GO:0048016,Inositol Phosphate-Mediated Signaling
CPX-7667,GO:0048016,Inositol Phosphate-Mediated Signaling
CPX-7668,GO:0048016,Inositol Phosphate-Mediated Signaling
PIEZO2,GO:0048016,Inositol Phosphate-Mediated Signaling
SPTBN2,GO:0048016,Inositol Phosphate-Mediated Signaling
ZNF148,GO:0032660,Regulation Of Interleukin-17 Production
H1-4,GO:0032660,Regulation Of Interleukin-17 Production
NOG,GO:0032660,Regulation Of Interleukin-17 Production
CPX-6600,GO:0032660,Regulation Of Interleukin-17 Production
SPI1,GO:0032660,Regulation Of Interleukin-17 Production
EIF2AK2,GO:0032660,Regulation Of Interleukin-17 Production
IRF1,GO:0032660,Regulation Of Interleukin-17 Production
RIPK1,GO:0032660,Regulation Of Interleukin-17 Production
CPX-1988,GO:0032660,Regulation Of Interleukin-17 Production
ERN1,GO:0032660,Regulation Of Interleukin-17 Production
CPX-2496,GO:0032660,Regulation Of Interleukin-17 Production
CPX-6415,GO:0032660,Regulation Of Interleukin-17 Production
CPX-6473,GO:0032660,Regulation Of Interleukin-17 Production
CPX-6784,GO:0032660,Regulation Of Interleukin-17 Production
CPX-7004,GO:0032660,Regulation Of Interleukin-17 Production
CPX-7064,GO:0032660,Regulation Of Interleukin-17 Production
CPX-7106,GO:0032660,Regulation Of Interleukin-17 Production
EOMES,GO:0032660,Regulation Of Interleukin-17 Production
NUTM1,GO:0032660,Regulation Of Interleukin-17 Production
CSF1,GO:0032660,Regulation Of Interleukin-17 Production
TLR9,GO:0032660,Regulation Of Interleukin-17 Production
IL13,GO:0032660,Regulation Of Interleukin-17 Production
TGFBR1,GO:0032660,Regulation Of Interleukin-17 Production
MMP13,GO:0032660,Regulation Of Interleukin-17 Production
TGFBR2,GO:0032660,Regulation Of Interleukin-17 Production
MAP2K3,GO:0032660,Regulation Of Interleukin-17 Production
SMAD7,GO:0032660,Regulation Of Interleukin-17 Production
TBXT,GO:0032660,Regulation Of Interleukin-17 Production
CD40,GO:0032660,Regulation Of Interleukin-17 Production
IRF7,GO:0032660,Regulation Of Interleukin-17 Production
IRF3,GO:0032660,Regulation Of Interleukin-17 Production
TLR3,GO:0032660,Regulation Of Interleukin-17 Production
IRF8,GO:0032660,Regulation Of Interleukin-17 Production
CPX-5995,GO:0032660,Regulation Of Interleukin-17 Production
CPX-5996,GO:0032660,Regulation Of Interleukin-17 Production
CPX-5997,GO:0032660,Regulation Of Interleukin-17 Production
CPX-5998,GO:0032660,Regulation Of Interleukin-17 Production
CPX-5999,GO:0032660,Regulation Of Interleukin-17 Production
CPX-6000,GO:0032660,Regulation Of Interleukin-17 Production
CPX-6001,GO:0032660,Regulation Of Interleukin-17 Production
CPX-6002,GO:0032660,Regulation Of Interleukin-17 Production
CPX-6003,GO:0032660,Regulation Of Interleukin-17 Production
CPX-6004,GO:0032660,Regulation Of Interleukin-17 Production
CPX-6005,GO:0032660,Regulation Of Interleukin-17 Production
CPX-6006,GO:0032660,Regulation Of Interleukin-17 Production
CPX-6007,GO:0032660,Regulation Of Interleukin-17 Production
CPX-6008,GO:0032660,Regulation Of Interleukin-17 Production
CPX-6009,GO:0032660,Regulation Of Interleukin-17 Production
CPX-6010,GO:0032660,Regulation Of Interleukin-17 Production
CRYGC,GO:0032660,Regulation Of Interleukin-17 Production
RAG1,GO:0032660,Regulation Of Interleukin-17 Production
NOD2,GO:0032660,Regulation Of Interleukin-17 Production
IL7R,GO:0032660,Regulation Of Interleukin-17 Production
CD19,GO:0032660,Regulation Of Interleukin-17 Production
CPX-6582,GO:0032660,Regulation Of Interleukin-17 Production
CPX-6603,GO:0032660,Regulation Of Interleukin-17 Production
FASLG,GO:0032660,Regulation Of Interleukin-17 Production
TEK,GO:0032660,Regulation Of Interleukin-17 Production
TLR7,GO:0032660,Regulation Of Interleukin-17 Production
PRF1,GO:0032660,Regulation Of Interleukin-17 Production
HCK,GO:0032660,Regulation Of Interleukin-17 Production
TYK2,GO:0032660,Regulation Of Interleukin-17 Production
ANGPT2,GO:0032660,Regulation Of Interleukin-17 Production
CPX-1875,GO:0032660,Regulation Of Interleukin-17 Production
CPX-1876,GO:0032660,Regulation Of Interleukin-17 Production
CPX-2882,GO:0032660,Regulation Of Interleukin-17 Production
CPX-2883,GO:0032660,Regulation Of Interleukin-17 Production
CPX-2884,GO:0032660,Regulation Of Interleukin-17 Production
CPX-2885,GO:0032660,Regulation Of Interleukin-17 Production
CPX-2886,GO:0032660,Regulation Of Interleukin-17 Production
CPX-2892,GO:0032660,Regulation Of Interleukin-17 Production
IRAK1,GO:0032660,Regulation Of Interleukin-17 Production
ANGPT1,GO:0032660,Regulation Of Interleukin-17 Production
CPX-7403,GO:0032660,Regulation Of Interleukin-17 Production
BCAS3,GO:0032660,Regulation Of Interleukin-17 Production
PTK6,GO:0032660,Regulation Of Interleukin-17 Production
CTSL,GO:0032660,Regulation Of Interleukin-17 Production
CGAS,GO:0032660,Regulation Of Interleukin-17 Production
NLRP12,GO:0032660,Regulation Of Interleukin-17 Production
OAS1,GO:0032660,Regulation Of Interleukin-17 Production
PSTPIP1,GO:0032660,Regulation Of Interleukin-17 Production
IKBKE,GO:0032660,Regulation Of Interleukin-17 Production
IRAK4,GO:0032660,Regulation Of Interleukin-17 Production
CTNNA2,GO:0032660,Regulation Of Interleukin-17 Production
FLT4,GO:0032660,Regulation Of Interleukin-17 Production
TYRO3,GO:0032660,Regulation Of Interleukin-17 Production
MATK,GO:0032660,Regulation Of Interleukin-17 Production
CLDN4,GO:0032660,Regulation Of Interleukin-17 Production
NCKAP1L,GO:0032660,Regulation Of Interleukin-17 Production
DLL4,GO:0032660,Regulation Of Interleukin-17 Production
RORC,GO:0032660,Regulation Of Interleukin-17 Production
SDHAF2,GO:0032660,Regulation Of Interleukin-17 Production
DACT1,GO:0032660,Regulation Of Interleukin-17 Production
SOX11,GO:0032660,Regulation Of Interleukin-17 Production
CLDN2,GO:0032660,Regulation Of Interleukin-17 Production
MEGF10,GO:0032660,Regulation Of Interleukin-17 Production
EPOR,GO:0032660,Regulation Of Interleukin-17 Production
PIM3,GO:0032660,Regulation Of Interleukin-17 Production
DIAPH2,GO:0032660,Regulation Of Interleukin-17 Production
KANK1,GO:0032660,Regulation Of Interleukin-17 Production
RSPO1,GO:0032660,Regulation Of Interleukin-17 Production
TUBGCP2,GO:0032660,Regulation Of Interleukin-17 Production
DIABLO,GO:0032660,Regulation Of Interleukin-17 Production
CPX-8432,GO:0071565,nBAF Complex
CPX-480,GO:0071565,nBAF Complex
CPX-5156,GO:0071565,nBAF Complex
CPX-316,GO:0071565,nBAF Complex
CPX-6786,GO:0071565,nBAF Complex
CPX-6123,GO:0071565,nBAF Complex
CPX-3288,GO:0071565,nBAF Complex
CPX-3285,GO:0071565,nBAF Complex
CPX-5824,GO:0071565,nBAF Complex
CPX-6093,GO:0071565,nBAF Complex
CPX-663,GO:0071565,nBAF Complex
CPX-759,GO:0071565,nBAF Complex
PHGDH,GO:0071565,nBAF Complex
CPX-1164,GO:0071565,nBAF Complex
CPX-1194,GO:0071565,nBAF Complex
CPX-1196,GO:0071565,nBAF Complex
CPX-1199,GO:0071565,nBAF Complex
CPX-1201,GO:0071565,nBAF Complex
CPX-1202,GO:0071565,nBAF Complex
CPX-1204,GO:0071565,nBAF Complex
CPX-1205,GO:0071565,nBAF Complex
CPX-1206,GO:0071565,nBAF Complex
CPX-1207,GO:0071565,nBAF Complex
CPX-1209,GO:0071565,nBAF Complex
CPX-1210,GO:0071565,nBAF Complex
CPX-1211,GO:0071565,nBAF Complex
CPX-1213,GO:0071565,nBAF Complex
CPX-1215,GO:0071565,nBAF Complex
CPX-1216,GO:0071565,nBAF Complex
CPX-1217,GO:0071565,nBAF Complex
CPX-1218,GO:0071565,nBAF Complex
CPX-1219,GO:0071565,nBAF Complex
CPX-1220,GO:0071565,nBAF Complex
CPX-1221,GO:0071565,nBAF Complex
CPX-1222,GO:0071565,nBAF Complex
CPX-1223,GO:0071565,nBAF Complex
CPX-1224,GO:0071565,nBAF Complex
CPX-1225,GO:0071565,nBAF Complex
CPX-1226,GO:0071565,nBAF Complex
CPX-1228,GO:0071565,nBAF Complex
CPX-4084,GO:0071565,nBAF Complex
CPX-4203,GO:0071565,nBAF Complex
CPX-4206,GO:0071565,nBAF Complex
CPX-4207,GO:0071565,nBAF Complex
CPX-4224,GO:0071565,nBAF Complex
CPX-4225,GO:0071565,nBAF Complex
CPX-4226,GO:0071565,nBAF Complex
CPX-2391,GO:0071565,nBAF Complex
HMOX1,GO:0071565,nBAF Complex
CPX-6570,GO:0071565,nBAF Complex
PIP4K2A,GO:2000785,Regulation Of Autophagosome Assembly
DNAAF4,GO:2000785,Regulation Of Autophagosome Assembly
HCRTR1,GO:2000785,Regulation Of Autophagosome Assembly
CFTR,GO:2000785,Regulation Of Autophagosome Assembly
GRN,GO:2000785,Regulation Of Autophagosome Assembly
ZC3H14,GO:2000785,Regulation Of Autophagosome Assembly
CPX-329,GO:2000785,Regulation Of Autophagosome Assembly
CD2AP,GO:2000785,Regulation Of Autophagosome Assembly
SMN2,GO:2000785,Regulation Of Autophagosome Assembly
VLDLR,GO:2000785,Regulation Of Autophagosome Assembly
SRPK2,GO:2000785,Regulation Of Autophagosome Assembly
KLC2,GO:2000785,Regulation Of Autophagosome Assembly
CPX-3961,GO:2000785,Regulation Of Autophagosome Assembly
CCKAR,GO:2000785,Regulation Of Autophagosome Assembly
RPL26,GO:2000785,Regulation Of Autophagosome Assembly
CPX-6271,GO:2000785,Regulation Of Autophagosome Assembly
TBX6,GO:2000785,Regulation Of Autophagosome Assembly
PLEKHG2,GO:2000785,Regulation Of Autophagosome Assembly
FZD4,GO:2000785,Regulation Of Autophagosome Assembly
CREB3L3,GO:2000785,Regulation Of Autophagosome Assembly
PREP,GO:2000785,Regulation Of Autophagosome Assembly
CPX-5151,GO:2000785,Regulation Of Autophagosome Assembly
PIKFYVE,GO:2000785,Regulation Of Autophagosome Assembly
PRSS1,GO:2000785,Regulation Of Autophagosome Assembly
CAVIN1,GO:2000785,Regulation Of Autophagosome Assembly
SLC9A9,GO:2000785,Regulation Of Autophagosome Assembly
PITX2,GO:2000785,Regulation Of Autophagosome Assembly
ESRRG,GO:2000785,Regulation Of Autophagosome Assembly
CREB3L2,GO:2000785,Regulation Of Autophagosome Assembly
CREB3L1,GO:2000785,Regulation Of Autophagosome Assembly
CPX-7669,GO:2000785,Regulation Of Autophagosome Assembly
CPX-7670,GO:2000785,Regulation Of Autophagosome Assembly
PAK2,GO:2000785,Regulation Of Autophagosome Assembly
EPHA4,GO:2000785,Regulation Of Autophagosome Assembly
TRAK1,GO:2000785,Regulation Of Autophagosome Assembly
PLAGL1,GO:2000785,Regulation Of Autophagosome Assembly
DEAF1,GO:2000785,Regulation Of Autophagosome Assembly
NKX6-2,GO:2000785,Regulation Of Autophagosome Assembly
RXFP2,GO:2000785,Regulation Of Autophagosome Assembly
ERC1,GO:2000785,Regulation Of Autophagosome Assembly
CRIPT,GO:2000785,Regulation Of Autophagosome Assembly
CPX-6272,GO:2000785,Regulation Of Autophagosome Assembly
WDR45,GO:2000785,Regulation Of Autophagosome Assembly
CSNK1G3,GO:2000785,Regulation Of Autophagosome Assembly
STK10,GO:2000785,Regulation Of Autophagosome Assembly
ULK2,GO:2000785,Regulation Of Autophagosome Assembly
WNK2,GO:2000785,Regulation Of Autophagosome Assembly
VRK2,GO:2000785,Regulation Of Autophagosome Assembly
ZFP57,GO:2000785,Regulation Of Autophagosome Assembly
CPX-6150,GO:2000785,Regulation Of Autophagosome Assembly
EDEM3,GO:0160063,Multi-Pass Transmembrane Protein Insertion Into ER Membrane
SEC23B,GO:0160063,Multi-Pass Transmembrane Protein Insertion Into ER Membrane
PLEKHM1,GO:0160063,Multi-Pass Transmembrane Protein Insertion Into ER Membrane
NEK9,GO:0160063,Multi-Pass Transmembrane Protein Insertion Into ER Membrane
PCM1,GO:0160063,Multi-Pass Transmembrane Protein Insertion Into ER Membrane
CPX-6312,GO:0160063,Multi-Pass Transmembrane Protein Insertion Into ER Membrane
AMBN,GO:0160063,Multi-Pass Transmembrane Protein Insertion Into ER Membrane
HSPBAP1,GO:0160063,Multi-Pass Transmembrane Protein Insertion Into ER Membrane
NADK2,GO:0160063,Multi-Pass Transmembrane Protein Insertion Into ER Membrane
STK26,GO:0160063,Multi-Pass Transmembrane Protein Insertion Into ER Membrane
CLP1,GO:0160063,Multi-Pass Transmembrane Protein Insertion Into ER Membrane
DDAH1,GO:0160063,Multi-Pass Transmembrane Protein Insertion Into ER Membrane
B3GLCT,GO:0160063,Multi-Pass Transmembrane Protein Insertion Into ER Membrane
TMEM230,GO:0160063,Multi-Pass Transmembrane Protein Insertion Into ER Membrane
ZPBP,GO:0160063,Multi-Pass Transmembrane Protein Insertion Into ER Membrane
GDAP2,GO:0160063,Multi-Pass Transmembrane Protein Insertion Into ER Membrane
AOPEP,GO:0160063,Multi-Pass Transmembrane Protein Insertion Into ER Membrane
MAP3K15,GO:0160063,Multi-Pass Transmembrane Protein Insertion Into ER Membrane
PPP1R15B,GO:0160063,Multi-Pass Transmembrane Protein Insertion Into ER Membrane
CD320,GO:0160063,Multi-Pass Transmembrane Protein Insertion Into ER Membrane
RNF13,GO:0160063,Multi-Pass Transmembrane Protein Insertion Into ER Membrane
SLC34A2,GO:0160063,Multi-Pass Transmembrane Protein Insertion Into ER Membrane
NAV3,GO:0160063,Multi-Pass Transmembrane Protein Insertion Into ER Membrane
SRPK3,GO:0160063,Multi-Pass Transmembrane Protein Insertion Into ER Membrane
GFER,GO:0160063,Multi-Pass Transmembrane Protein Insertion Into ER Membrane
CHIC2,GO:0160063,Multi-Pass Transmembrane Protein Insertion Into ER Membrane
CPX-5665,GO:0160063,Multi-Pass Transmembrane Protein Insertion Into ER Membrane
GORAB,GO:0160063,Multi-Pass Transmembrane Protein Insertion Into ER Membrane
FIGLA,GO:0160063,Multi-Pass Transmembrane Protein Insertion Into ER Membrane
CPX-7020,GO:0160063,Multi-Pass Transmembrane Protein Insertion Into ER Membrane
ALMS1,GO:0160063,Multi-Pass Transmembrane Protein Insertion Into ER Membrane
TUBB8,GO:0160063,Multi-Pass Transmembrane Protein Insertion Into ER Membrane
MAS1,GO:0160063,Multi-Pass Transmembrane Protein Insertion Into ER Membrane
BCAS4,GO:0160063,Multi-Pass Transmembrane Protein Insertion Into ER Membrane
TSPY1,GO:0160063,Multi-Pass Transmembrane Protein Insertion Into ER Membrane
CPX-5606,GO:0160063,Multi-Pass Transmembrane Protein Insertion Into ER Membrane
FREM1,GO:0160063,Multi-Pass Transmembrane Protein Insertion Into ER Membrane
DNAJC21,GO:0160063,Multi-Pass Transmembrane Protein Insertion Into ER Membrane
DIPK2B,GO:0160063,Multi-Pass Transmembrane Protein Insertion Into ER Membrane
NOBOX,GO:0160063,Multi-Pass Transmembrane Protein Insertion Into ER Membrane
SEPTIN11,GO:0160063,Multi-Pass Transmembrane Protein Insertion Into ER Membrane
APCDD1,GO:0160063,Multi-Pass Transmembrane Protein Insertion Into ER Membrane
CPX-4442,GO:0006312,Mitotic Recombination
WRN,GO:0006312,Mitotic Recombination
RAD52,GO:0006312,Mitotic Recombination
POLL,GO:0006312,Mitotic Recombination
TP53BP1,GO:0006312,Mitotic Recombination
CPX-4441,GO:0006312,Mitotic Recombination
CPX-2182,GO:0006312,Mitotic Recombination
CAMKMT,GO:0006312,Mitotic Recombination
CDC6,GO:0006312,Mitotic Recombination
CPX-419,GO:0006312,Mitotic Recombination
CPX-77,GO:0006312,Mitotic Recombination
CPX-80,GO:0006312,Mitotic Recombination
CITED2,GO:0006312,Mitotic Recombination
CPX-1860,GO:0006312,Mitotic Recombination
HELLS,GO:0006312,Mitotic Recombination
UHRF1,GO:0006312,Mitotic Recombination
CPX-6094,GO:0006312,Mitotic Recombination
CPX-660,GO:0006312,Mitotic Recombination
CPX-661,GO:0006312,Mitotic Recombination
CPX-6264,GO:0006312,Mitotic Recombination
CPX-2363,GO:0006312,Mitotic Recombination
CTSA,GO:0006312,Mitotic Recombination
KIF23,GO:0006312,Mitotic Recombination
SIX3,GO:0006312,Mitotic Recombination
CENPE,GO:0006312,Mitotic Recombination
MELK,GO:0006312,Mitotic Recombination
PLK1,GO:0006312,Mitotic Recombination
CDCA7,GO:0006312,Mitotic Recombination
CDC7,GO:0006312,Mitotic Recombination
PBK,GO:0006312,Mitotic Recombination
RECQL4,GO:0006312,Mitotic Recombination
CDK13,GO:0006312,Mitotic Recombination
MLH1,GO:0006312,Mitotic Recombination
PMS2,GO:0006312,Mitotic Recombination
CDK12,GO:0006312,Mitotic Recombination
CPX-2488,GO:0006312,Mitotic Recombination
CPX-7261,GO:0006312,Mitotic Recombination
PKMYT1,GO:0006312,Mitotic Recombination
CPX-1159,GO:0006312,Mitotic Recombination
HUWE1,GO:0006312,Mitotic Recombination
TONSL,GO:0006312,Mitotic Recombination
PRICKLE1,GO:0006312,Mitotic Recombination
SMCHD1,GO:0006312,Mitotic Recombination
ERCC6L2,GO:0006312,Mitotic Recombination
TEX15,GO:0006312,Mitotic Recombination
ROM1,GO:0007605,Sensory Perception Of Sound
CRX,GO:0007605,Sensory Perception Of Sound
ABCA4,GO:0007605,Sensory Perception Of Sound
RBP3,GO:0007605,Sensory Perception Of Sound
CPX-6701,GO:0007605,Sensory Perception Of Sound
GRK7,GO:0007605,Sensory Perception Of Sound
MERTK,GO:0007605,Sensory Perception Of Sound
PDE6H,GO:0007605,Sensory Perception Of Sound
PRPH2,GO:0007605,Sensory Perception Of Sound
GUCY2D,GO:0007605,Sensory Perception Of Sound
PDE6G,GO:0007605,Sensory Perception Of Sound
AIPL1,GO:0007605,Sensory Perception Of Sound
RLBP1,GO:0007605,Sensory Perception Of Sound
IMPG2,GO:0007605,Sensory Perception Of Sound
TULP1,GO:0007605,Sensory Perception Of Sound
GUCA1B,GO:0007605,Sensory Perception Of Sound
REEP6,GO:0007605,Sensory Perception Of Sound
OPN1SW,GO:0007605,Sensory Perception Of Sound
PDE6A,GO:0007605,Sensory Perception Of Sound
RDH5,GO:0007605,Sensory Perception Of Sound
RP9,GO:0007605,Sensory Perception Of Sound
ZNF513,GO:0007605,Sensory Perception Of Sound
CLRN1,GO:0007605,Sensory Perception Of Sound
PCARE,GO:0007605,Sensory Perception Of Sound
FSCN2,GO:0007605,Sensory Perception Of Sound
LRAT,GO:0007605,Sensory Perception Of Sound
CERKL,GO:0007605,Sensory Perception Of Sound
RGR,GO:0007605,Sensory Perception Of Sound
SEMA4A,GO:0007605,Sensory Perception Of Sound
OPN1LW,GO:0007605,Sensory Perception Of Sound
EYS,GO:0007605,Sensory Perception Of Sound
PDE6C,GO:0007605,Sensory Perception Of Sound
RP1L1,GO:0007605,Sensory Perception Of Sound
SPATA7,GO:0007605,Sensory Perception Of Sound
RPGRIP1,GO:0007605,Sensory Perception Of Sound
FAM161A,GO:0007605,Sensory Perception Of Sound
BEST1,GO:0007605,Sensory Perception Of Sound
PDE6B,GO:0007605,Sensory Perception Of Sound
RDH12,GO:0007605,Sensory Perception Of Sound
NRL,GO:0007605,Sensory Perception Of Sound
PRCD,GO:0007605,Sensory Perception Of Sound
OPN1MW,GO:0007605,Sensory Perception Of Sound
MFRP,GO:0007605,Sensory Perception Of Sound
NR2E3,GO:0007605,Sensory Perception Of Sound
ILDR1,GO:0007605,Sensory Perception Of Sound
LCA5,GO:0007605,Sensory Perception Of Sound
CLIC5,GO:0007605,Sensory Perception Of Sound
PCDH15,GO:0007605,Sensory Perception Of Sound
GRXCR2,GO:0007605,Sensory Perception Of Sound
GRXCR1,GO:0007605,Sensory Perception Of Sound
MYO3B,GO:0007605,Sensory Perception Of Sound
TPRN,GO:0007605,Sensory Perception Of Sound
EPS8L2,GO:0007605,Sensory Perception Of Sound
PJVK,GO:0007605,Sensory Perception Of Sound
MYO3A,GO:0007605,Sensory Perception Of Sound
TRIOBP,GO:0007605,Sensory Perception Of Sound
LRIT3,GO:0007605,Sensory Perception Of Sound
CIB2,GO:0007605,Sensory Perception Of Sound
CABP2,GO:0007605,Sensory Perception Of Sound
SLC26A4,GO:0007605,Sensory Perception Of Sound
USH1C,GO:0007605,Sensory Perception Of Sound
CDH23,GO:0007605,Sensory Perception Of Sound
OTOF,GO:0007605,Sensory Perception Of Sound
SLC26A5,GO:0007605,Sensory Perception Of Sound
GJB3,GO:0007605,Sensory Perception Of Sound
GJB2,GO:0007605,Sensory Perception Of Sound
CCDC50,GO:0007605,Sensory Perception Of Sound
CLDN14,GO:0007605,Sensory Perception Of Sound
TMPRSS3,GO:0007605,Sensory Perception Of Sound
LOXHD1,GO:0007605,Sensory Perception Of Sound
CEACAM16,GO:0007605,Sensory Perception Of Sound
USH1G,GO:0007605,Sensory Perception Of Sound
GIPC3,GO:0007605,Sensory Perception Of Sound
GJB6,GO:0007605,Sensory Perception Of Sound
TMIE,GO:0007605,Sensory Perception Of Sound
TMC1,GO:0007605,Sensory Perception Of Sound
POU4F3,GO:0007605,Sensory Perception Of Sound
OTOA,GO:0007605,Sensory Perception Of Sound
ESPN,GO:0007605,Sensory Perception Of Sound
IMPG1,GO:0007605,Sensory Perception Of Sound
LHFPL5,GO:0007605,Sensory Perception Of Sound
SELP,GO:0030213,Hyaluronan Biosynthetic Process
FGF23,GO:0030213,Hyaluronan Biosynthetic Process
OLR1,GO:0030213,Hyaluronan Biosynthetic Process
MSTN,GO:0030213,Hyaluronan Biosynthetic Process
CLEC7A,GO:0030213,Hyaluronan Biosynthetic Process
CPX-4663,GO:0030213,Hyaluronan Biosynthetic Process
BLNK,GO:0030213,Hyaluronan Biosynthetic Process
PTAFR,GO:0030213,Hyaluronan Biosynthetic Process
MMP12,GO:0030213,Hyaluronan Biosynthetic Process
MMP8,GO:0030213,Hyaluronan Biosynthetic Process
CPX-8422,GO:0030213,Hyaluronan Biosynthetic Process
CPX-8424,GO:0030213,Hyaluronan Biosynthetic Process
CPX-8467,GO:0030213,Hyaluronan Biosynthetic Process
TIE1,GO:0030213,Hyaluronan Biosynthetic Process
ANG,GO:0030213,Hyaluronan Biosynthetic Process
MSLN,GO:0030213,Hyaluronan Biosynthetic Process
NTF4,GO:0030213,Hyaluronan Biosynthetic Process
MAFA,GO:0030213,Hyaluronan Biosynthetic Process
DNAL4,GO:0030213,Hyaluronan Biosynthetic Process
KIDINS220,GO:0030213,Hyaluronan Biosynthetic Process
RAPGEF2,GO:0030213,Hyaluronan Biosynthetic Process
LRBA,GO:0030213,Hyaluronan Biosynthetic Process
MPIG6B,GO:0030213,Hyaluronan Biosynthetic Process
CPX-445,GO:0030213,Hyaluronan Biosynthetic Process
CPX-460,GO:0030213,Hyaluronan Biosynthetic Process
CPX-461,GO:0030213,Hyaluronan Biosynthetic Process
LEP,GO:0006954,Inflammatory Response
WNT5A,GO:0006954,Inflammatory Response
CPX-2491,GO:0006954,Inflammatory Response
CPX-6416,GO:0006954,Inflammatory Response
CPX-6477,GO:0006954,Inflammatory Response
CPX-6564,GO:0006954,Inflammatory Response
CPX-6783,GO:0006954,Inflammatory Response
CPX-2494,GO:0006954,Inflammatory Response
CPX-6405,GO:0006954,Inflammatory Response
CPX-8,GO:0006954,Inflammatory Response
CTNNA3,GO:0006954,Inflammatory Response
NTRK1,GO:0006954,Inflammatory Response
CPX-1795,GO:0006954,Inflammatory Response
CPX-1799,GO:0006954,Inflammatory Response
CPX-8572,GO:0006954,Inflammatory Response
CDC42,GO:0006954,Inflammatory Response
IL1B,GO:0006954,Inflammatory Response
IGF1,GO:0006954,Inflammatory Response
FYN,GO:0006954,Inflammatory Response
CPX-623,GO:0006954,Inflammatory Response
CPX-2805,GO:0006954,Inflammatory Response
CPX-8826,GO:0006954,Inflammatory Response
CPX-8828,GO:0006954,Inflammatory Response
CPX-8931,GO:0006954,Inflammatory Response
CPX-8932,GO:0006954,Inflammatory Response
CPX-8933,GO:0006954,Inflammatory Response
CPX-4302,GO:0006954,Inflammatory Response
BTK,GO:0006954,Inflammatory Response
CPX-128,GO:0006954,Inflammatory Response
MAPK12,GO:0006954,Inflammatory Response
CTSD,GO:0006954,Inflammatory Response
APOA1,GO:0006954,Inflammatory Response
PXDN,GO:0006954,Inflammatory Response
ADAM10,GO:0006954,Inflammatory Response
MARK4,GO:0006954,Inflammatory Response
MAPK3,GO:0006954,Inflammatory Response
UCHL1,GO:0006954,Inflammatory Response
CPX-2176,GO:0006954,Inflammatory Response
CPX-2674,GO:0006954,Inflammatory Response
DYRK1A,GO:0006954,Inflammatory Response
MAPT,GO:0006954,Inflammatory Response
CPX-6232,GO:0006954,Inflammatory Response
CDK5,GO:0006954,Inflammatory Response
CPX-1017,GO:0006954,Inflammatory Response
SCARB2,GO:0006954,Inflammatory Response
CPX-52,GO:0006954,Inflammatory Response
MSN,GO:0006954,Inflammatory Response
GPX7,GO:0006954,Inflammatory Response
CPX-395,GO:0006954,Inflammatory Response
CD36,GO:0006954,Inflammatory Response
EGF,GO:0006954,Inflammatory Response
CPX-494,GO:0006954,Inflammatory Response
CPX-98,GO:0006954,Inflammatory Response
CPX-646,GO:0006954,Inflammatory Response
CCR5,GO:0006954,Inflammatory Response
RASA1,GO:0006954,Inflammatory Response
HP,GO:0006954,Inflammatory Response
HOMER2,GO:0006954,Inflammatory Response
CNTN2,GO:0006954,Inflammatory Response
IRS1,GO:0006954,Inflammatory Response
CPX-6018,GO:0006954,Inflammatory Response
CPX-6037,GO:0006954,Inflammatory Response
NRG1,GO:0006954,Inflammatory Response
FGF17,GO:0006954,Inflammatory Response
EPB41,GO:0006954,Inflammatory Response
LYN,GO:0006954,Inflammatory Response
CPX-791,GO:0006954,Inflammatory Response
PRKD2,GO:0006954,Inflammatory Response
STIM1,GO:0006954,Inflammatory Response
MYH10,GO:0006954,Inflammatory Response
MBD5,GO:0006954,Inflammatory Response
PIK3CB,GO:0006954,Inflammatory Response
IRAK3,GO:0043122,Regulation Of I-kappaB kinase/NF-kappaB Signaling
CYLD,GO:0043122,Regulation Of I-kappaB kinase/NF-kappaB Signaling
PADI4,GO:0043122,Regulation Of I-kappaB kinase/NF-kappaB Signaling
SAMD9L,GO:0043122,Regulation Of I-kappaB kinase/NF-kappaB Signaling
ZC3H12A,GO:0043122,Regulation Of I-kappaB kinase/NF-kappaB Signaling
TLR8,GO:0043122,Regulation Of I-kappaB kinase/NF-kappaB Signaling
ADGRE2,GO:0043122,Regulation Of I-kappaB kinase/NF-kappaB Signaling
LTA,GO:0043122,Regulation Of I-kappaB kinase/NF-kappaB Signaling
CIITA,GO:0043122,Regulation Of I-kappaB kinase/NF-kappaB Signaling
MAP3K8,GO:0043122,Regulation Of I-kappaB kinase/NF-kappaB Signaling
CPX-1877,GO:0043122,Regulation Of I-kappaB kinase/NF-kappaB Signaling
CUEDC2,GO:0043122,Regulation Of I-kappaB kinase/NF-kappaB Signaling
KLF15,GO:0043122,Regulation Of I-kappaB kinase/NF-kappaB Signaling
CPX-6503,GO:0043122,Regulation Of I-kappaB kinase/NF-kappaB Signaling
RIPK2,GO:0043122,Regulation Of I-kappaB kinase/NF-kappaB Signaling
CASP10,GO:0043122,Regulation Of I-kappaB kinase/NF-kappaB Signaling
CPX-3905,GO:0043122,Regulation Of I-kappaB kinase/NF-kappaB Signaling
CASP14,GO:0043122,Regulation Of I-kappaB kinase/NF-kappaB Signaling
MALT1,GO:0043122,Regulation Of I-kappaB kinase/NF-kappaB Signaling
SPRY2,GO:0043122,Regulation Of I-kappaB kinase/NF-kappaB Signaling
ITK,GO:0043122,Regulation Of I-kappaB kinase/NF-kappaB Signaling
MS4A1,GO:0043122,Regulation Of I-kappaB kinase/NF-kappaB Signaling
DOCK2,GO:0043122,Regulation Of I-kappaB kinase/NF-kappaB Signaling
EDAR,GO:0043122,Regulation Of I-kappaB kinase/NF-kappaB Signaling
MAP3K14,GO:0043122,Regulation Of I-kappaB kinase/NF-kappaB Signaling
CPX-2473,GO:0043122,Regulation Of I-kappaB kinase/NF-kappaB Signaling
CPX-2484,GO:0043122,Regulation Of I-kappaB kinase/NF-kappaB Signaling
CPX-2485,GO:0043122,Regulation Of I-kappaB kinase/NF-kappaB Signaling
CPX-2487,GO:0043122,Regulation Of I-kappaB kinase/NF-kappaB Signaling
USP18,GO:0043122,Regulation Of I-kappaB kinase/NF-kappaB Signaling
PIM1,GO:0043122,Regulation Of I-kappaB kinase/NF-kappaB Signaling
IRS4,GO:0043122,Regulation Of I-kappaB kinase/NF-kappaB Signaling
PARP9,GO:0043122,Regulation Of I-kappaB kinase/NF-kappaB Signaling
SARM1,GO:0043122,Regulation Of I-kappaB kinase/NF-kappaB Signaling
ZNFX1,GO:0043122,Regulation Of I-kappaB kinase/NF-kappaB Signaling
TNFRSF17,GO:0043122,Regulation Of I-kappaB kinase/NF-kappaB Signaling
FGFR1OP2,GO:0043122,Regulation Of I-kappaB kinase/NF-kappaB Signaling
TRAF3IP2,GO:0043122,Regulation Of I-kappaB kinase/NF-kappaB Signaling
CRLF1,GO:0043122,Regulation Of I-kappaB kinase/NF-kappaB Signaling
RNF216,GO:0043122,Regulation Of I-kappaB kinase/NF-kappaB Signaling
CDKL2,GO:0043122,Regulation Of I-kappaB kinase/NF-kappaB Signaling
EI24,GO:0043122,Regulation Of I-kappaB kinase/NF-kappaB Signaling
CARD8,GO:0043122,Regulation Of I-kappaB kinase/NF-kappaB Signaling
CYP2C9,GO:0019585,Glucuronate Metabolic Process
CYP2C19,GO:0019585,Glucuronate Metabolic Process
CPX-5225,GO:0019585,Glucuronate Metabolic Process
LRTOMT,GO:0019585,Glucuronate Metabolic Process
CYP1A2,GO:0019585,Glucuronate Metabolic Process
COMT,GO:0019585,Glucuronate Metabolic Process
CYP2A6,GO:0019585,Glucuronate Metabolic Process
CYP2D6,GO:0019585,Glucuronate Metabolic Process
ABCB1,GO:0019585,Glucuronate Metabolic Process
CPX-517,GO:0019585,Glucuronate Metabolic Process
SI,GO:0019585,Glucuronate Metabolic Process
UGT1A6,GO:0019585,Glucuronate Metabolic Process
CPX-8552,GO:0019585,Glucuronate Metabolic Process
CPX-8557,GO:0019585,Glucuronate Metabolic Process
CPX-8563,GO:0019585,Glucuronate Metabolic Process
UGT1A10,GO:0019585,Glucuronate Metabolic Process
NR1I3,GO:0019585,Glucuronate Metabolic Process
UGT1A4,GO:0019585,Glucuronate Metabolic Process
UGT1A7,GO:0019585,Glucuronate Metabolic Process
UGT1A8,GO:0019585,Glucuronate Metabolic Process
AKR1C1,GO:0019585,Glucuronate Metabolic Process
CYP1A1,GO:0019585,Glucuronate Metabolic Process
BLVRA,GO:0019585,Glucuronate Metabolic Process
CYP2E1,GO:0019585,Glucuronate Metabolic Process
CYP3A5,GO:0019585,Glucuronate Metabolic Process
SLCO1B3,GO:0019585,Glucuronate Metabolic Process
UGT2B10,GO:0019585,Glucuronate Metabolic Process
CBR1,GO:0019585,Glucuronate Metabolic Process
CPX-8562,GO:0019585,Glucuronate Metabolic Process
UGT2B4,GO:0019585,Glucuronate Metabolic Process
UGT2B17,GO:0019585,Glucuronate Metabolic Process
UGT2B28,GO:0019585,Glucuronate Metabolic Process
UGT2B15,GO:0019585,Glucuronate Metabolic Process
CPX-8543,GO:0019585,Glucuronate Metabolic Process
CES1,GO:0019585,Glucuronate Metabolic Process
FMO3,GO:0019585,Glucuronate Metabolic Process
VKORC1,GO:0019585,Glucuronate Metabolic Process
SULT1A1,GO:0019585,Glucuronate Metabolic Process
CYP19A1,GO:0019585,Glucuronate Metabolic Process
ABCC1,GO:0019585,Glucuronate Metabolic Process
SLC35A2,GO:0019585,Glucuronate Metabolic Process
UGT1A3,GO:0019585,Glucuronate Metabolic Process
EPHX1,GO:0019585,Glucuronate Metabolic Process
ALDH1A1,GO:0019585,Glucuronate Metabolic Process
CYP2B6,GO:0019585,Glucuronate Metabolic Process
CYP2C8,GO:0019585,Glucuronate Metabolic Process
PTGS1,GO:0019585,Glucuronate Metabolic Process
SULT1E1,GO:0019585,Glucuronate Metabolic Process
HSD3B2,GO:0019585,Glucuronate Metabolic Process
AKR1C2,GO:0019585,Glucuronate Metabolic Process
PROS1,GO:0019585,Glucuronate Metabolic Process
HFE,GO:0019585,Glucuronate Metabolic Process
SRD5A3,GO:0019585,Glucuronate Metabolic Process
AKR1C4,GO:0019585,Glucuronate Metabolic Process
B3GAT3,GO:0019585,Glucuronate Metabolic Process
CES2,GO:0019585,Glucuronate Metabolic Process
UGT2A1,GO:0019585,Glucuronate Metabolic Process
CPX-793,GO:0006974,DNA Damage Response
LIG1,GO:0006974,DNA Damage Response
NEIL1,GO:0006974,DNA Damage Response
CPX-1099,GO:0006974,DNA Damage Response
XPA,GO:0006974,DNA Damage Response
CPX-2395,GO:0006974,DNA Damage Response
CPX-900,GO:0006974,DNA Damage Response
CPX-1004,GO:0006974,DNA Damage Response
CPX-2512,GO:0006974,DNA Damage Response
TXN2,GO:0006974,DNA Damage Response
CPX-2219,GO:0006974,DNA Damage Response
CPX-2399,GO:0006974,DNA Damage Response
CPX-2403,GO:0006974,DNA Damage Response
CPX-2405,GO:0006974,DNA Damage Response
CPX-2411,GO:0006974,DNA Damage Response
CPX-2413,GO:0006974,DNA Damage Response
CPX-2415,GO:0006974,DNA Damage Response
CPX-2759,GO:0006974,DNA Damage Response
CPX-2769,GO:0006974,DNA Damage Response
CPX-2782,GO:0006974,DNA Damage Response
CPX-2784,GO:0006974,DNA Damage Response
CPX-2785,GO:0006974,DNA Damage Response
CPX-2787,GO:0006974,DNA Damage Response
CPX-2795,GO:0006974,DNA Damage Response
CPX-2797,GO:0006974,DNA Damage Response
CPX-2799,GO:0006974,DNA Damage Response
CPX-2817,GO:0006974,DNA Damage Response
CPX-3291,GO:0006974,DNA Damage Response
CPX-477,GO:0006974,DNA Damage Response
CPX-7761,GO:0006974,DNA Damage Response
CPX-7923,GO:0006974,DNA Damage Response
CPX-7924,GO:0006974,DNA Damage Response
CPX-7971,GO:0006974,DNA Damage Response
CPX-7977,GO:0006974,DNA Damage Response
CPX-8002,GO:0006974,DNA Damage Response
AMER1,GO:0006974,DNA Damage Response
PSMB8,GO:0006974,DNA Damage Response
PSMB11,GO:0006974,DNA Damage Response
CPX-308,GO:0006974,DNA Damage Response
CDK8,GO:0006974,DNA Damage Response
CPX-974,GO:0006974,DNA Damage Response
MAMLD1,GO:0006974,DNA Damage Response
CPX-1969,GO:0006974,DNA Damage Response
CPX-330,GO:0006974,DNA Damage Response
MAML2,GO:0006974,DNA Damage Response
CPX-2381,GO:0006974,DNA Damage Response
CPX-3223,GO:0006974,DNA Damage Response
CPX-415,GO:0006974,DNA Damage Response
CPX-7931,GO:0006974,DNA Damage Response
CPX-659,GO:0006974,DNA Damage Response
CPX-1878,GO:0006974,DNA Damage Response
CPX-1879,GO:0006974,DNA Damage Response
CPX-2108,GO:0006974,DNA Damage Response
USP1,GO:0006974,DNA Damage Response
CPX-4526,GO:0006974,DNA Damage Response
CPX-2097,GO:0006974,DNA Damage Response
UBE2T,GO:0006974,DNA Damage Response
CPX-2940,GO:0006974,DNA Damage Response
CPX-1880,GO:0006974,DNA Damage Response
CPX-787,GO:0006974,DNA Damage Response
MCM10,GO:0006974,DNA Damage Response
HINT1,GO:0006974,DNA Damage Response
SPOP,GO:0006974,DNA Damage Response
APOBEC3G,GO:0006974,DNA Damage Response
CPX-439,GO:0006974,DNA Damage Response
CDK7,GO:0006974,DNA Damage Response
CPX-578,GO:0006974,DNA Damage Response
ROBO3,GO:0006974,DNA Damage Response
APOBEC3F,GO:0006974,DNA Damage Response
CPX-2392,GO:0006974,DNA Damage Response
CPX-2526,GO:0006974,DNA Damage Response
CPX-2712,GO:0006974,DNA Damage Response
SIAH1,GO:0006974,DNA Damage Response
CPX-2669,GO:0006974,DNA Damage Response
CPX-2672,GO:0006974,DNA Damage Response
TPP1,GO:0006974,DNA Damage Response
UBA1,GO:0006974,DNA Damage Response
CPX-241,GO:0006974,DNA Damage Response
CPX-359,GO:0006974,DNA Damage Response
SPRED1,GO:0006974,DNA Damage Response
ERCC5,GO:0006974,DNA Damage Response
UBE2A,GO:0006974,DNA Damage Response
SPRED2,GO:0006974,DNA Damage Response
ARIH1,GO:0006974,DNA Damage Response
TRAF7,GO:0006974,DNA Damage Response
FLI1,GO:0006974,DNA Damage Response
CPX-2831,GO:0006974,DNA Damage Response
MEIS2,GO:0006974,DNA Damage Response
LZTR1,GO:0006974,DNA Damage Response
ITCH,GO:0006974,DNA Damage Response
CPX-3224,GO:0006974,DNA Damage Response
GZF1,GO:0006974,DNA Damage Response
HTR1A,GO:0015085,Calcium Ion Transmembrane Transporter Activity
CPX-289,GO:0015085,Calcium Ion Transmembrane Transporter Activity
GRM1,GO:0015085,Calcium Ion Transmembrane Transporter Activity
PDYN,GO:0015085,Calcium Ion Transmembrane Transporter Activity
TRPA1,GO:0015085,Calcium Ion Transmembrane Transporter Activity
STX1A,GO:0015085,Calcium Ion Transmembrane Transporter Activity
DSC2,GO:0015085,Calcium Ion Transmembrane Transporter Activity
DSC3,GO:0015085,Calcium Ion Transmembrane Transporter Activity
MAG,GO:0015085,Calcium Ion Transmembrane Transporter Activity
KIF1A,GO:0015085,Calcium Ion Transmembrane Transporter Activity
GRK4,GO:0015085,Calcium Ion Transmembrane Transporter Activity
DSP,GO:0015085,Calcium Ion Transmembrane Transporter Activity
SPINT2,GO:0015085,Calcium Ion Transmembrane Transporter Activity
ANTXR1,GO:0015085,Calcium Ion Transmembrane Transporter Activity
ANTXR2,GO:0015085,Calcium Ion Transmembrane Transporter Activity
CAPN3,GO:0015085,Calcium Ion Transmembrane Transporter Activity
P2RX4,GO:0015085,Calcium Ion Transmembrane Transporter Activity
MAGI2,GO:0015085,Calcium Ion Transmembrane Transporter Activity
SLC9A1,GO:0015085,Calcium Ion Transmembrane Transporter Activity
TRPV4,GO:0015085,Calcium Ion Transmembrane Transporter Activity
TRPC3,GO:0015085,Calcium Ion Transmembrane Transporter Activity
ITPR2,GO:0015085,Calcium Ion Transmembrane Transporter Activity
MYLK3,GO:0015085,Calcium Ion Transmembrane Transporter Activity
LITAF,GO:0015085,Calcium Ion Transmembrane Transporter Activity
MCTP2,GO:0015085,Calcium Ion Transmembrane Transporter Activity
IGBP1,GO:0015085,Calcium Ion Transmembrane Transporter Activity
CAMK1D,GO:0015085,Calcium Ion Transmembrane Transporter Activity
RASGRP1,GO:0015085,Calcium Ion Transmembrane Transporter Activity
PACS2,GO:0015085,Calcium Ion Transmembrane Transporter Activity
ORAI1,GO:0015085,Calcium Ion Transmembrane Transporter Activity
MIB1,GO:0015085,Calcium Ion Transmembrane Transporter Activity
MCOLN1,GO:0015085,Calcium Ion Transmembrane Transporter Activity
GJB1,GO:0015085,Calcium Ion Transmembrane Transporter Activity
IL1RAPL1,GO:0015085,Calcium Ion Transmembrane Transporter Activity
CAMK1G,GO:0015085,Calcium Ion Transmembrane Transporter Activity
CAMKK1,GO:0015085,Calcium Ion Transmembrane Transporter Activity
PHKG2,GO:0015085,Calcium Ion Transmembrane Transporter Activity
PHKB,GO:0015085,Calcium Ion Transmembrane Transporter Activity
PHKA1,GO:0015085,Calcium Ion Transmembrane Transporter Activity
PHKG1,GO:0015085,Calcium Ion Transmembrane Transporter Activity
MYLK4,GO:0015085,Calcium Ion Transmembrane Transporter Activity
DCLK2,GO:0015085,Calcium Ion Transmembrane Transporter Activity
CHN1,GO:0015085,Calcium Ion Transmembrane Transporter Activity
TRPV6,GO:0015085,Calcium Ion Transmembrane Transporter Activity
NEB,GO:0015085,Calcium Ion Transmembrane Transporter Activity
MYOF,GO:0015085,Calcium Ion Transmembrane Transporter Activity
MIP,GO:0015085,Calcium Ion Transmembrane Transporter Activity
DRD4,GO:0099589,Serotonin Receptor Activity
GNB3,GO:0099589,Serotonin Receptor Activity
SLC6A4,GO:0099589,Serotonin Receptor Activity
GNB5,GO:0099589,Serotonin Receptor Activity
CPX-2175,GO:0099589,Serotonin Receptor Activity
CPX-271,GO:0099589,Serotonin Receptor Activity
CPX-272,GO:0099589,Serotonin Receptor Activity
CPX-273,GO:0099589,Serotonin Receptor Activity
CPX-276,GO:0099589,Serotonin Receptor Activity
DRD2,GO:0099589,Serotonin Receptor Activity
DRD5,GO:0099589,Serotonin Receptor Activity
ANKK1,GO:0099589,Serotonin Receptor Activity
GNAI3,GO:0099589,Serotonin Receptor Activity
DRD3,GO:0099589,Serotonin Receptor Activity
DRD1,GO:0099589,Serotonin Receptor Activity
GRM2,GO:0099589,Serotonin Receptor Activity
CUX2,GO:0099589,Serotonin Receptor Activity
CPX-210,GO:0099589,Serotonin Receptor Activity
HTR2C,GO:0099589,Serotonin Receptor Activity
ADCY1,GO:0099589,Serotonin Receptor Activity
CHRM2,GO:0099589,Serotonin Receptor Activity
TTC12,GO:0099589,Serotonin Receptor Activity
THAP1,GO:0099589,Serotonin Receptor Activity
HRH3,GO:0099589,Serotonin Receptor Activity
DPP10,GO:0099589,Serotonin Receptor Activity
HRH1,GO:0099589,Serotonin Receptor Activity
OPRM1,GO:0099589,Serotonin Receptor Activity
HTR2A,GO:0099589,Serotonin Receptor Activity
HTR2B,GO:0099589,Serotonin Receptor Activity
HTR1E,GO:0099589,Serotonin Receptor Activity
CHRM1,GO:0099589,Serotonin Receptor Activity
GRIA3,GO:0099589,Serotonin Receptor Activity
CHRM3,GO:0099589,Serotonin Receptor Activity
CPX-2179,GO:0099589,Serotonin Receptor Activity
CPX-255,GO:0099589,Serotonin Receptor Activity
MAP3K11,GO:0099589,Serotonin Receptor Activity
CHRM5,GO:0099589,Serotonin Receptor Activity
CHRM4,GO:0099589,Serotonin Receptor Activity
KCNQ4,GO:0099589,Serotonin Receptor Activity
PRKAG2,GO:0099589,Serotonin Receptor Activity
TACR1,GO:0099589,Serotonin Receptor Activity
GPER1,GO:0099589,Serotonin Receptor Activity
GRID2,GO:0099589,Serotonin Receptor Activity
CACNG2,GO:0099589,Serotonin Receptor Activity
SLURP1,GO:0099589,Serotonin Receptor Activity
MTM1,GO:0099589,Serotonin Receptor Activity
DPAGT1,GO:0099589,Serotonin Receptor Activity
CPX-6190,GO:0099589,Serotonin Receptor Activity
TNNT3,GO:0099589,Serotonin Receptor Activity
KCNJ16,GO:0099589,Serotonin Receptor Activity
CPX-5021,GO:0099589,Serotonin Receptor Activity
PMP22,GO:0099589,Serotonin Receptor Activity
RASGRP3,GO:0099589,Serotonin Receptor Activity
GPHN,GO:0099589,Serotonin Receptor Activity
RIMS2,GO:0099589,Serotonin Receptor Activity
CPX-7844,GO:0099589,Serotonin Receptor Activity
TMEM260,GO:0099589,Serotonin Receptor Activity
DAOA,GO:0099589,Serotonin Receptor Activity
CPX-7724,GO:0034364,High-Density Lipoprotein Particle
GHSR,GO:0034364,High-Density Lipoprotein Particle
EDN3,GO:0034364,High-Density Lipoprotein Particle
ADRA2B,GO:0034364,High-Density Lipoprotein Particle
CYSLTR2,GO:0034364,High-Density Lipoprotein Particle
EDNRB,GO:0034364,High-Density Lipoprotein Particle
PYGM,GO:0034364,High-Density Lipoprotein Particle
LPAR6,GO:0034364,High-Density Lipoprotein Particle
IAPP,GO:0034364,High-Density Lipoprotein Particle
CP,GO:0034364,High-Density Lipoprotein Particle
SLC25A4,GO:0034364,High-Density Lipoprotein Particle
ATP13A2,GO:0034364,High-Density Lipoprotein Particle
P2RY11,GO:0034364,High-Density Lipoprotein Particle
AVP,GO:0034364,High-Density Lipoprotein Particle
TRHR,GO:0034364,High-Density Lipoprotein Particle
PYGL,GO:0034364,High-Density Lipoprotein Particle
PYGB,GO:0034364,High-Density Lipoprotein Particle
SLC40A1,GO:0034364,High-Density Lipoprotein Particle
ATP12A,GO:0034364,High-Density Lipoprotein Particle
PON1,GO:0034364,High-Density Lipoprotein Particle
CPX-2160,GO:0034364,High-Density Lipoprotein Particle
SSTR1,GO:0034364,High-Density Lipoprotein Particle
TBXA2R,GO:0034364,High-Density Lipoprotein Particle
AAK1,GO:0034364,High-Density Lipoprotein Particle
AVPR2,GO:0034364,High-Density Lipoprotein Particle
NPC1,GO:0034364,High-Density Lipoprotein Particle
SLC16A1,GO:0034364,High-Density Lipoprotein Particle
CPX-1780,GO:0034364,High-Density Lipoprotein Particle
CPX-1784,GO:0034364,High-Density Lipoprotein Particle
CD55,GO:0034364,High-Density Lipoprotein Particle
CETP,GO:0034364,High-Density Lipoprotein Particle
APOC3,GO:0034364,High-Density Lipoprotein Particle
SERPINF1,GO:0034364,High-Density Lipoprotein Particle
APCS,GO:0034364,High-Density Lipoprotein Particle
LCAT,GO:0034364,High-Density Lipoprotein Particle
LIPC,GO:0034364,High-Density Lipoprotein Particle
CPX-1922,GO:0034364,High-Density Lipoprotein Particle
CPX-6225,GO:0034364,High-Density Lipoprotein Particle
SERPINF2,GO:0034364,High-Density Lipoprotein Particle
CPX-1766,GO:0034364,High-Density Lipoprotein Particle
CPX-390,GO:0034364,High-Density Lipoprotein Particle
CPX-391,GO:0034364,High-Density Lipoprotein Particle
CPX-6205,GO:0034364,High-Density Lipoprotein Particle
APOA5,GO:0034364,High-Density Lipoprotein Particle
APOC2,GO:0034364,High-Density Lipoprotein Particle
SPAST,GO:0034364,High-Density Lipoprotein Particle
GPR17,GO:0034364,High-Density Lipoprotein Particle
ADORA3,GO:0034364,High-Density Lipoprotein Particle
CDKAL1,GO:0034364,High-Density Lipoprotein Particle
LHCGR,GO:0034364,High-Density Lipoprotein Particle
CTSG,GO:0034364,High-Density Lipoprotein Particle
CPN1,GO:0034364,High-Density Lipoprotein Particle
NEUROG3,GO:0034364,High-Density Lipoprotein Particle
CPX-1919,GO:0034364,High-Density Lipoprotein Particle
HCRTR2,GO:0034364,High-Density Lipoprotein Particle
CPX-1723,GO:0034364,High-Density Lipoprotein Particle
KIF5C,GO:0034364,High-Density Lipoprotein Particle
CFD,GO:0034364,High-Density Lipoprotein Particle
AGK,GO:0034364,High-Density Lipoprotein Particle
FOXE1,GO:0034364,High-Density Lipoprotein Particle
PRKAR2A,GO:0034364,High-Density Lipoprotein Particle
PRSS12,GO:0034364,High-Density Lipoprotein Particle
DCT,GO:0034364,High-Density Lipoprotein Particle
FGD1,GO:0034364,High-Density Lipoprotein Particle
PRKX,GO:0034364,High-Density Lipoprotein Particle
PLD3,GO:0034364,High-Density Lipoprotein Particle
SBF1,GO:0034364,High-Density Lipoprotein Particle
PITRM1,GO:0034364,High-Density Lipoprotein Particle
ADGRG6,GO:0034364,High-Density Lipoprotein Particle
CD59,GO:0034364,High-Density Lipoprotein Particle
CPX-5055,GO:0034364,High-Density Lipoprotein Particle
SMO,GO:0004252,Serine-Type Endopeptidase Activity
PDGFRB,GO:0004252,Serine-Type Endopeptidase Activity
CCR2,GO:0004252,Serine-Type Endopeptidase Activity
FKBP5,GO:0004252,Serine-Type Endopeptidase Activity
TUBB1,GO:0004252,Serine-Type Endopeptidase Activity
TUBA3D,GO:0004252,Serine-Type Endopeptidase Activity
SGK1,GO:0004252,Serine-Type Endopeptidase Activity
PRKCZ,GO:0004252,Serine-Type Endopeptidase Activity
MAPK9,GO:0004252,Serine-Type Endopeptidase Activity
CPX-5150,GO:0004252,Serine-Type Endopeptidase Activity
MPO,GO:0004252,Serine-Type Endopeptidase Activity
EIF2AK3,GO:0004252,Serine-Type Endopeptidase Activity
OCLN,GO:0004252,Serine-Type Endopeptidase Activity
ADIPOQ,GO:0004252,Serine-Type Endopeptidase Activity
MET,GO:0004252,Serine-Type Endopeptidase Activity
CD24,GO:0004252,Serine-Type Endopeptidase Activity
CPX-5662,GO:0004252,Serine-Type Endopeptidase Activity
MMP1,GO:0004252,Serine-Type Endopeptidase Activity
CPX-5768,GO:0004252,Serine-Type Endopeptidase Activity
CPX-5769,GO:0004252,Serine-Type Endopeptidase Activity
HLA-A,GO:0004252,Serine-Type Endopeptidase Activity
TNFSF11,GO:0004252,Serine-Type Endopeptidase Activity
ACAN,GO:0004252,Serine-Type Endopeptidase Activity
SMN1,GO:0004252,Serine-Type Endopeptidase Activity
CD81,GO:0004252,Serine-Type Endopeptidase Activity
PPARD,GO:0004252,Serine-Type Endopeptidase Activity
HGF,GO:0004252,Serine-Type Endopeptidase Activity
EPO,GO:0004252,Serine-Type Endopeptidase Activity
CPX-475,GO:0004252,Serine-Type Endopeptidase Activity
CPX-2544,GO:0004252,Serine-Type Endopeptidase Activity
CPX-606,GO:0004252,Serine-Type Endopeptidase Activity
JAG1,GO:0004252,Serine-Type Endopeptidase Activity
CPX-1714,GO:0004252,Serine-Type Endopeptidase Activity
PTK2,GO:0004252,Serine-Type Endopeptidase Activity
ENG,GO:0004252,Serine-Type Endopeptidase Activity
BMPR2,GO:0004252,Serine-Type Endopeptidase Activity
CPX-6741,GO:0004252,Serine-Type Endopeptidase Activity
CPX-6743,GO:0004252,Serine-Type Endopeptidase Activity
IDO1,GO:0004252,Serine-Type Endopeptidase Activity
LEPR,GO:0004252,Serine-Type Endopeptidase Activity
AQP5,GO:0004252,Serine-Type Endopeptidase Activity
CTSK,GO:0004252,Serine-Type Endopeptidase Activity
CA9,GO:0004252,Serine-Type Endopeptidase Activity
CD38,GO:0004252,Serine-Type Endopeptidase Activity
FCGR3A,GO:0004252,Serine-Type Endopeptidase Activity
CPX-1825,GO:0004252,Serine-Type Endopeptidase Activity
CPX-1827,GO:0004252,Serine-Type Endopeptidase Activity
CPX-1828,GO:0004252,Serine-Type Endopeptidase Activity
MITF,GO:0004252,Serine-Type Endopeptidase Activity
KITLG,GO:0004252,Serine-Type Endopeptidase Activity
ELANE,GO:0004252,Serine-Type Endopeptidase Activity
MMP3,GO:0004252,Serine-Type Endopeptidase Activity
PTGES,GO:0004252,Serine-Type Endopeptidase Activity
SPARC,GO:0004252,Serine-Type Endopeptidase Activity
MMP7,GO:0004252,Serine-Type Endopeptidase Activity
BIRC3,GO:0004252,Serine-Type Endopeptidase Activity
MMP14,GO:0004252,Serine-Type Endopeptidase Activity
RPS6KB2,GO:0004252,Serine-Type Endopeptidase Activity
PCSK1,GO:0004252,Serine-Type Endopeptidase Activity
AKT3,GO:0004252,Serine-Type Endopeptidase Activity
ELP1,GO:0004252,Serine-Type Endopeptidase Activity
NCKIPSD,GO:0004252,Serine-Type Endopeptidase Activity
CORO1A,GO:0004252,Serine-Type Endopeptidase Activity
LCP1,GO:0004252,Serine-Type Endopeptidase Activity
TUB,GO:0004252,Serine-Type Endopeptidase Activity
TOR1AIP1,GO:0004252,Serine-Type Endopeptidase Activity
SVIL,GO:0004252,Serine-Type Endopeptidase Activity
VPS13A,GO:0004252,Serine-Type Endopeptidase Activity
DES,GO:0004252,Serine-Type Endopeptidase Activity
FAT4,GO:0004252,Serine-Type Endopeptidase Activity
SNRK,GO:0004252,Serine-Type Endopeptidase Activity
CLDN3,GO:0004252,Serine-Type Endopeptidase Activity
MARK1,GO:0004252,Serine-Type Endopeptidase Activity
DLX5,GO:0004252,Serine-Type Endopeptidase Activity
CPX-5226,GO:0031966,Mitochondrial Membrane
RETREG1,GO:0031966,Mitochondrial Membrane
ARL6IP1,GO:0031966,Mitochondrial Membrane
CPX-2652,GO:0031966,Mitochondrial Membrane
DHFR,GO:0031966,Mitochondrial Membrane
SPG21,GO:0031966,Mitochondrial Membrane
HSPE1,GO:0031966,Mitochondrial Membrane
MKKS,GO:0031966,Mitochondrial Membrane
ACOX1,GO:0031966,Mitochondrial Membrane
GOT2,GO:0031966,Mitochondrial Membrane
G6PC3,GO:0031966,Mitochondrial Membrane
CPT1B,GO:0031966,Mitochondrial Membrane
CPX-2252,GO:0031966,Mitochondrial Membrane
ATAD1,GO:0031966,Mitochondrial Membrane
DHPS,GO:0031966,Mitochondrial Membrane
NNT,GO:0031966,Mitochondrial Membrane
GK,GO:0031966,Mitochondrial Membrane
CRABP2,GO:0031966,Mitochondrial Membrane
SLC6A9,GO:0031966,Mitochondrial Membrane
YME1L1,GO:0031966,Mitochondrial Membrane
IMPDH2,GO:0031966,Mitochondrial Membrane
NAPRT,GO:0031966,Mitochondrial Membrane
GYS2,GO:0031966,Mitochondrial Membrane
PRUNE1,GO:0031966,Mitochondrial Membrane
LIPT1,GO:0031966,Mitochondrial Membrane
CARS1,GO:0031966,Mitochondrial Membrane
OLA1,GO:0031966,Mitochondrial Membrane
WARS1,GO:0031966,Mitochondrial Membrane
UBA5,GO:0031966,Mitochondrial Membrane
RIOK2,GO:0031966,Mitochondrial Membrane
LYRM7,GO:0031966,Mitochondrial Membrane
AFG3L2,GO:0031966,Mitochondrial Membrane
TBX22,GO:0031966,Mitochondrial Membrane
MPST,GO:0031966,Mitochondrial Membrane
DCTPP1,GO:0031966,Mitochondrial Membrane
LRPPRC,GO:0031966,Mitochondrial Membrane
CPX-8923,GO:0031966,Mitochondrial Membrane
PUS7,GO:0031966,Mitochondrial Membrane
MIEF2,GO:0031966,Mitochondrial Membrane
ERMARD,GO:0031966,Mitochondrial Membrane
BBS10,GO:0031966,Mitochondrial Membrane
SQOR,GO:0031966,Mitochondrial Membrane
GNAS,GO:0060548,Negative Regulation Of Cell Death
SLC6A2,GO:0060548,Negative Regulation Of Cell Death
CPX-1062,GO:0060548,Negative Regulation Of Cell Death
CPX-1069,GO:0060548,Negative Regulation Of Cell Death
CPX-1070,GO:0060548,Negative Regulation Of Cell Death
CPX-1120,GO:0060548,Negative Regulation Of Cell Death
CPX-1134,GO:0060548,Negative Regulation Of Cell Death
CPX-1180,GO:0060548,Negative Regulation Of Cell Death
SIGMAR1,GO:0060548,Negative Regulation Of Cell Death
SAG,GO:0060548,Negative Regulation Of Cell Death
APOE,GO:0060548,Negative Regulation Of Cell Death
VAMP2,GO:0060548,Negative Regulation Of Cell Death
CPX-873,GO:0060548,Negative Regulation Of Cell Death
ALB,GO:0060548,Negative Regulation Of Cell Death
JUP,GO:0060548,Negative Regulation Of Cell Death
CPX-5381,GO:0060548,Negative Regulation Of Cell Death
CPX-973,GO:0060548,Negative Regulation Of Cell Death
CPX-2897,GO:0060548,Negative Regulation Of Cell Death
CPX-4231,GO:0060548,Negative Regulation Of Cell Death
CPX-7843,GO:0060548,Negative Regulation Of Cell Death
PPP1CB,GO:0060548,Negative Regulation Of Cell Death
CBS,GO:0060548,Negative Regulation Of Cell Death
PRKCA,GO:0060548,Negative Regulation Of Cell Death
CPX-3762,GO:0060548,Negative Regulation Of Cell Death
PTGS2,GO:0060548,Negative Regulation Of Cell Death
DNAJB6,GO:0060548,Negative Regulation Of Cell Death
HSP90B1,GO:0060548,Negative Regulation Of Cell Death
BAG3,GO:0060548,Negative Regulation Of Cell Death
TTR,GO:0060548,Negative Regulation Of Cell Death
CPX-5675,GO:0060548,Negative Regulation Of Cell Death
ADCY10,GO:0060548,Negative Regulation Of Cell Death
FIG4,GO:0060548,Negative Regulation Of Cell Death
VAPB,GO:0060548,Negative Regulation Of Cell Death
ANXA11,GO:0060548,Negative Regulation Of Cell Death
ACTC1,GO:0060548,Negative Regulation Of Cell Death
SNCA,GO:0060548,Negative Regulation Of Cell Death
HDAC10,GO:0000977,RNA Polymerase II Transcription Regulatory Region Sequence-Specific DNA Binding
TGIF1,GO:0000977,RNA Polymerase II Transcription Regulatory Region Sequence-Specific DNA Binding
KLF6,GO:0000977,RNA Polymerase II Transcription Regulatory Region Sequence-Specific DNA Binding
TLX1,GO:0000977,RNA Polymerase II Transcription Regulatory Region Sequence-Specific DNA Binding
POU2F1,GO:0000977,RNA Polymerase II Transcription Regulatory Region Sequence-Specific DNA Binding
TRPS1,GO:0000977,RNA Polymerase II Transcription Regulatory Region Sequence-Specific DNA Binding
TP63,GO:0000977,RNA Polymerase II Transcription Regulatory Region Sequence-Specific DNA Binding
CPX-6472,GO:0000977,RNA Polymerase II Transcription Regulatory Region Sequence-Specific DNA Binding
CPX-6529,GO:0000977,RNA Polymerase II Transcription Regulatory Region Sequence-Specific DNA Binding
CPX-6589,GO:0000977,RNA Polymerase II Transcription Regulatory Region Sequence-Specific DNA Binding
CPX-7010,GO:0000977,RNA Polymerase II Transcription Regulatory Region Sequence-Specific DNA Binding
CPX-7067,GO:0000977,RNA Polymerase II Transcription Regulatory Region Sequence-Specific DNA Binding
CPX-7099,GO:0000977,RNA Polymerase II Transcription Regulatory Region Sequence-Specific DNA Binding
CPX-912,GO:0000977,RNA Polymerase II Transcription Regulatory Region Sequence-Specific DNA Binding
TP73,GO:0000977,RNA Polymerase II Transcription Regulatory Region Sequence-Specific DNA Binding
MAP2K5,GO:0000977,RNA Polymerase II Transcription Regulatory Region Sequence-Specific DNA Binding
MAP3K10,GO:0000977,RNA Polymerase II Transcription Regulatory Region Sequence-Specific DNA Binding
TCL1A,GO:0000977,RNA Polymerase II Transcription Regulatory Region Sequence-Specific DNA Binding
TRIM27,GO:0000977,RNA Polymerase II Transcription Regulatory Region Sequence-Specific DNA Binding
CHD5,GO:0000977,RNA Polymerase II Transcription Regulatory Region Sequence-Specific DNA Binding
GATAD1,GO:0000977,RNA Polymerase II Transcription Regulatory Region Sequence-Specific DNA Binding
ZBTB7A,GO:0000977,RNA Polymerase II Transcription Regulatory Region Sequence-Specific DNA Binding
ZNF521,GO:0000977,RNA Polymerase II Transcription Regulatory Region Sequence-Specific DNA Binding
NKX3-2,GO:0000977,RNA Polymerase II Transcription Regulatory Region Sequence-Specific DNA Binding
SATB1,GO:0000977,RNA Polymerase II Transcription Regulatory Region Sequence-Specific DNA Binding
FOXP1,GO:0000977,RNA Polymerase II Transcription Regulatory Region Sequence-Specific DNA Binding
CPX-2471,GO:0000977,RNA Polymerase II Transcription Regulatory Region Sequence-Specific DNA Binding
CPX-2482,GO:0000977,RNA Polymerase II Transcription Regulatory Region Sequence-Specific DNA Binding
CPX-7093,GO:0000977,RNA Polymerase II Transcription Regulatory Region Sequence-Specific DNA Binding
CHD2,GO:0000977,RNA Polymerase II Transcription Regulatory Region Sequence-Specific DNA Binding
MAPKBP1,GO:0000977,RNA Polymerase II Transcription Regulatory Region Sequence-Specific DNA Binding
MAP3K9,GO:0000977,RNA Polymerase II Transcription Regulatory Region Sequence-Specific DNA Binding
MAP3K12,GO:0000977,RNA Polymerase II Transcription Regulatory Region Sequence-Specific DNA Binding
MAP3K13,GO:0000977,RNA Polymerase II Transcription Regulatory Region Sequence-Specific DNA Binding
NFIA,GO:0000977,RNA Polymerase II Transcription Regulatory Region Sequence-Specific DNA Binding
HUNK,GO:0000977,RNA Polymerase II Transcription Regulatory Region Sequence-Specific DNA Binding
ZNF750,GO:0000977,RNA Polymerase II Transcription Regulatory Region Sequence-Specific DNA Binding
IKZF5,GO:0000977,RNA Polymerase II Transcription Regulatory Region Sequence-Specific DNA Binding
USP27X,GO:0000977,RNA Polymerase II Transcription Regulatory Region Sequence-Specific DNA Binding
CPX-6841,GO:0046068,cGMP Metabolic Process
PDE10A,GO:0046068,cGMP Metabolic Process
CA4,GO:0046068,cGMP Metabolic Process
RD3,GO:0046068,cGMP Metabolic Process
ABCC5,GO:0046068,cGMP Metabolic Process
ABCC10,GO:0046068,cGMP Metabolic Process
SLC15A1,GO:0046068,cGMP Metabolic Process
SLC2A9,GO:0046068,cGMP Metabolic Process
WFS1,GO:0046068,cGMP Metabolic Process
PEX3,GO:0046068,cGMP Metabolic Process
GUCY2C,GO:0046068,cGMP Metabolic Process
PDE9A,GO:0046068,cGMP Metabolic Process
CPX-928,GO:0046068,cGMP Metabolic Process
PDE2A,GO:0046068,cGMP Metabolic Process
NT5C2,GO:0046068,cGMP Metabolic Process
NPR2,GO:0046068,cGMP Metabolic Process
PDE3A,GO:0046068,cGMP Metabolic Process
PDE7A,GO:0046068,cGMP Metabolic Process
ENPP3,GO:0046068,cGMP Metabolic Process
CPX-2860,GO:0046068,cGMP Metabolic Process
SERPINB6,GO:0046068,cGMP Metabolic Process
VSX2,GO:0046068,cGMP Metabolic Process
PRPF3,GO:0046068,cGMP Metabolic Process
IMPDH1,GO:0046068,cGMP Metabolic Process
TOPORS,GO:0046068,cGMP Metabolic Process
VSX1,GO:0046068,cGMP Metabolic Process
CPX-2536,GO:0046068,cGMP Metabolic Process
CPX-1908,GO:0046068,cGMP Metabolic Process
PNPLA4,GO:0046068,cGMP Metabolic Process
RIPOR2,GO:0046068,cGMP Metabolic Process
NMNAT1,GO:0046068,cGMP Metabolic Process
PDE6D,GO:0046068,cGMP Metabolic Process
PDE7B,GO:0046068,cGMP Metabolic Process
NUDT2,GO:0046068,cGMP Metabolic Process
EHBP1,GO:0046068,cGMP Metabolic Process
CPX-5044,GO:0046068,cGMP Metabolic Process
PNPLA6,GO:0046068,cGMP Metabolic Process
CPX-2806,GO:0046068,cGMP Metabolic Process
NEK4,GO:0046068,cGMP Metabolic Process
CRYBA1,GO:0046068,cGMP Metabolic Process
NIPAL4,GO:0046068,cGMP Metabolic Process
PDE8B,GO:0046068,cGMP Metabolic Process
PDE8A,GO:0046068,cGMP Metabolic Process
TECTA,GO:0046068,cGMP Metabolic Process
SLC26A8,GO:0046068,cGMP Metabolic Process
SLC20A2,GO:0046068,cGMP Metabolic Process
TTBK1,GO:0090501,RNA Phosphodiester Bond Hydrolysis
TRIM36,GO:0090501,RNA Phosphodiester Bond Hydrolysis
EPM2A,GO:0090501,RNA Phosphodiester Bond Hydrolysis
CPX-2342,GO:0090501,RNA Phosphodiester Bond Hydrolysis
CPX-2870,GO:0090501,RNA Phosphodiester Bond Hydrolysis
CPX-7341,GO:0090501,RNA Phosphodiester Bond Hydrolysis
TBL1Y,GO:0090501,RNA Phosphodiester Bond Hydrolysis
PHF23,GO:0090501,RNA Phosphodiester Bond Hydrolysis
SIRT5,GO:0090501,RNA Phosphodiester Bond Hydrolysis
PRDM5,GO:0090501,RNA Phosphodiester Bond Hydrolysis
GFI1B,GO:0090501,RNA Phosphodiester Bond Hydrolysis
OTUD5,GO:0090501,RNA Phosphodiester Bond Hydrolysis
MBTPS1,GO:0090501,RNA Phosphodiester Bond Hydrolysis
ABCA3,GO:0090501,RNA Phosphodiester Bond Hydrolysis
PTPN23,GO:0090501,RNA Phosphodiester Bond Hydrolysis
PTPN14,GO:0090501,RNA Phosphodiester Bond Hydrolysis
TNPO3,GO:0090501,RNA Phosphodiester Bond Hydrolysis
COX6A2,GO:0090501,RNA Phosphodiester Bond Hydrolysis
MKNK2,GO:0090501,RNA Phosphodiester Bond Hydrolysis
PADI3,GO:0090501,RNA Phosphodiester Bond Hydrolysis
MAP4K1,GO:0090501,RNA Phosphodiester Bond Hydrolysis
PGAP3,GO:0090501,RNA Phosphodiester Bond Hydrolysis
DBR1,GO:0090501,RNA Phosphodiester Bond Hydrolysis
TMEM127,GO:0090501,RNA Phosphodiester Bond Hydrolysis
TAOK1,GO:0090501,RNA Phosphodiester Bond Hydrolysis
CBFA2T3,GO:0090501,RNA Phosphodiester Bond Hydrolysis
PRDM6,GO:0090501,RNA Phosphodiester Bond Hydrolysis
NHLRC1,GO:0090501,RNA Phosphodiester Bond Hydrolysis
SOX6,GO:0090501,RNA Phosphodiester Bond Hydrolysis
RCOR3,GO:0090501,RNA Phosphodiester Bond Hydrolysis
RORB,GO:0090501,RNA Phosphodiester Bond Hydrolysis
CPX-6031,GO:0090501,RNA Phosphodiester Bond Hydrolysis
GDF3,GO:0090501,RNA Phosphodiester Bond Hydrolysis
CPX-2876,GO:0090501,RNA Phosphodiester Bond Hydrolysis
CPX-2877,GO:0090501,RNA Phosphodiester Bond Hydrolysis
ULK3,GO:0090501,RNA Phosphodiester Bond Hydrolysis
TCOF1,GO:0090501,RNA Phosphodiester Bond Hydrolysis
CIC,GO:0090501,RNA Phosphodiester Bond Hydrolysis
RSPO2,GO:0090501,RNA Phosphodiester Bond Hydrolysis
NUAK1,GO:0090501,RNA Phosphodiester Bond Hydrolysis
RIOK3,GO:0090501,RNA Phosphodiester Bond Hydrolysis
TFR2,GO:0090501,RNA Phosphodiester Bond Hydrolysis
MAPK4,GO:0090501,RNA Phosphodiester Bond Hydrolysis
WDR45B,GO:0090501,RNA Phosphodiester Bond Hydrolysis
DYRK1B,GO:0090501,RNA Phosphodiester Bond Hydrolysis
NEK10,GO:0090501,RNA Phosphodiester Bond Hydrolysis
PAX1,GO:0090501,RNA Phosphodiester Bond Hydrolysis
SIX1,GO:0090501,RNA Phosphodiester Bond Hydrolysis
CSNK1G1,GO:0090501,RNA Phosphodiester Bond Hydrolysis
STK35,GO:0090501,RNA Phosphodiester Bond Hydrolysis
ARHGAP20,GO:0090501,RNA Phosphodiester Bond Hydrolysis
TDRD9,GO:0090501,RNA Phosphodiester Bond Hydrolysis
SPATA5,GO:0090501,RNA Phosphodiester Bond Hydrolysis
SPATA5L1,GO:0090501,RNA Phosphodiester Bond Hydrolysis
PARN,GO:0090501,RNA Phosphodiester Bond Hydrolysis
TPP2,GO:0090501,RNA Phosphodiester Bond Hydrolysis
ADAMTSL2,GO:0090501,RNA Phosphodiester Bond Hydrolysis
SOX13,GO:0090501,RNA Phosphodiester Bond Hydrolysis
MID1,GO:0090501,RNA Phosphodiester Bond Hydrolysis
ADAMTS10,GO:0090501,RNA Phosphodiester Bond Hydrolysis
MRTFB,GO:0090501,RNA Phosphodiester Bond Hydrolysis
RHOBTB2,GO:0090501,RNA Phosphodiester Bond Hydrolysis
PERCC1,GO:0090501,RNA Phosphodiester Bond Hydrolysis
ADAMTSL4,GO:0090501,RNA Phosphodiester Bond Hydrolysis
ZNF699,GO:0090501,RNA Phosphodiester Bond Hydrolysis
CPX-6041,GO:0061629,RNA Polymerase II-specific DNA-binding Transcription Factor Binding
CPX-486,GO:0061629,RNA Polymerase II-specific DNA-binding Transcription Factor Binding
CPX-2236,GO:0061629,RNA Polymerase II-specific DNA-binding Transcription Factor Binding
CPX-8601,GO:0061629,RNA Polymerase II-specific DNA-binding Transcription Factor Binding
CPX-8604,GO:0061629,RNA Polymerase II-specific DNA-binding Transcription Factor Binding
CPX-8605,GO:0061629,RNA Polymerase II-specific DNA-binding Transcription Factor Binding
CPX-8606,GO:0061629,RNA Polymerase II-specific DNA-binding Transcription Factor Binding
CPX-8607,GO:0061629,RNA Polymerase II-specific DNA-binding Transcription Factor Binding
GSK3B,GO:0061629,RNA Polymerase II-specific DNA-binding Transcription Factor Binding
CPX-490,GO:0061629,RNA Polymerase II-specific DNA-binding Transcription Factor Binding
CPX-6420,GO:0061629,RNA Polymerase II-specific DNA-binding Transcription Factor Binding
CPX-6474,GO:0061629,RNA Polymerase II-specific DNA-binding Transcription Factor Binding
CPX-6562,GO:0061629,RNA Polymerase II-specific DNA-binding Transcription Factor Binding
CPX-7005,GO:0061629,RNA Polymerase II-specific DNA-binding Transcription Factor Binding
CPX-7063,GO:0061629,RNA Polymerase II-specific DNA-binding Transcription Factor Binding
CPX-7100,GO:0061629,RNA Polymerase II-specific DNA-binding Transcription Factor Binding
CPX-5828,GO:0061629,RNA Polymerase II-specific DNA-binding Transcription Factor Binding
CPX-5829,GO:0061629,RNA Polymerase II-specific DNA-binding Transcription Factor Binding
CPX-5834,GO:0061629,RNA Polymerase II-specific DNA-binding Transcription Factor Binding
NEDD4L,GO:0061629,RNA Polymerase II-specific DNA-binding Transcription Factor Binding
CPX-845,GO:0061629,RNA Polymerase II-specific DNA-binding Transcription Factor Binding
CPX-955,GO:0061629,RNA Polymerase II-specific DNA-binding Transcription Factor Binding
MAPK1,GO:0061629,RNA Polymerase II-specific DNA-binding Transcription Factor Binding
RPS6KB1,GO:0061629,RNA Polymerase II-specific DNA-binding Transcription Factor Binding
CREBBP,GO:0061629,RNA Polymerase II-specific DNA-binding Transcription Factor Binding
EP300,GO:0061629,RNA Polymerase II-specific DNA-binding Transcription Factor Binding
CPX-514,GO:0061629,RNA Polymerase II-specific DNA-binding Transcription Factor Binding
SQSTM1,GO:0061629,RNA Polymerase II-specific DNA-binding Transcription Factor Binding
CDK1,GO:0061629,RNA Polymerase II-specific DNA-binding Transcription Factor Binding
CPX-1195,GO:0061629,RNA Polymerase II-specific DNA-binding Transcription Factor Binding
CPX-1203,GO:0061629,RNA Polymerase II-specific DNA-binding Transcription Factor Binding
CPX-1212,GO:0061629,RNA Polymerase II-specific DNA-binding Transcription Factor Binding
CPX-1227,GO:0061629,RNA Polymerase II-specific DNA-binding Transcription Factor Binding
CPX-4223,GO:0061629,RNA Polymerase II-specific DNA-binding Transcription Factor Binding
CPX-978,GO:0061629,RNA Polymerase II-specific DNA-binding Transcription Factor Binding
CPX-6802,GO:0061629,RNA Polymerase II-specific DNA-binding Transcription Factor Binding
CPX-5993,GO:0061629,RNA Polymerase II-specific DNA-binding Transcription Factor Binding
CPX-8806,GO:0061629,RNA Polymerase II-specific DNA-binding Transcription Factor Binding
CPX-8084,GO:0061629,RNA Polymerase II-specific DNA-binding Transcription Factor Binding
CPX-8087,GO:0061629,RNA Polymerase II-specific DNA-binding Transcription Factor Binding
CPX-8097,GO:0061629,RNA Polymerase II-specific DNA-binding Transcription Factor Binding
CPX-8109,GO:0061629,RNA Polymerase II-specific DNA-binding Transcription Factor Binding
CPX-8123,GO:0061629,RNA Polymerase II-specific DNA-binding Transcription Factor Binding
CPX-8135,GO:0061629,RNA Polymerase II-specific DNA-binding Transcription Factor Binding
CPX-8241,GO:0061629,RNA Polymerase II-specific DNA-binding Transcription Factor Binding
CPX-8242,GO:0061629,RNA Polymerase II-specific DNA-binding Transcription Factor Binding
NFKBIA,GO:0061629,RNA Polymerase II-specific DNA-binding Transcription Factor Binding
CPX-5833,GO:0061629,RNA Polymerase II-specific DNA-binding Transcription Factor Binding
CPX-5837,GO:0061629,RNA Polymerase II-specific DNA-binding Transcription Factor Binding
CPX-5838,GO:0061629,RNA Polymerase II-specific DNA-binding Transcription Factor Binding
CPX-5832,GO:0061629,RNA Polymerase II-specific DNA-binding Transcription Factor Binding
CPX-5830,GO:0061629,RNA Polymerase II-specific DNA-binding Transcription Factor Binding
CXCL8,GO:0061629,RNA Polymerase II-specific DNA-binding Transcription Factor Binding
CPX-1,GO:0061629,RNA Polymerase II-specific DNA-binding Transcription Factor Binding
CPX-1123,GO:0061629,RNA Polymerase II-specific DNA-binding Transcription Factor Binding
JAK2,GO:0061629,RNA Polymerase II-specific DNA-binding Transcription Factor Binding
CPX-7381,GO:0061629,RNA Polymerase II-specific DNA-binding Transcription Factor Binding
CPX-91,GO:0061629,RNA Polymerase II-specific DNA-binding Transcription Factor Binding
CPX-937,GO:0061629,RNA Polymerase II-specific DNA-binding Transcription Factor Binding
CD4,GO:0061629,RNA Polymerase II-specific DNA-binding Transcription Factor Binding
TFRC,GO:0061629,RNA Polymerase II-specific DNA-binding Transcription Factor Binding
RHOA,GO:0061629,RNA Polymerase II-specific DNA-binding Transcription Factor Binding
UBE3A,GO:0061629,RNA Polymerase II-specific DNA-binding Transcription Factor Binding
CPX-7110,GO:0006338,Chromatin Remodeling
CPX-7111,GO:0006338,Chromatin Remodeling
HDAC7,GO:0006338,Chromatin Remodeling
CPX-104,GO:0006338,Chromatin Remodeling
CPX-2517,GO:0006338,Chromatin Remodeling
CPX-2548,GO:0006338,Chromatin Remodeling
CPX-2551,GO:0006338,Chromatin Remodeling
MLLT3,GO:0006338,Chromatin Remodeling
CPX-815,GO:0006338,Chromatin Remodeling
MECOM,GO:0006338,Chromatin Remodeling
CPX-2196,GO:0006338,Chromatin Remodeling
CPX-2212,GO:0006338,Chromatin Remodeling
CPX-2310,GO:0006338,Chromatin Remodeling
CPX-2318,GO:0006338,Chromatin Remodeling
CPX-2320,GO:0006338,Chromatin Remodeling
CPX-2322,GO:0006338,Chromatin Remodeling
CPX-2323,GO:0006338,Chromatin Remodeling
CPX-2330,GO:0006338,Chromatin Remodeling
CPX-2570,GO:0006338,Chromatin Remodeling
CPX-4425,GO:0006338,Chromatin Remodeling
DAB2IP,GO:0006338,Chromatin Remodeling
ASXL3,GO:0006338,Chromatin Remodeling
MAPKAPK2,GO:0006338,Chromatin Remodeling
MAPKAPK3,GO:0006338,Chromatin Remodeling
CPX-2480,GO:0006338,Chromatin Remodeling
CPX-2609,GO:0006338,Chromatin Remodeling
CPX-7502,GO:0006338,Chromatin Remodeling
CPX-2605,GO:0006338,Chromatin Remodeling
CPX-7501,GO:0006338,Chromatin Remodeling
CPX-2594,GO:0006338,Chromatin Remodeling
CPX-2600,GO:0006338,Chromatin Remodeling
CPX-2616,GO:0006338,Chromatin Remodeling
CPX-2621,GO:0006338,Chromatin Remodeling
CPX-7505,GO:0006338,Chromatin Remodeling
CPX-7509,GO:0006338,Chromatin Remodeling
CPX-7516,GO:0006338,Chromatin Remodeling
CPX-414,GO:0006338,Chromatin Remodeling
CPX-2260,GO:0006338,Chromatin Remodeling
CPX-2598,GO:0006338,Chromatin Remodeling
CPX-2601,GO:0006338,Chromatin Remodeling
CPX-2613,GO:0006338,Chromatin Remodeling
CPX-2615,GO:0006338,Chromatin Remodeling
CPX-2617,GO:0006338,Chromatin Remodeling
CPX-2619,GO:0006338,Chromatin Remodeling
CPX-2622,GO:0006338,Chromatin Remodeling
CPX-2623,GO:0006338,Chromatin Remodeling
CPX-2630,GO:0006338,Chromatin Remodeling
SALL4,GO:0006338,Chromatin Remodeling
ATN1,GO:0006338,Chromatin Remodeling
HSD17B14,GO:0006338,Chromatin Remodeling
SLC25A3,GO:0006338,Chromatin Remodeling
CPX-2354,GO:0006338,Chromatin Remodeling
CPX-7561,GO:0006338,Chromatin Remodeling
ASXL2,GO:0006338,Chromatin Remodeling
RBM15,GO:0006338,Chromatin Remodeling
CPX-3156,GO:0033017,Sarcoplasmic Reticulum Membrane
GNAO1,GO:0033017,Sarcoplasmic Reticulum Membrane
KCNJ6,GO:0033017,Sarcoplasmic Reticulum Membrane
HTR5A,GO:0033017,Sarcoplasmic Reticulum Membrane
DSG2,GO:0033017,Sarcoplasmic Reticulum Membrane
TMEM43,GO:0033017,Sarcoplasmic Reticulum Membrane
CPX-3135,GO:0033017,Sarcoplasmic Reticulum Membrane
DOCK3,GO:0033017,Sarcoplasmic Reticulum Membrane
RAPSN,GO:0033017,Sarcoplasmic Reticulum Membrane
DOK7,GO:0033017,Sarcoplasmic Reticulum Membrane
MUSK,GO:0033017,Sarcoplasmic Reticulum Membrane
COLQ,GO:0033017,Sarcoplasmic Reticulum Membrane
CASQ1,GO:0033017,Sarcoplasmic Reticulum Membrane
ZNF292,GO:0033017,Sarcoplasmic Reticulum Membrane
ALG14,GO:0033017,Sarcoplasmic Reticulum Membrane
PRKCB,GO:0033017,Sarcoplasmic Reticulum Membrane
MYOZ2,GO:0033017,Sarcoplasmic Reticulum Membrane
ATP2B1,GO:0033017,Sarcoplasmic Reticulum Membrane
MYL4,GO:0033017,Sarcoplasmic Reticulum Membrane
RBM20,GO:0033017,Sarcoplasmic Reticulum Membrane
CPX-7722,GO:0033017,Sarcoplasmic Reticulum Membrane
CPX-101,GO:0033017,Sarcoplasmic Reticulum Membrane
MYPN,GO:0033017,Sarcoplasmic Reticulum Membrane
LDB3,GO:0033017,Sarcoplasmic Reticulum Membrane
CSRP3,GO:0033017,Sarcoplasmic Reticulum Membrane
HPCA,GO:0033017,Sarcoplasmic Reticulum Membrane
DMPK,GO:0033017,Sarcoplasmic Reticulum Membrane
ATP2A1,GO:0033017,Sarcoplasmic Reticulum Membrane
TRPV3,GO:0033017,Sarcoplasmic Reticulum Membrane
TENM4,GO:0033017,Sarcoplasmic Reticulum Membrane
RASGRP2,GO:0033017,Sarcoplasmic Reticulum Membrane
CPX-51,GO:0033017,Sarcoplasmic Reticulum Membrane
OBSCN,GO:0033017,Sarcoplasmic Reticulum Membrane
SLC9A7,GO:0033017,Sarcoplasmic Reticulum Membrane
GDF6,GO:0033017,Sarcoplasmic Reticulum Membrane
MYLK2,GO:0033017,Sarcoplasmic Reticulum Membrane
TBX20,GO:0033017,Sarcoplasmic Reticulum Membrane
SLC6A5,GO:0033017,Sarcoplasmic Reticulum Membrane
KCNK9,GO:0033017,Sarcoplasmic Reticulum Membrane
IGLL1,GO:0036122,BMP Binding
GDF11,GO:0036122,BMP Binding
CPX-3785,GO:0036122,BMP Binding
SCUBE3,GO:0036122,BMP Binding
PTPN22,GO:0036122,BMP Binding
FES,GO:0036122,BMP Binding
FYB1,GO:0036122,BMP Binding
RIN2,GO:0036122,BMP Binding
DEF6,GO:0036122,BMP Binding
POU2AF1,GO:0036122,BMP Binding
SPNS2,GO:0036122,BMP Binding
TWIST2,GO:0036122,BMP Binding
FCRL4,GO:0036122,BMP Binding
SAMD9,GO:0036122,BMP Binding
HJV,GO:0036122,BMP Binding
TEC,GO:0036122,BMP Binding
LGR4,GO:0036122,BMP Binding
LTK,GO:0036122,BMP Binding
SASH1,GO:0036122,BMP Binding
BANK1,GO:0036122,BMP Binding
FCRL5,GO:0036122,BMP Binding
MPEG1,GO:0036122,BMP Binding
GIMAP5,GO:0036122,BMP Binding
ELF4,GO:0036122,BMP Binding
FOXN1,GO:0036122,BMP Binding
CNPY3,GO:0036122,BMP Binding
NBEAL2,GO:0036122,BMP Binding
PTRH2,GO:0036122,BMP Binding
CPX-466,GO:0062023,Collagen-Containing Extracellular Matrix
TG,GO:0062023,Collagen-Containing Extracellular Matrix
DMP1,GO:0062023,Collagen-Containing Extracellular Matrix
BMP1,GO:0062023,Collagen-Containing Extracellular Matrix
FBN1,GO:0062023,Collagen-Containing Extracellular Matrix
LOXL1,GO:0062023,Collagen-Containing Extracellular Matrix
LTBP2,GO:0062023,Collagen-Containing Extracellular Matrix
LTBP3,GO:0062023,Collagen-Containing Extracellular Matrix
AEBP1,GO:0062023,Collagen-Containing Extracellular Matrix
CPX-1729,GO:0062023,Collagen-Containing Extracellular Matrix
CPX-1727,GO:0062023,Collagen-Containing Extracellular Matrix
CPX-1728,GO:0062023,Collagen-Containing Extracellular Matrix
MMP20,GO:0062023,Collagen-Containing Extracellular Matrix
IL17RD,GO:0062023,Collagen-Containing Extracellular Matrix
PCSK7,GO:0062023,Collagen-Containing Extracellular Matrix
FBLN5,GO:0062023,Collagen-Containing Extracellular Matrix
ASPN,GO:0062023,Collagen-Containing Extracellular Matrix
TAOK3,GO:0062023,Collagen-Containing Extracellular Matrix
PIK3C2G,GO:0062023,Collagen-Containing Extracellular Matrix
TLL1,GO:0062023,Collagen-Containing Extracellular Matrix
ADAMTS2,GO:0062023,Collagen-Containing Extracellular Matrix
EFEMP2,GO:0062023,Collagen-Containing Extracellular Matrix
FBN2,GO:0062023,Collagen-Containing Extracellular Matrix
CHST14,GO:0062023,Collagen-Containing Extracellular Matrix
MXRA5,GO:0062023,Collagen-Containing Extracellular Matrix
MFAP5,GO:0062023,Collagen-Containing Extracellular Matrix
SEMA7A,GO:0062023,Collagen-Containing Extracellular Matrix
CPX-1014,GO:0062023,Collagen-Containing Extracellular Matrix
DOCK6,GO:0062023,Collagen-Containing Extracellular Matrix
MMP19,GO:0062023,Collagen-Containing Extracellular Matrix
CPX-8464,GO:0062023,Collagen-Containing Extracellular Matrix
ZNF469,GO:0062023,Collagen-Containing Extracellular Matrix
MAN2B1,GO:0001573,Ganglioside Metabolic Process
CPX-5684,GO:0001573,Ganglioside Metabolic Process
CPX-8191,GO:0001573,Ganglioside Metabolic Process
CPX-8192,GO:0001573,Ganglioside Metabolic Process
SLC6A17,GO:0001573,Ganglioside Metabolic Process
SLC29A3,GO:0001573,Ganglioside Metabolic Process
POU6F2,GO:0001573,Ganglioside Metabolic Process
CLN6,GO:0001573,Ganglioside Metabolic Process
SLC7A14,GO:0001573,Ganglioside Metabolic Process
ASAH1,GO:0001573,Ganglioside Metabolic Process
NAGLU,GO:0001573,Ganglioside Metabolic Process
GNS,GO:0001573,Ganglioside Metabolic Process
SUMF1,GO:0001573,Ganglioside Metabolic Process
SGSH,GO:0001573,Ganglioside Metabolic Process
GM2A,GO:0001573,Ganglioside Metabolic Process
NEU1,GO:0001573,Ganglioside Metabolic Process
ARSK,GO:0001573,Ganglioside Metabolic Process
ARSG,GO:0001573,Ganglioside Metabolic Process
MIA3,GO:0001573,Ganglioside Metabolic Process
SLC16A10,GO:0001573,Ganglioside Metabolic Process
SLC26A1,GO:0001573,Ganglioside Metabolic Process
CERS3,GO:0001573,Ganglioside Metabolic Process
DEGS1,GO:0001573,Ganglioside Metabolic Process
SGMS2,GO:0001573,Ganglioside Metabolic Process
ELOVL1,GO:0001573,Ganglioside Metabolic Process
SLC44A1,GO:0001573,Ganglioside Metabolic Process
B4GALNT1,GO:0001573,Ganglioside Metabolic Process
CPX-502,GO:0001573,Ganglioside Metabolic Process
CPX-686,GO:0001573,Ganglioside Metabolic Process
CPX-687,GO:0001573,Ganglioside Metabolic Process
HGSNAT,GO:0001573,Ganglioside Metabolic Process
B4GALT1,GO:0001573,Ganglioside Metabolic Process
NAGA,GO:0001573,Ganglioside Metabolic Process
XYLT2,GO:0001573,Ganglioside Metabolic Process
SPEF2,GO:0001573,Ganglioside Metabolic Process
PEX16,GO:0001573,Ganglioside Metabolic Process
SLC39A4,GO:0001573,Ganglioside Metabolic Process
CERS1,GO:0001573,Ganglioside Metabolic Process
CPX-8187,GO:0001573,Ganglioside Metabolic Process
SLC6A14,GO:0001573,Ganglioside Metabolic Process
SMPD4,GO:0001573,Ganglioside Metabolic Process
ACER3,GO:0001573,Ganglioside Metabolic Process
CBLIF,GO:0001573,Ganglioside Metabolic Process
HACD1,GO:0001573,Ganglioside Metabolic Process
EDARADD,GO:0001573,Ganglioside Metabolic Process
MGAT2,GO:0001573,Ganglioside Metabolic Process
CPX-8406,GO:0001573,Ganglioside Metabolic Process
OSBPL2,GO:0001573,Ganglioside Metabolic Process
ST3GAL5,GO:0001573,Ganglioside Metabolic Process
LMOD3,GO:0001573,Ganglioside Metabolic Process
ALG8,GO:0001573,Ganglioside Metabolic Process
ZFYVE26,GO:0001573,Ganglioside Metabolic Process
SYT14,GO:0001573,Ganglioside Metabolic Process
SLC38A3,GO:0001573,Ganglioside Metabolic Process
SLC6A6,GO:0001573,Ganglioside Metabolic Process
KDSR,GO:0001573,Ganglioside Metabolic Process
XYLT1,GO:0001573,Ganglioside Metabolic Process
PPCS,GO:0001573,Ganglioside Metabolic Process
KRT4,GO:0001573,Ganglioside Metabolic Process
B4GALNT2,GO:0001573,Ganglioside Metabolic Process
NR3C1,GO:0061726,Mitochondrion Disassembly
EGFR,GO:0061726,Mitochondrion Disassembly
HTT,GO:0061726,Mitochondrion Disassembly
AKT1,GO:0061726,Mitochondrion Disassembly
CPX-702,GO:0061726,Mitochondrion Disassembly
CPX-711,GO:0061726,Mitochondrion Disassembly
ERBB2,GO:0061726,Mitochondrion Disassembly
STUB1,GO:0061726,Mitochondrion Disassembly
CPX-130,GO:0061726,Mitochondrion Disassembly
CALR,GO:0061726,Mitochondrion Disassembly
LMNA,GO:0061726,Mitochondrion Disassembly
TARDBP,GO:0061726,Mitochondrion Disassembly
HSPB1,GO:0061726,Mitochondrion Disassembly
CPX-4233,GO:0061726,Mitochondrion Disassembly
LRRK2,GO:0061726,Mitochondrion Disassembly
YWHAG,GO:0061726,Mitochondrion Disassembly
HSPA5,GO:0061726,Mitochondrion Disassembly
CLCN1,GO:0061726,Mitochondrion Disassembly
PARK7,GO:0061726,Mitochondrion Disassembly
HNRNPA1,GO:0061726,Mitochondrion Disassembly
CPX-850,GO:0061726,Mitochondrion Disassembly
CPX-853,GO:0061726,Mitochondrion Disassembly
CPX-856,GO:0061726,Mitochondrion Disassembly
HNRNPA2B1,GO:0061726,Mitochondrion Disassembly
PRKN,GO:0061726,Mitochondrion Disassembly
PINK1,GO:0061726,Mitochondrion Disassembly
DNM1L,GO:0061726,Mitochondrion Disassembly
CLTC,GO:0061726,Mitochondrion Disassembly
KRAS,GO:0061726,Mitochondrion Disassembly
ATG7,GO:0061726,Mitochondrion Disassembly
MTOR,GO:0061726,Mitochondrion Disassembly
CPX-200,GO:0061726,Mitochondrion Disassembly
CPX-354,GO:0061726,Mitochondrion Disassembly
CPX-356,GO:0061726,Mitochondrion Disassembly
CPX-358,GO:0061726,Mitochondrion Disassembly
MFN2,GO:0061726,Mitochondrion Disassembly
PRMT1,GO:0061726,Mitochondrion Disassembly
SHH,GO:0061726,Mitochondrion Disassembly
HSPB3,GO:0061726,Mitochondrion Disassembly
ESR2,GO:0061726,Mitochondrion Disassembly
ROCK1,GO:0061726,Mitochondrion Disassembly
NRAS,GO:0061726,Mitochondrion Disassembly
TDP2,GO:0005634,Nucleus
SIRT2,GO:0005634,Nucleus
PHF6,GO:0005634,Nucleus
CPX-7782,GO:0005634,Nucleus
TAF15,GO:0005634,Nucleus
HNMT,GO:0005634,Nucleus
KDM4B,GO:0005634,Nucleus
CPX-709,GO:0005634,Nucleus
SIRT6,GO:0005634,Nucleus
PHF8,GO:0005634,Nucleus
H3-3A,GO:0005634,Nucleus
KDM5B,GO:0005634,Nucleus
KDM4A,GO:0005634,Nucleus
NSD2,GO:0005634,Nucleus
CPX-727,GO:0005634,Nucleus
CPX-738,GO:0005634,Nucleus
ASH1L,GO:0005634,Nucleus
NCOR2,GO:0005634,Nucleus
SETD2,GO:0005634,Nucleus
NSD1,GO:0005634,Nucleus
LMNB2,GO:0005634,Nucleus
WAC,GO:0005634,Nucleus
CPX-733,GO:0005634,Nucleus
CPX-736,GO:0005634,Nucleus
CPX-739,GO:0005634,Nucleus
CPX-740,GO:0005634,Nucleus
HDAC11,GO:0005634,Nucleus
BAZ1B,GO:0005634,Nucleus
H1-0,GO:0005634,Nucleus
HDAC8,GO:0005634,Nucleus
TBL1XR1,GO:0005634,Nucleus
HDAC9,GO:0005634,Nucleus
CHD1,GO:0005634,Nucleus
UBTF,GO:0005634,Nucleus
BRD3,GO:0005634,Nucleus
NSD3,GO:0005634,Nucleus
SMARCAD1,GO:0005634,Nucleus
CUX1,GO:0005634,Nucleus
ATRX,GO:0005634,Nucleus
TET3,GO:0005634,Nucleus
BANF1,GO:0005634,Nucleus
CPX-3222,GO:0005634,Nucleus
CPX-1027,GO:0005634,Nucleus
CPX-1055,GO:0005634,Nucleus
CPX-1057,GO:0005634,Nucleus
CPX-1060,GO:0005634,Nucleus
CPX-1063,GO:0005634,Nucleus
CPX-1064,GO:0005634,Nucleus
CPX-1066,GO:0005634,Nucleus
USP9X,GO:0005634,Nucleus
MYSM1,GO:0005634,Nucleus
BCL11B,GO:0005634,Nucleus
CDK6,GO:0005634,Nucleus
SET,GO:0005634,Nucleus
HMGA1,GO:0005634,Nucleus
WEE1,GO:0005634,Nucleus
CPX-7461,GO:0005634,Nucleus
TRIM33,GO:0005634,Nucleus
HIPK2,GO:0005634,Nucleus
PAX7,GO:0005634,Nucleus
PSIP1,GO:0005634,Nucleus
TRIM24,GO:0005634,Nucleus
FOXC1,GO:0005634,Nucleus
FOXF1,GO:0005634,Nucleus
CPX-8070,GO:0005634,Nucleus
PBX1,GO:0005634,Nucleus
NF2,GO:0005634,Nucleus
LATS2,GO:0005634,Nucleus
CPX-7781,GO:0005634,Nucleus
CPX-889,GO:0005634,Nucleus
HOXA11,GO:0005634,Nucleus
ZFPM2,GO:0005634,Nucleus
MLLT10,GO:0005634,Nucleus
CPX-152,GO:0005634,Nucleus
SPEN,GO:0005634,Nucleus
ZMYM2,GO:0005634,Nucleus
GATA6,GO:0005634,Nucleus
WDR1,GO:0005634,Nucleus
CPX-2129,GO:0005634,Nucleus
BCL9,GO:0005634,Nucleus
CPX-7011,GO:0005634,Nucleus
CPX-7081,GO:0005634,Nucleus
CPX-7107,GO:0005634,Nucleus
RBM10,GO:0005634,Nucleus
MCPH1,GO:0005634,Nucleus
LATS1,GO:0005634,Nucleus
TFAP2A,GO:0005634,Nucleus
MUTYH,GO:0005634,Nucleus
CPX-809,GO:0140852,Histone Ubiquitin Ligase Activity
HDAC3,GO:0140852,Histone Ubiquitin Ligase Activity
RNF168,GO:0140852,Histone Ubiquitin Ligase Activity
CBX1,GO:0140852,Histone Ubiquitin Ligase Activity
KDM1A,GO:0140852,Histone Ubiquitin Ligase Activity
EHMT1,GO:0140852,Histone Ubiquitin Ligase Activity
CPX-2867,GO:0140852,Histone Ubiquitin Ligase Activity
CTCF,GO:0140852,Histone Ubiquitin Ligase Activity
MLLT1,GO:0140852,Histone Ubiquitin Ligase Activity
CPX-2231,GO:0140852,Histone Ubiquitin Ligase Activity
CPX-7601,GO:0140852,Histone Ubiquitin Ligase Activity
TAF1,GO:0140852,Histone Ubiquitin Ligase Activity
GFI1,GO:0140852,Histone Ubiquitin Ligase Activity
CPX-2309,GO:0140852,Histone Ubiquitin Ligase Activity
CPX-2348,GO:0140852,Histone Ubiquitin Ligase Activity
CPX-2272,GO:0140852,Histone Ubiquitin Ligase Activity
CPX-2276,GO:0140852,Histone Ubiquitin Ligase Activity
CPX-2280,GO:0140852,Histone Ubiquitin Ligase Activity
CPX-2282,GO:0140852,Histone Ubiquitin Ligase Activity
CPX-2292,GO:0140852,Histone Ubiquitin Ligase Activity
CPX-2298,GO:0140852,Histone Ubiquitin Ligase Activity
CPX-2555,GO:0140852,Histone Ubiquitin Ligase Activity
CPX-2557,GO:0140852,Histone Ubiquitin Ligase Activity
CPX-2571,GO:0140852,Histone Ubiquitin Ligase Activity
CPX-2627,GO:0140852,Histone Ubiquitin Ligase Activity
CPX-7519,GO:0140852,Histone Ubiquitin Ligase Activity
CPX-7522,GO:0140852,Histone Ubiquitin Ligase Activity
CPX-7523,GO:0140852,Histone Ubiquitin Ligase Activity
CPX-7524,GO:0140852,Histone Ubiquitin Ligase Activity
CPX-7525,GO:0140852,Histone Ubiquitin Ligase Activity
CPX-7526,GO:0140852,Histone Ubiquitin Ligase Activity
CPX-7527,GO:0140852,Histone Ubiquitin Ligase Activity
CPX-7528,GO:0140852,Histone Ubiquitin Ligase Activity
CPX-7529,GO:0140852,Histone Ubiquitin Ligase Activity
CPX-7530,GO:0140852,Histone Ubiquitin Ligase Activity
CPX-7531,GO:0140852,Histone Ubiquitin Ligase Activity
CPX-7532,GO:0140852,Histone Ubiquitin Ligase Activity
CPX-7533,GO:0140852,Histone Ubiquitin Ligase Activity
CPX-7534,GO:0140852,Histone Ubiquitin Ligase Activity
CPX-7535,GO:0140852,Histone Ubiquitin Ligase Activity
CPX-7541,GO:0140852,Histone Ubiquitin Ligase Activity
CPX-7542,GO:0140852,Histone Ubiquitin Ligase Activity
CPX-7544,GO:0140852,Histone Ubiquitin Ligase Activity
CPX-7545,GO:0140852,Histone Ubiquitin Ligase Activity
CPX-7546,GO:0140852,Histone Ubiquitin Ligase Activity
CPX-7547,GO:0140852,Histone Ubiquitin Ligase Activity
CPX-7548,GO:0140852,Histone Ubiquitin Ligase Activity
CPX-7549,GO:0140852,Histone Ubiquitin Ligase Activity
CPX-7550,GO:0140852,Histone Ubiquitin Ligase Activity
CPX-7551,GO:0140852,Histone Ubiquitin Ligase Activity
CPX-7552,GO:0140852,Histone Ubiquitin Ligase Activity
CPX-7553,GO:0140852,Histone Ubiquitin Ligase Activity
CPX-7554,GO:0140852,Histone Ubiquitin Ligase Activity
CPX-7555,GO:0140852,Histone Ubiquitin Ligase Activity
CPX-7556,GO:0140852,Histone Ubiquitin Ligase Activity
CPX-7587,GO:0140852,Histone Ubiquitin Ligase Activity
CPX-7588,GO:0140852,Histone Ubiquitin Ligase Activity
CPX-7592,GO:0140852,Histone Ubiquitin Ligase Activity
TCF20,GO:0140852,Histone Ubiquitin Ligase Activity
TTK,GO:0140852,Histone Ubiquitin Ligase Activity
RUNX1,GO:0140852,Histone Ubiquitin Ligase Activity
SNAI2,GO:0140852,Histone Ubiquitin Ligase Activity
CPX-7504,GO:0140852,Histone Ubiquitin Ligase Activity
CPX-7513,GO:0140852,Histone Ubiquitin Ligase Activity
CD79B,GO:0140852,Histone Ubiquitin Ligase Activity
ETV6,GO:0140852,Histone Ubiquitin Ligase Activity
RLIM,GO:0140852,Histone Ubiquitin Ligase Activity
SSX2,GO:0140852,Histone Ubiquitin Ligase Activity
POU3F3,GO:0140852,Histone Ubiquitin Ligase Activity
UFC1,GO:0140852,Histone Ubiquitin Ligase Activity
WDR73,GO:0140852,Histone Ubiquitin Ligase Activity
HTR7,GO:0004993,G Protein-Coupled Serotonin Receptor Activity
CPX-2200,GO:0004993,G Protein-Coupled Serotonin Receptor Activity
SLC5A7,GO:0004993,G Protein-Coupled Serotonin Receptor Activity
FEV,GO:0004993,G Protein-Coupled Serotonin Receptor Activity
HRH4,GO:0004993,G Protein-Coupled Serotonin Receptor Activity
HRH2,GO:0004993,G Protein-Coupled Serotonin Receptor Activity
COCH,GO:0004993,G Protein-Coupled Serotonin Receptor Activity
DOLK,GO:0004993,G Protein-Coupled Serotonin Receptor Activity
TCN2,GO:0004993,G Protein-Coupled Serotonin Receptor Activity
PRSS56,GO:0004993,G Protein-Coupled Serotonin Receptor Activity
FRRS1L,GO:0004993,G Protein-Coupled Serotonin Receptor Activity
TECRL,GO:0004993,G Protein-Coupled Serotonin Receptor Activity
SOHLH1,GO:0004993,G Protein-Coupled Serotonin Receptor Activity
CPX-117,GO:0007015,Actin Filament Organization
CPX-122,GO:0007015,Actin Filament Organization
TPH2,GO:0007015,Actin Filament Organization
GNAQ,GO:0007015,Actin Filament Organization
CHAT,GO:0007015,Actin Filament Organization
AGTR1,GO:0007015,Actin Filament Organization
NTRK3,GO:0007015,Actin Filament Organization
CPX-2173,GO:0007015,Actin Filament Organization
CPX-3186,GO:0007015,Actin Filament Organization
CPX-3187,GO:0007015,Actin Filament Organization
EEF1A2,GO:0007015,Actin Filament Organization
TUBA4A,GO:0007015,Actin Filament Organization
NEFH,GO:0007015,Actin Filament Organization
TUBB6,GO:0007015,Actin Filament Organization
GSN,GO:0007015,Actin Filament Organization
PTK2B,GO:0007015,Actin Filament Organization
PPP1R12A,GO:0007015,Actin Filament Organization
CPX-5149,GO:0007015,Actin Filament Organization
TUBA1A,GO:0007015,Actin Filament Organization
DCX,GO:0007015,Actin Filament Organization
CPX-5223,GO:0007015,Actin Filament Organization
CPX-6135,GO:0007015,Actin Filament Organization
REN,GO:0007015,Actin Filament Organization
CPX-7241,GO:0007015,Actin Filament Organization
PLG,GO:0007015,Actin Filament Organization
SLC2A4,GO:0007015,Actin Filament Organization
MYO5B,GO:0007015,Actin Filament Organization
RDX,GO:0007015,Actin Filament Organization
ATXN1,GO:0007015,Actin Filament Organization
CFL2,GO:0007015,Actin Filament Organization
CTRB1,GO:0007015,Actin Filament Organization
VANGL2,GO:0007015,Actin Filament Organization
PLAU,GO:0007015,Actin Filament Organization
ABCA1,GO:0007015,Actin Filament Organization
MED13L,GO:0007015,Actin Filament Organization
ADNP,GO:0007015,Actin Filament Organization
LIPE,GO:0007015,Actin Filament Organization
CPX-483,GO:0007015,Actin Filament Organization
MYH11,GO:0007015,Actin Filament Organization
FLNB,GO:0007015,Actin Filament Organization
TBX3,GO:0007015,Actin Filament Organization
ACTN1,GO:0007015,Actin Filament Organization
DAPK1,GO:0007015,Actin Filament Organization
CPX-2490,GO:0007015,Actin Filament Organization
CPX-2579,GO:0007015,Actin Filament Organization
CPX-2580,GO:0007015,Actin Filament Organization
CPX-2583,GO:0007015,Actin Filament Organization
CPX-2586,GO:0007015,Actin Filament Organization
CPX-2592,GO:0007015,Actin Filament Organization
CPX-2663,GO:0007015,Actin Filament Organization
CPX-2668,GO:0007015,Actin Filament Organization
ACTA1,GO:0007015,Actin Filament Organization
MYL9,GO:0007015,Actin Filament Organization
AQP2,GO:0007015,Actin Filament Organization
NEUROD1,GO:0007015,Actin Filament Organization
MYL1,GO:0007015,Actin Filament Organization
OLIG2,GO:0007015,Actin Filament Organization
OPA1,GO:0007015,Actin Filament Organization
TRPM6,GO:0007015,Actin Filament Organization
MYO5A,GO:0007015,Actin Filament Organization
PTCHD1,GO:0007015,Actin Filament Organization
TWF1,GO:0007015,Actin Filament Organization
DDX41,GO:0007015,Actin Filament Organization
CPX-2643,GO:0007015,Actin Filament Organization
MYO1E,GO:0007015,Actin Filament Organization
TPM2,GO:0007015,Actin Filament Organization
MYH2,GO:0007015,Actin Filament Organization
MYH3,GO:0007015,Actin Filament Organization
RPS27,GO:0007015,Actin Filament Organization
ADGRG1,GO:0007015,Actin Filament Organization
CPX-2201,GO:0004674,Protein Serine/Threonine Kinase Activity
CPX-3142,GO:0004674,Protein Serine/Threonine Kinase Activity
MARK2,GO:0004674,Protein Serine/Threonine Kinase Activity
PIN1,GO:0004674,Protein Serine/Threonine Kinase Activity
PRKAA1,GO:0004674,Protein Serine/Threonine Kinase Activity
MAP3K7,GO:0004674,Protein Serine/Threonine Kinase Activity
USP2,GO:0004674,Protein Serine/Threonine Kinase Activity
ACKR3,GO:0004674,Protein Serine/Threonine Kinase Activity
PRKCQ,GO:0004674,Protein Serine/Threonine Kinase Activity
SFTPC,GO:0004674,Protein Serine/Threonine Kinase Activity
SOST,GO:0004674,Protein Serine/Threonine Kinase Activity
PTHLH,GO:0004674,Protein Serine/Threonine Kinase Activity
MINK1,GO:0004674,Protein Serine/Threonine Kinase Activity
ICMT,GO:0004674,Protein Serine/Threonine Kinase Activity
LEMD3,GO:0004674,Protein Serine/Threonine Kinase Activity
LTBP1,GO:0004674,Protein Serine/Threonine Kinase Activity
CPX-6188,GO:0004674,Protein Serine/Threonine Kinase Activity
CPX-6192,GO:0004674,Protein Serine/Threonine Kinase Activity
FZD2,GO:0004674,Protein Serine/Threonine Kinase Activity
NR2F1,GO:0004674,Protein Serine/Threonine Kinase Activity
GPC3,GO:0004674,Protein Serine/Threonine Kinase Activity
ARAF,GO:0004674,Protein Serine/Threonine Kinase Activity
CPX-1794,GO:0004674,Protein Serine/Threonine Kinase Activity
ETV1,GO:0004674,Protein Serine/Threonine Kinase Activity
CDH3,GO:0004674,Protein Serine/Threonine Kinase Activity
GFRA1,GO:0004674,Protein Serine/Threonine Kinase Activity
YES1,GO:0004674,Protein Serine/Threonine Kinase Activity
RPS6KA6,GO:0004674,Protein Serine/Threonine Kinase Activity
MARK3,GO:0004674,Protein Serine/Threonine Kinase Activity
RPS6KA4,GO:0004674,Protein Serine/Threonine Kinase Activity
MAPKAPK5,GO:0004674,Protein Serine/Threonine Kinase Activity
MAP3K20,GO:0004674,Protein Serine/Threonine Kinase Activity
EML4,GO:0004674,Protein Serine/Threonine Kinase Activity
TNK2,GO:0004674,Protein Serine/Threonine Kinase Activity
ARL2,GO:0004674,Protein Serine/Threonine Kinase Activity
CPX-6402,GO:0004674,Protein Serine/Threonine Kinase Activity
CPX-6404,GO:0004674,Protein Serine/Threonine Kinase Activity
LRRK1,GO:0004674,Protein Serine/Threonine Kinase Activity
FHIT,GO:0004674,Protein Serine/Threonine Kinase Activity
BCR,GO:0004674,Protein Serine/Threonine Kinase Activity
SIK1,GO:0004674,Protein Serine/Threonine Kinase Activity
CTNND2,GO:0004674,Protein Serine/Threonine Kinase Activity
DLL3,GO:0004674,Protein Serine/Threonine Kinase Activity
DUX4,GO:0004674,Protein Serine/Threonine Kinase Activity
CARD10,GO:0004674,Protein Serine/Threonine Kinase Activity
CSNK1A1L,GO:0004674,Protein Serine/Threonine Kinase Activity
ARFGEF2,GO:0004674,Protein Serine/Threonine Kinase Activity
HACE1,GO:0004674,Protein Serine/Threonine Kinase Activity
RNF213,GO:0004674,Protein Serine/Threonine Kinase Activity
CRTC1,GO:0004674,Protein Serine/Threonine Kinase Activity
PRKCI,GO:0004674,Protein Serine/Threonine Kinase Activity
EPHA7,GO:0004674,Protein Serine/Threonine Kinase Activity
TMPRSS6,GO:0004674,Protein Serine/Threonine Kinase Activity
MAGED2,GO:0004674,Protein Serine/Threonine Kinase Activity
SLC49A4,GO:0004674,Protein Serine/Threonine Kinase Activity
PATZ1,GO:0004674,Protein Serine/Threonine Kinase Activity
GNB2,GO:0060314,Regulation Of Ryanodine-Sensitive Calcium-Release Channel Activity
SLC6A3,GO:0060314,Regulation Of Ryanodine-Sensitive Calcium-Release Channel Activity
GNAI2,GO:0060314,Regulation Of Ryanodine-Sensitive Calcium-Release Channel Activity
CPX-2202,GO:0060314,Regulation Of Ryanodine-Sensitive Calcium-Release Channel Activity
CPX-294,GO:0060314,Regulation Of Ryanodine-Sensitive Calcium-Release Channel Activity
CPX-909,GO:0060314,Regulation Of Ryanodine-Sensitive Calcium-Release Channel Activity
RGS4,GO:0060314,Regulation Of Ryanodine-Sensitive Calcium-Release Channel Activity
CPX-285,GO:0060314,Regulation Of Ryanodine-Sensitive Calcium-Release Channel Activity
SYT1,GO:0060314,Regulation Of Ryanodine-Sensitive Calcium-Release Channel Activity
CPX-8767,GO:0060314,Regulation Of Ryanodine-Sensitive Calcium-Release Channel Activity
ACHE,GO:0060314,Regulation Of Ryanodine-Sensitive Calcium-Release Channel Activity
GRM5,GO:0060314,Regulation Of Ryanodine-Sensitive Calcium-Release Channel Activity
PRKACA,GO:0060314,Regulation Of Ryanodine-Sensitive Calcium-Release Channel Activity
GRM7,GO:0060314,Regulation Of Ryanodine-Sensitive Calcium-Release Channel Activity
GRM3,GO:0060314,Regulation Of Ryanodine-Sensitive Calcium-Release Channel Activity
PRKACB,GO:0060314,Regulation Of Ryanodine-Sensitive Calcium-Release Channel Activity
DNM1,GO:0060314,Regulation Of Ryanodine-Sensitive Calcium-Release Channel Activity
PRKACG,GO:0060314,Regulation Of Ryanodine-Sensitive Calcium-Release Channel Activity
PPP2R2B,GO:0060314,Regulation Of Ryanodine-Sensitive Calcium-Release Channel Activity
TRPV1,GO:0060314,Regulation Of Ryanodine-Sensitive Calcium-Release Channel Activity
PLCB1,GO:0060314,Regulation Of Ryanodine-Sensitive Calcium-Release Channel Activity
MKRN3,GO:0060314,Regulation Of Ryanodine-Sensitive Calcium-Release Channel Activity
MAGEL2,GO:0060314,Regulation Of Ryanodine-Sensitive Calcium-Release Channel Activity
CPX-2424,GO:0060314,Regulation Of Ryanodine-Sensitive Calcium-Release Channel Activity
CPX-2443,GO:0060314,Regulation Of Ryanodine-Sensitive Calcium-Release Channel Activity
CPX-2453,GO:0060314,Regulation Of Ryanodine-Sensitive Calcium-Release Channel Activity
CPX-2454,GO:0060314,Regulation Of Ryanodine-Sensitive Calcium-Release Channel Activity
CPX-2455,GO:0060314,Regulation Of Ryanodine-Sensitive Calcium-Release Channel Activity
TTN,GO:0060314,Regulation Of Ryanodine-Sensitive Calcium-Release Channel Activity
KCNN4,GO:0060314,Regulation Of Ryanodine-Sensitive Calcium-Release Channel Activity
BACE2,GO:0060314,Regulation Of Ryanodine-Sensitive Calcium-Release Channel Activity
SPTAN1,GO:0060314,Regulation Of Ryanodine-Sensitive Calcium-Release Channel Activity
CALM2,GO:0060314,Regulation Of Ryanodine-Sensitive Calcium-Release Channel Activity
ATP2B2,GO:0060314,Regulation Of Ryanodine-Sensitive Calcium-Release Channel Activity
NLGN4X,GO:0060314,Regulation Of Ryanodine-Sensitive Calcium-Release Channel Activity
CPX-236,GO:0060314,Regulation Of Ryanodine-Sensitive Calcium-Release Channel Activity
CAMKK2,GO:0060314,Regulation Of Ryanodine-Sensitive Calcium-Release Channel Activity
TBR1,GO:0060314,Regulation Of Ryanodine-Sensitive Calcium-Release Channel Activity
CAMK2D,GO:0060314,Regulation Of Ryanodine-Sensitive Calcium-Release Channel Activity
ASPH,GO:0060314,Regulation Of Ryanodine-Sensitive Calcium-Release Channel Activity
CAMK4,GO:0060314,Regulation Of Ryanodine-Sensitive Calcium-Release Channel Activity
ANK3,GO:0060314,Regulation Of Ryanodine-Sensitive Calcium-Release Channel Activity
CPX-6231,GO:0060314,Regulation Of Ryanodine-Sensitive Calcium-Release Channel Activity
JPH3,GO:0060314,Regulation Of Ryanodine-Sensitive Calcium-Release Channel Activity
CAMTA1,GO:0060314,Regulation Of Ryanodine-Sensitive Calcium-Release Channel Activity
CDKL5,GO:0060314,Regulation Of Ryanodine-Sensitive Calcium-Release Channel Activity
SHANK2,GO:0060314,Regulation Of Ryanodine-Sensitive Calcium-Release Channel Activity
NLGN3,GO:0060314,Regulation Of Ryanodine-Sensitive Calcium-Release Channel Activity
NIPA1,GO:0060314,Regulation Of Ryanodine-Sensitive Calcium-Release Channel Activity
CAMK2A,GO:0060314,Regulation Of Ryanodine-Sensitive Calcium-Release Channel Activity
MYT1L,GO:0060314,Regulation Of Ryanodine-Sensitive Calcium-Release Channel Activity
MYT1,GO:0060314,Regulation Of Ryanodine-Sensitive Calcium-Release Channel Activity
CPX-6236,GO:0005759,Mitochondrial Matrix
ENO3,GO:0005759,Mitochondrial Matrix
TALDO1,GO:0005759,Mitochondrial Matrix
SEPSECS,GO:0005759,Mitochondrial Matrix
FTCD,GO:0005759,Mitochondrial Matrix
FPGS,GO:0005759,Mitochondrial Matrix
CPX-6233,GO:0005759,Mitochondrial Matrix
CPX-6242,GO:0005759,Mitochondrial Matrix
ALDH18A1,GO:0005759,Mitochondrial Matrix
BAAT,GO:0005759,Mitochondrial Matrix
AGXT,GO:0005759,Mitochondrial Matrix
SLC46A1,GO:0005759,Mitochondrial Matrix
HMGCS2,GO:0005759,Mitochondrial Matrix
ITPA,GO:0005759,Mitochondrial Matrix
ACAT1,GO:0005759,Mitochondrial Matrix
CPT2,GO:0005759,Mitochondrial Matrix
HMGCL,GO:0005759,Mitochondrial Matrix
OTC,GO:0005759,Mitochondrial Matrix
GNMT,GO:0005759,Mitochondrial Matrix
ENTPD1,GO:0005759,Mitochondrial Matrix
PNP,GO:0005759,Mitochondrial Matrix
MPI,GO:0005759,Mitochondrial Matrix
UMPS,GO:0005759,Mitochondrial Matrix
ALDH3A2,GO:0005759,Mitochondrial Matrix
ALDH1B1,GO:0005759,Mitochondrial Matrix
GLUD1,GO:0005759,Mitochondrial Matrix
GRHPR,GO:0005759,Mitochondrial Matrix
HIBCH,GO:0005759,Mitochondrial Matrix
ABAT,GO:0005759,Mitochondrial Matrix
CANT1,GO:0005759,Mitochondrial Matrix
NT5C3A,GO:0005759,Mitochondrial Matrix
CPX-376,GO:0005759,Mitochondrial Matrix
CPX-553,GO:0005759,Mitochondrial Matrix
DHTKD1,GO:0005759,Mitochondrial Matrix
ASL,GO:0005759,Mitochondrial Matrix
BCAT2,GO:0005759,Mitochondrial Matrix
ADSS1,GO:0005759,Mitochondrial Matrix
DLST,GO:0005759,Mitochondrial Matrix
PPA2,GO:0005759,Mitochondrial Matrix
ECHS1,GO:0005759,Mitochondrial Matrix
OGDHL,GO:0005759,Mitochondrial Matrix
CPX-6169,GO:0005759,Mitochondrial Matrix
PSAT1,GO:0005759,Mitochondrial Matrix
GLDC,GO:0005759,Mitochondrial Matrix
ALDH6A1,GO:0005759,Mitochondrial Matrix
MTHFD1,GO:0005759,Mitochondrial Matrix
PYROXD1,GO:0005759,Mitochondrial Matrix
FAH,GO:0005759,Mitochondrial Matrix
SLC25A20,GO:0005759,Mitochondrial Matrix
ETFDH,GO:0005759,Mitochondrial Matrix
ASPA,GO:0005759,Mitochondrial Matrix
MCEE,GO:0005759,Mitochondrial Matrix
DMGDH,GO:0005759,Mitochondrial Matrix
MTHFS,GO:0005759,Mitochondrial Matrix
AMT,GO:0005759,Mitochondrial Matrix
PCBD1,GO:0005759,Mitochondrial Matrix
CPX-948,GO:0005759,Mitochondrial Matrix
GCSH,GO:0005759,Mitochondrial Matrix
SARDH,GO:0005759,Mitochondrial Matrix
TYMP,GO:0005759,Mitochondrial Matrix
MLYCD,GO:0005759,Mitochondrial Matrix
ALDH4A1,GO:0005759,Mitochondrial Matrix
ACADS,GO:0005759,Mitochondrial Matrix
HGD,GO:0005759,Mitochondrial Matrix
NAGS,GO:0005759,Mitochondrial Matrix
UPB1,GO:0005759,Mitochondrial Matrix
GATM,GO:0005759,Mitochondrial Matrix
ACADSB,GO:0005759,Mitochondrial Matrix
GCDH,GO:0005759,Mitochondrial Matrix
HAL,GO:0005759,Mitochondrial Matrix
SUGCT,GO:0005759,Mitochondrial Matrix
ACAD8,GO:0005759,Mitochondrial Matrix
DECR1,GO:0005759,Mitochondrial Matrix
LIPT2,GO:0005759,Mitochondrial Matrix
AUH,GO:0005759,Mitochondrial Matrix
ACSF3,GO:0005759,Mitochondrial Matrix
AMPD3,GO:0005759,Mitochondrial Matrix
ACAD11,GO:0005759,Mitochondrial Matrix
OXCT1,GO:0005759,Mitochondrial Matrix
HPD,GO:0005759,Mitochondrial Matrix
ADA2,GO:0005759,Mitochondrial Matrix
AMPD2,GO:0005759,Mitochondrial Matrix
CMPK1,GO:0005759,Mitochondrial Matrix
MMAB,GO:0005759,Mitochondrial Matrix
DPYS,GO:0005759,Mitochondrial Matrix
ACY1,GO:0005759,Mitochondrial Matrix
GALE,GO:0005759,Mitochondrial Matrix
BTD,GO:0005759,Mitochondrial Matrix
IVD,GO:0005759,Mitochondrial Matrix
GHRHR,GO:0090527,Actin Filament Reorganization
MC3R,GO:0090527,Actin Filament Reorganization
CPX-5774,GO:0090527,Actin Filament Reorganization
FCHO1,GO:0090527,Actin Filament Reorganization
NECAP1,GO:0090527,Actin Filament Reorganization
GOPC,GO:0090527,Actin Filament Reorganization
P2RY6,GO:0090527,Actin Filament Reorganization
PROKR2,GO:0090527,Actin Filament Reorganization
EN1,GO:0090527,Actin Filament Reorganization
LMX1A,GO:0090527,Actin Filament Reorganization
TACR2,GO:0090527,Actin Filament Reorganization
TNNI3K,GO:0090527,Actin Filament Reorganization
TULP3,GO:0090527,Actin Filament Reorganization
CPX-8021,GO:0090527,Actin Filament Reorganization
CPX-8023,GO:0090527,Actin Filament Reorganization
ACTG2,GO:0090527,Actin Filament Reorganization
KIF7,GO:0090527,Actin Filament Reorganization
MTMR2,GO:0090527,Actin Filament Reorganization
RAB10,GO:0090527,Actin Filament Reorganization
EPB42,GO:0090527,Actin Filament Reorganization
CPX-6229,GO:0090527,Actin Filament Reorganization
CDC42BPB,GO:0090527,Actin Filament Reorganization
ASPSCR1,GO:0090527,Actin Filament Reorganization
ST14,GO:0090527,Actin Filament Reorganization
CRELD1,GO:0090527,Actin Filament Reorganization
PI4KA,GO:0090527,Actin Filament Reorganization
DST,GO:0090527,Actin Filament Reorganization
UNC13D,GO:0090527,Actin Filament Reorganization
PALLD,GO:0090527,Actin Filament Reorganization
SNX3,GO:0090527,Actin Filament Reorganization
MUC7,GO:0090527,Actin Filament Reorganization
EXPH5,GO:0090527,Actin Filament Reorganization
GPR161,GO:0090527,Actin Filament Reorganization
SIX6,GO:0090527,Actin Filament Reorganization
NECTIN4,GO:0090527,Actin Filament Reorganization
CPX-5961,GO:0090527,Actin Filament Reorganization
CPX-5963,GO:0090527,Actin Filament Reorganization
CPX-5965,GO:0090527,Actin Filament Reorganization
CPX-5966,GO:0090527,Actin Filament Reorganization
CORIN,GO:0090527,Actin Filament Reorganization
FRMPD4,GO:0090527,Actin Filament Reorganization
DCHS1,GO:0090527,Actin Filament Reorganization
OTX2,GO:0090527,Actin Filament Reorganization
KANK2,GO:0090527,Actin Filament Reorganization
ZFYVE27,GO:0090527,Actin Filament Reorganization
CPX-8163,GO:0006891,intra-Golgi Vesicle-Mediated Transport
CPX-8164,GO:0006891,intra-Golgi Vesicle-Mediated Transport
SRGAP3,GO:0006891,intra-Golgi Vesicle-Mediated Transport
PHEX,GO:0006891,intra-Golgi Vesicle-Mediated Transport
CPX-6321,GO:0006891,intra-Golgi Vesicle-Mediated Transport
DSG1,GO:0006891,intra-Golgi Vesicle-Mediated Transport
CPX-6207,GO:0006891,intra-Golgi Vesicle-Mediated Transport
CPX-6208,GO:0006891,intra-Golgi Vesicle-Mediated Transport
SLC39A7,GO:0006891,intra-Golgi Vesicle-Mediated Transport
CPX-8022,GO:0006891,intra-Golgi Vesicle-Mediated Transport
TMEM175,GO:0006891,intra-Golgi Vesicle-Mediated Transport
SBF2,GO:0006891,intra-Golgi Vesicle-Mediated Transport
ANKS6,GO:0006891,intra-Golgi Vesicle-Mediated Transport
CTRC,GO:0006891,intra-Golgi Vesicle-Mediated Transport
IGHMBP2,GO:0006891,intra-Golgi Vesicle-Mediated Transport
SCYL1,GO:0006891,intra-Golgi Vesicle-Mediated Transport
DENND1A,GO:0006891,intra-Golgi Vesicle-Mediated Transport
PIBF1,GO:0006891,intra-Golgi Vesicle-Mediated Transport
FOXE3,GO:0006891,intra-Golgi Vesicle-Mediated Transport
ASB10,GO:0006891,intra-Golgi Vesicle-Mediated Transport
TMEM38B,GO:0006891,intra-Golgi Vesicle-Mediated Transport
RAB39B,GO:0006891,intra-Golgi Vesicle-Mediated Transport
RAB18,GO:0006891,intra-Golgi Vesicle-Mediated Transport
CPX-6213,GO:0006891,intra-Golgi Vesicle-Mediated Transport
CPX-4749,GO:0006891,intra-Golgi Vesicle-Mediated Transport
CPX-4750,GO:0006891,intra-Golgi Vesicle-Mediated Transport
CPX-6902,GO:0006891,intra-Golgi Vesicle-Mediated Transport
CDKL1,GO:0006891,intra-Golgi Vesicle-Mediated Transport
CPX-6199,GO:0006891,intra-Golgi Vesicle-Mediated Transport
SBK1,GO:0006891,intra-Golgi Vesicle-Mediated Transport
IGSF1,GO:0006891,intra-Golgi Vesicle-Mediated Transport
CPX-8304,GO:0006891,intra-Golgi Vesicle-Mediated Transport
DENND1B,GO:0006891,intra-Golgi Vesicle-Mediated Transport
TMEM165,GO:0006891,intra-Golgi Vesicle-Mediated Transport
SRGAP1,GO:0006891,intra-Golgi Vesicle-Mediated Transport
GJC2,GO:0006891,intra-Golgi Vesicle-Mediated Transport
CCBE1,GO:0006891,intra-Golgi Vesicle-Mediated Transport
MFHAS1,GO:0006891,intra-Golgi Vesicle-Mediated Transport
NEK11,GO:0006891,intra-Golgi Vesicle-Mediated Transport
NEK6,GO:0006891,intra-Golgi Vesicle-Mediated Transport
FYCO1,GO:0006891,intra-Golgi Vesicle-Mediated Transport
RAB3GAP2,GO:0006891,intra-Golgi Vesicle-Mediated Transport
LRSAM1,GO:0006891,intra-Golgi Vesicle-Mediated Transport
CHP1,GO:0006891,intra-Golgi Vesicle-Mediated Transport
SEPTIN12,GO:0006891,intra-Golgi Vesicle-Mediated Transport
STK17A,GO:0006891,intra-Golgi Vesicle-Mediated Transport
TMEM94,GO:0006891,intra-Golgi Vesicle-Mediated Transport
DNAJC12,GO:0006891,intra-Golgi Vesicle-Mediated Transport
STK36,GO:0006891,intra-Golgi Vesicle-Mediated Transport
GOLGA5,GO:0006891,intra-Golgi Vesicle-Mediated Transport
KIFBP,GO:0006891,intra-Golgi Vesicle-Mediated Transport
PKP1,GO:0006891,intra-Golgi Vesicle-Mediated Transport
NSMF,GO:0006891,intra-Golgi Vesicle-Mediated Transport
COQ8B,GO:0006891,intra-Golgi Vesicle-Mediated Transport
INF2,GO:0006891,intra-Golgi Vesicle-Mediated Transport
FLG,GO:0006891,intra-Golgi Vesicle-Mediated Transport
ACTL9,GO:0006891,intra-Golgi Vesicle-Mediated Transport
ACTRT1,GO:0006891,intra-Golgi Vesicle-Mediated Transport
CMC4,GO:0006891,intra-Golgi Vesicle-Mediated Transport
MLPH,GO:0006891,intra-Golgi Vesicle-Mediated Transport
RSPO4,GO:0006891,intra-Golgi Vesicle-Mediated Transport
TBX19,GO:0006891,intra-Golgi Vesicle-Mediated Transport
CST6,GO:0006891,intra-Golgi Vesicle-Mediated Transport
ANKRD26,GO:0006891,intra-Golgi Vesicle-Mediated Transport
CGNL1,GO:0006891,intra-Golgi Vesicle-Mediated Transport
PROP1,GO:0006891,intra-Golgi Vesicle-Mediated Transport
TMPRSS15,GO:0006891,intra-Golgi Vesicle-Mediated Transport
FEZF1,GO:0006891,intra-Golgi Vesicle-Mediated Transport
SLC24A4,GO:0006891,intra-Golgi Vesicle-Mediated Transport
TBX2,GO:0006891,intra-Golgi Vesicle-Mediated Transport
LNP1,GO:0006891,intra-Golgi Vesicle-Mediated Transport
RNASET2,GO:0006891,intra-Golgi Vesicle-Mediated Transport
GPRASP2,GO:0006891,intra-Golgi Vesicle-Mediated Transport
TNK1,GO:0006891,intra-Golgi Vesicle-Mediated Transport
HESX1,GO:0006891,intra-Golgi Vesicle-Mediated Transport
IGSF3,GO:0006891,intra-Golgi Vesicle-Mediated Transport
PLEKHG5,GO:0006891,intra-Golgi Vesicle-Mediated Transport
TEX11,GO:0006891,intra-Golgi Vesicle-Mediated Transport
CSGALNACT1,GO:0006891,intra-Golgi Vesicle-Mediated Transport
GLP1R,GO:0003228,Atrial Cardiac Muscle Tissue Development
TPM3,GO:0003228,Atrial Cardiac Muscle Tissue Development
TBX5,GO:0003228,Atrial Cardiac Muscle Tissue Development
CPX-61,GO:0003228,Atrial Cardiac Muscle Tissue Development
TPM1,GO:0003228,Atrial Cardiac Muscle Tissue Development
SORL1,GO:0003228,Atrial Cardiac Muscle Tissue Development
SNCAIP,GO:0003228,Atrial Cardiac Muscle Tissue Development
QPCT,GO:0003228,Atrial Cardiac Muscle Tissue Development
PLCG2,GO:0003228,Atrial Cardiac Muscle Tissue Development
ITM2B,GO:0003228,Atrial Cardiac Muscle Tissue Development
CPX-2375,GO:0003228,Atrial Cardiac Muscle Tissue Development
APPL1,GO:0003228,Atrial Cardiac Muscle Tissue Development
DAB1,GO:0003228,Atrial Cardiac Muscle Tissue Development
CAMK2G,GO:0003228,Atrial Cardiac Muscle Tissue Development
FLNC,GO:0003228,Atrial Cardiac Muscle Tissue Development
FOXG1,GO:0003228,Atrial Cardiac Muscle Tissue Development
P2RX7,GO:0003228,Atrial Cardiac Muscle Tissue Development
CPX-6184,GO:0003228,Atrial Cardiac Muscle Tissue Development
CPX-6191,GO:0003228,Atrial Cardiac Muscle Tissue Development
ESRRA,GO:0003228,Atrial Cardiac Muscle Tissue Development
MUC5B,GO:0003228,Atrial Cardiac Muscle Tissue Development
EEF2K,GO:0003228,Atrial Cardiac Muscle Tissue Development
PRKD3,GO:0003228,Atrial Cardiac Muscle Tissue Development
MAP2K2,GO:0003228,Atrial Cardiac Muscle Tissue Development
CLCN6,GO:0003228,Atrial Cardiac Muscle Tissue Development
CAMK1,GO:0003228,Atrial Cardiac Muscle Tissue Development
KIRREL1,GO:0003228,Atrial Cardiac Muscle Tissue Development
EPHA3,GO:0003228,Atrial Cardiac Muscle Tissue Development
ANO1,GO:0003228,Atrial Cardiac Muscle Tissue Development
HNRNPH2,GO:0003228,Atrial Cardiac Muscle Tissue Development
KIF1B,GO:0003228,Atrial Cardiac Muscle Tissue Development
LFNG,GO:0003228,Atrial Cardiac Muscle Tissue Development
AGGF1,GO:0003228,Atrial Cardiac Muscle Tissue Development
CPX-4503,GO:0003228,Atrial Cardiac Muscle Tissue Development
DCLK1,GO:0003228,Atrial Cardiac Muscle Tissue Development
TBX18,GO:0003228,Atrial Cardiac Muscle Tissue Development
MYLK,GO:0003228,Atrial Cardiac Muscle Tissue Development
DAPK2,GO:0003228,Atrial Cardiac Muscle Tissue Development
ADAM9,GO:0003228,Atrial Cardiac Muscle Tissue Development
MYO9B,GO:0003228,Atrial Cardiac Muscle Tissue Development
GALM,GO:0005759,Mitochondrial Matrix
YRDC,GO:0005759,Mitochondrial Matrix
ACMSD,GO:0005759,Mitochondrial Matrix
AGL,GO:0005759,Mitochondrial Matrix
HKDC1,GO:0005759,Mitochondrial Matrix
GBE1,GO:0005759,Mitochondrial Matrix
PGD,GO:0005759,Mitochondrial Matrix
CPX-8302,GO:0005759,Mitochondrial Matrix
ABCC6,GO:0005759,Mitochondrial Matrix
SLC19A1,GO:0005759,Mitochondrial Matrix
SLC22A5,GO:0005759,Mitochondrial Matrix
CPX-5641,GO:0005759,Mitochondrial Matrix
CPX-6283,GO:0005759,Mitochondrial Matrix
CPS1,GO:0005759,Mitochondrial Matrix
PDXK,GO:0005759,Mitochondrial Matrix
CYP51A1,GO:0005759,Mitochondrial Matrix
STS,GO:0005759,Mitochondrial Matrix
MVK,GO:0005759,Mitochondrial Matrix
COQ2,GO:0005759,Mitochondrial Matrix
DHCR7,GO:0005759,Mitochondrial Matrix
FDPS,GO:0005759,Mitochondrial Matrix
PMVK,GO:0005759,Mitochondrial Matrix
PDSS1,GO:0005759,Mitochondrial Matrix
UBIAD1,GO:0005759,Mitochondrial Matrix
PEX5,GO:0005759,Mitochondrial Matrix
COASY,GO:0005759,Mitochondrial Matrix
SULT2B1,GO:0005759,Mitochondrial Matrix
AADAC,GO:0005759,Mitochondrial Matrix
AMACR,GO:0005759,Mitochondrial Matrix
ADK,GO:0005759,Mitochondrial Matrix
GPR143,GO:0005759,Mitochondrial Matrix
GLO1,GO:0005759,Mitochondrial Matrix
BCKDK,GO:0005759,Mitochondrial Matrix
SLC25A11,GO:0005759,Mitochondrial Matrix
CPX-6243,GO:0005759,Mitochondrial Matrix
DGUOK,GO:0005759,Mitochondrial Matrix
RPIA,GO:0005759,Mitochondrial Matrix
SHMT2,GO:0005759,Mitochondrial Matrix
PSPH,GO:0005759,Mitochondrial Matrix
FDXR,GO:0005759,Mitochondrial Matrix
CPX-2731,GO:0005759,Mitochondrial Matrix
ADSL,GO:0005759,Mitochondrial Matrix
SPR,GO:0005759,Mitochondrial Matrix
PMM2,GO:0005759,Mitochondrial Matrix
DHODH,GO:0005759,Mitochondrial Matrix
MTFMT,GO:0005759,Mitochondrial Matrix
CPX-2503,GO:0005759,Mitochondrial Matrix
CPX-4742,GO:0005759,Mitochondrial Matrix
MECR,GO:0005759,Mitochondrial Matrix
LDHD,GO:0005759,Mitochondrial Matrix
SUOX,GO:0005759,Mitochondrial Matrix
IYD,GO:0005759,Mitochondrial Matrix
HSCB,GO:0005759,Mitochondrial Matrix
CARS2,GO:0005759,Mitochondrial Matrix
CPX-6863,GO:0005759,Mitochondrial Matrix
NFU1,GO:0005759,Mitochondrial Matrix
PAPSS2,GO:0005759,Mitochondrial Matrix
TFB1M,GO:0005759,Mitochondrial Matrix
NUBPL,GO:0005759,Mitochondrial Matrix
MOCOS,GO:0005759,Mitochondrial Matrix
CPX-6322,GO:0005759,Mitochondrial Matrix
AK7,GO:0005759,Mitochondrial Matrix
PRPS1,GO:0005759,Mitochondrial Matrix
GLYCTK,GO:0005759,Mitochondrial Matrix
TREH,GO:0005759,Mitochondrial Matrix
GALK1,GO:0005759,Mitochondrial Matrix
PGM3,GO:0005759,Mitochondrial Matrix
RARS2,GO:0005759,Mitochondrial Matrix
UGP2,GO:0005759,Mitochondrial Matrix
TECR,GO:0005759,Mitochondrial Matrix
MINPP1,GO:0005759,Mitochondrial Matrix
COQ8A,GO:0005759,Mitochondrial Matrix
PEX19,GO:0005759,Mitochondrial Matrix
MPV17,GO:0005759,Mitochondrial Matrix
AMY1A,GO:0005759,Mitochondrial Matrix
RBM12,GO:0005759,Mitochondrial Matrix
TST,GO:0005759,Mitochondrial Matrix
BCS1L,GO:0005759,Mitochondrial Matrix
CPX-6862,GO:0005759,Mitochondrial Matrix
CPOX,GO:0005759,Mitochondrial Matrix
GAMT,GO:0005759,Mitochondrial Matrix
SMS,GO:0005759,Mitochondrial Matrix
PUS1,GO:0005759,Mitochondrial Matrix
CRACD,GO:0005759,Mitochondrial Matrix
GMPPA,GO:0005759,Mitochondrial Matrix
TMEM70,GO:0005759,Mitochondrial Matrix
MMADHC,GO:0005759,Mitochondrial Matrix
CPX-7142,GO:0005759,Mitochondrial Matrix
HOGA1,GO:0005759,Mitochondrial Matrix
TRMU,GO:0005759,Mitochondrial Matrix
DCXR,GO:0005759,Mitochondrial Matrix
GSTZ1,GO:0005759,Mitochondrial Matrix
SLC52A3,GO:0005759,Mitochondrial Matrix
DDHD1,GO:0005759,Mitochondrial Matrix
SLC41A1,GO:0033108,Mitochondrial Respiratory Chain Complex Assembly
NPC2,GO:0033108,Mitochondrial Respiratory Chain Complex Assembly
GAA,GO:0033108,Mitochondrial Respiratory Chain Complex Assembly
CPX-8184,GO:0033108,Mitochondrial Respiratory Chain Complex Assembly
SLC34A1,GO:0033108,Mitochondrial Respiratory Chain Complex Assembly
SLC22A12,GO:0033108,Mitochondrial Respiratory Chain Complex Assembly
CPX-6241,GO:0033108,Mitochondrial Respiratory Chain Complex Assembly
CPX-8185,GO:0033108,Mitochondrial Respiratory Chain Complex Assembly
CPX-6681,GO:0033108,Mitochondrial Respiratory Chain Complex Assembly
GLB1,GO:0033108,Mitochondrial Respiratory Chain Complex Assembly
ABHD12,GO:0033108,Mitochondrial Respiratory Chain Complex Assembly
GALC,GO:0033108,Mitochondrial Respiratory Chain Complex Assembly
COX14,GO:0033108,Mitochondrial Respiratory Chain Complex Assembly
SNX10,GO:0033108,Mitochondrial Respiratory Chain Complex Assembly
SDCCAG8,GO:0033108,Mitochondrial Respiratory Chain Complex Assembly
NDUFAF2,GO:0033108,Mitochondrial Respiratory Chain Complex Assembly
ARSA,GO:0033108,Mitochondrial Respiratory Chain Complex Assembly
IDUA,GO:0033108,Mitochondrial Respiratory Chain Complex Assembly
ARSB,GO:0033108,Mitochondrial Respiratory Chain Complex Assembly
GALNS,GO:0033108,Mitochondrial Respiratory Chain Complex Assembly
IDS,GO:0033108,Mitochondrial Respiratory Chain Complex Assembly
TMLHE,GO:0033108,Mitochondrial Respiratory Chain Complex Assembly
GBA2,GO:0033108,Mitochondrial Respiratory Chain Complex Assembly
LCT,GO:0033108,Mitochondrial Respiratory Chain Complex Assembly
MAN1B1,GO:0033108,Mitochondrial Respiratory Chain Complex Assembly
FUCA1,GO:0033108,Mitochondrial Respiratory Chain Complex Assembly
PISD,GO:0033108,Mitochondrial Respiratory Chain Complex Assembly
CLN3,GO:0033108,Mitochondrial Respiratory Chain Complex Assembly
HCCS,GO:0033108,Mitochondrial Respiratory Chain Complex Assembly
FRMD7,GO:0033108,Mitochondrial Respiratory Chain Complex Assembly
CRPPA,GO:0033108,Mitochondrial Respiratory Chain Complex Assembly
CRYGD,GO:0033108,Mitochondrial Respiratory Chain Complex Assembly
CRYAA,GO:0033108,Mitochondrial Respiratory Chain Complex Assembly
GJA8,GO:0033108,Mitochondrial Respiratory Chain Complex Assembly
TMEM114,GO:0033108,Mitochondrial Respiratory Chain Complex Assembly
CSPP1,GO:0033108,Mitochondrial Respiratory Chain Complex Assembly
TLCD3B,GO:0033108,Mitochondrial Respiratory Chain Complex Assembly
NDUFAF7,GO:0033108,Mitochondrial Respiratory Chain Complex Assembly
GALNT3,GO:0033108,Mitochondrial Respiratory Chain Complex Assembly
SELENOI,GO:0033108,Mitochondrial Respiratory Chain Complex Assembly
SLC5A4,GO:0033108,Mitochondrial Respiratory Chain Complex Assembly
SLC1A4,GO:0033108,Mitochondrial Respiratory Chain Complex Assembly
TTC19,GO:0033108,Mitochondrial Respiratory Chain Complex Assembly
SCO1,GO:0033108,Mitochondrial Respiratory Chain Complex Assembly
CPX-6124,GO:0033108,Mitochondrial Respiratory Chain Complex Assembly
NDUFAF3,GO:0033108,Mitochondrial Respiratory Chain Complex Assembly
CLCC1,GO:0033108,Mitochondrial Respiratory Chain Complex Assembly
XK,GO:0033108,Mitochondrial Respiratory Chain Complex Assembly
CPX-6133,GO:0033108,Mitochondrial Respiratory Chain Complex Assembly
COA3,GO:0033108,Mitochondrial Respiratory Chain Complex Assembly
NDUFAF4,GO:0033108,Mitochondrial Respiratory Chain Complex Assembly
NDUFAF5,GO:0033108,Mitochondrial Respiratory Chain Complex Assembly
TIMMDC1,GO:0033108,Mitochondrial Respiratory Chain Complex Assembly
PCYT2,GO:0033108,Mitochondrial Respiratory Chain Complex Assembly
CLCN5,GO:0033108,Mitochondrial Respiratory Chain Complex Assembly
COX16,GO:0033108,Mitochondrial Respiratory Chain Complex Assembly
PTDSS1,GO:0033108,Mitochondrial Respiratory Chain Complex Assembly
SLC12A8,GO:0033108,Mitochondrial Respiratory Chain Complex Assembly
PANK2,GO:0033108,Mitochondrial Respiratory Chain Complex Assembly
SLC34A3,GO:0033108,Mitochondrial Respiratory Chain Complex Assembly
SLC6A18,GO:0033108,Mitochondrial Respiratory Chain Complex Assembly
ARSL,GO:0033108,Mitochondrial Respiratory Chain Complex Assembly
MANBA,GO:0033108,Mitochondrial Respiratory Chain Complex Assembly
CPX-8428,GO:0033108,Mitochondrial Respiratory Chain Complex Assembly
SPINK2,GO:0033108,Mitochondrial Respiratory Chain Complex Assembly
CLN5,GO:0033108,Mitochondrial Respiratory Chain Complex Assembly
CRYBB2,GO:0033108,Mitochondrial Respiratory Chain Complex Assembly
DYNC2H1,GO:0033108,Mitochondrial Respiratory Chain Complex Assembly
UQCC2,GO:0033108,Mitochondrial Respiratory Chain Complex Assembly
DNAJC30,GO:0033108,Mitochondrial Respiratory Chain Complex Assembly
DNAJA1,GO:0032042,Mitochondrial DNA Metabolic Process
SETX,GO:0032042,Mitochondrial DNA Metabolic Process
TUBB4B,GO:0032042,Mitochondrial DNA Metabolic Process
UBQLN2,GO:0032042,Mitochondrial DNA Metabolic Process
CPX-2511,GO:0032042,Mitochondrial DNA Metabolic Process
SYVN1,GO:0032042,Mitochondrial DNA Metabolic Process
PLOD1,GO:0032042,Mitochondrial DNA Metabolic Process
PLOD2,GO:0032042,Mitochondrial DNA Metabolic Process
LONP1,GO:0032042,Mitochondrial DNA Metabolic Process
SSBP1,GO:0032042,Mitochondrial DNA Metabolic Process
CPX-7121,GO:0032042,Mitochondrial DNA Metabolic Process
EVI5,GO:0032042,Mitochondrial DNA Metabolic Process
TK1,GO:0032042,Mitochondrial DNA Metabolic Process
CPX-2227,GO:0032042,Mitochondrial DNA Metabolic Process
AKR1B10,GO:0032042,Mitochondrial DNA Metabolic Process
WDR11,GO:0032042,Mitochondrial DNA Metabolic Process
PAK5,GO:0032042,Mitochondrial DNA Metabolic Process
RHOH,GO:0032042,Mitochondrial DNA Metabolic Process
PAK6,GO:0032042,Mitochondrial DNA Metabolic Process
EIF4H,GO:0032042,Mitochondrial DNA Metabolic Process
CEP55,GO:0032042,Mitochondrial DNA Metabolic Process
RNASEH1,GO:0032042,Mitochondrial DNA Metabolic Process
SUMO4,GO:0032042,Mitochondrial DNA Metabolic Process
MSH5,GO:0032042,Mitochondrial DNA Metabolic Process
ACSL6,GO:0032042,Mitochondrial DNA Metabolic Process
FKBP6,GO:0032042,Mitochondrial DNA Metabolic Process
PIEZO1,GO:0032042,Mitochondrial DNA Metabolic Process
GTF2IRD1,GO:0032042,Mitochondrial DNA Metabolic Process
SIK2,GO:0032042,Mitochondrial DNA Metabolic Process
DIAPH3,GO:0032042,Mitochondrial DNA Metabolic Process
LARP7,GO:0032042,Mitochondrial DNA Metabolic Process
CPX-369,GO:0032042,Mitochondrial DNA Metabolic Process
CLIP2,GO:0032042,Mitochondrial DNA Metabolic Process
TBL2,GO:0032042,Mitochondrial DNA Metabolic Process
CPX-8173,GO:0032042,Mitochondrial DNA Metabolic Process
STK19,GO:0032042,Mitochondrial DNA Metabolic Process
DHH,GO:0032042,Mitochondrial DNA Metabolic Process
AKR1D1,GO:0015850,Organic Hydroxy Compound Transport
SLC22A2,GO:0015850,Organic Hydroxy Compound Transport
SLC22A6,GO:0015850,Organic Hydroxy Compound Transport
CPX-6222,GO:0015850,Organic Hydroxy Compound Transport
CTH,GO:0015850,Organic Hydroxy Compound Transport
H6PD,GO:0015850,Organic Hydroxy Compound Transport
SLC10A1,GO:0015850,Organic Hydroxy Compound Transport
CYP4F2,GO:0015850,Organic Hydroxy Compound Transport
SULT2A1,GO:0015850,Organic Hydroxy Compound Transport
CYP26A1,GO:0015850,Organic Hydroxy Compound Transport
SLC10A2,GO:0015850,Organic Hydroxy Compound Transport
SLCO1B1,GO:0015850,Organic Hydroxy Compound Transport
CYP46A1,GO:0015850,Organic Hydroxy Compound Transport
SLC47A1,GO:0015850,Organic Hydroxy Compound Transport
ABCC3,GO:0015850,Organic Hydroxy Compound Transport
SLCO2B1,GO:0015850,Organic Hydroxy Compound Transport
CYP11B1,GO:0015850,Organic Hydroxy Compound Transport
SLCO1A2,GO:0015850,Organic Hydroxy Compound Transport
CYP7B1,GO:0015850,Organic Hydroxy Compound Transport
SLC47A2,GO:0015850,Organic Hydroxy Compound Transport
SLC22A8,GO:0015850,Organic Hydroxy Compound Transport
CYB5A,GO:0015850,Organic Hydroxy Compound Transport
SLC22A1,GO:0015850,Organic Hydroxy Compound Transport
DPYD,GO:0015850,Organic Hydroxy Compound Transport
AOX1,GO:0015850,Organic Hydroxy Compound Transport
TBXAS1,GO:0015850,Organic Hydroxy Compound Transport
POR,GO:0015850,Organic Hydroxy Compound Transport
SRD5A2,GO:0015850,Organic Hydroxy Compound Transport
ABCC4,GO:0015850,Organic Hydroxy Compound Transport
ABCC2,GO:0015850,Organic Hydroxy Compound Transport
ABCB11,GO:0015850,Organic Hydroxy Compound Transport
ABCB4,GO:0015850,Organic Hydroxy Compound Transport
SLC22A11,GO:0015850,Organic Hydroxy Compound Transport
CYP2J2,GO:0015850,Organic Hydroxy Compound Transport
ABCC11,GO:0015850,Organic Hydroxy Compound Transport
HYDIN,GO:0015850,Organic Hydroxy Compound Transport
ADH5,GO:0015850,Organic Hydroxy Compound Transport
SLC51A,GO:0015850,Organic Hydroxy Compound Transport
CYP8B1,GO:0015850,Organic Hydroxy Compound Transport
SLC51B,GO:0015850,Organic Hydroxy Compound Transport
CPX-6282,GO:0015850,Organic Hydroxy Compound Transport
SLC10A7,GO:0015850,Organic Hydroxy Compound Transport
ALOX15,GO:0015850,Organic Hydroxy Compound Transport
GFPT1,GO:0015850,Organic Hydroxy Compound Transport
HSD17B1,GO:0015850,Organic Hydroxy Compound Transport
HSD17B7,GO:0015850,Organic Hydroxy Compound Transport
MVD,GO:0015850,Organic Hydroxy Compound Transport
EPHX2,GO:0015850,Organic Hydroxy Compound Transport
CYP26B1,GO:0015850,Organic Hydroxy Compound Transport
ALDH1A2,GO:0015850,Organic Hydroxy Compound Transport
TTPA,GO:0015850,Organic Hydroxy Compound Transport
ALDH1A3,GO:0015850,Organic Hydroxy Compound Transport
CYP2U1,GO:0015850,Organic Hydroxy Compound Transport
PLA2G5,GO:0015850,Organic Hydroxy Compound Transport
HSD17B3,GO:0015850,Organic Hydroxy Compound Transport
CYP4V2,GO:0015850,Organic Hydroxy Compound Transport
AKR1C3,GO:0015850,Organic Hydroxy Compound Transport
CYP21A2,GO:0015850,Organic Hydroxy Compound Transport
CYP26C1,GO:0015850,Organic Hydroxy Compound Transport
CYP11B2,GO:0015850,Organic Hydroxy Compound Transport
LTC4S,GO:0015850,Organic Hydroxy Compound Transport
ALOX15B,GO:0015850,Organic Hydroxy Compound Transport
CYP4F22,GO:0015850,Organic Hydroxy Compound Transport
ALDH3A1,GO:0015850,Organic Hydroxy Compound Transport
TDO2,GO:0015850,Organic Hydroxy Compound Transport
ALDH5A1,GO:0015850,Organic Hydroxy Compound Transport
L2HGDH,GO:0015850,Organic Hydroxy Compound Transport
ACADM,GO:0015850,Organic Hydroxy Compound Transport
RDH11,GO:0015850,Organic Hydroxy Compound Transport
DHRS9,GO:0015850,Organic Hydroxy Compound Transport
GPD1,GO:0015850,Organic Hydroxy Compound Transport
UGDH,GO:0015850,Organic Hydroxy Compound Transport
PHYKPL,GO:0015850,Organic Hydroxy Compound Transport
MAK,GO:0015850,Organic Hydroxy Compound Transport
CPX-6341,GO:0015850,Organic Hydroxy Compound Transport
CYB5R3,GO:0015850,Organic Hydroxy Compound Transport
ALOX12B,GO:0015850,Organic Hydroxy Compound Transport
RSPRY1,GO:0015850,Organic Hydroxy Compound Transport
NAT8L,GO:0015850,Organic Hydroxy Compound Transport
SLC45A2,GO:0051452,Intracellular pH Reduction
GNA11,GO:0051452,Intracellular pH Reduction
FTH1,GO:0051452,Intracellular pH Reduction
HSPA1A,GO:0051452,Intracellular pH Reduction
TUBB3,GO:0051452,Intracellular pH Reduction
DCTN1,GO:0051452,Intracellular pH Reduction
ACTG1,GO:0051452,Intracellular pH Reduction
AKR1B1,GO:0051452,Intracellular pH Reduction
PRDX3,GO:0051452,Intracellular pH Reduction
GPX4,GO:0051452,Intracellular pH Reduction
SIRT3,GO:0051452,Intracellular pH Reduction
HMOX2,GO:0051452,Intracellular pH Reduction
HLA-B,GO:0051452,Intracellular pH Reduction
RAB7A,GO:0051452,Intracellular pH Reduction
ATP6V1B2,GO:0051452,Intracellular pH Reduction
PPIB,GO:0051452,Intracellular pH Reduction
SERPINA1,GO:0051452,Intracellular pH Reduction
FDFT1,GO:0051452,Intracellular pH Reduction
ENTPD2,GO:0051452,Intracellular pH Reduction
FRYL,GO:0051452,Intracellular pH Reduction
SLC2A3,GO:0051452,Intracellular pH Reduction
SLC2A2,GO:0051452,Intracellular pH Reduction
VWF,GO:0051452,Intracellular pH Reduction
EPS15,GO:0051452,Intracellular pH Reduction
XPR1,GO:0051452,Intracellular pH Reduction
GPBAR1,GO:0051452,Intracellular pH Reduction
AFP,GO:0051452,Intracellular pH Reduction
TYR,GO:0051452,Intracellular pH Reduction
CA1,GO:0051452,Intracellular pH Reduction
AHSG,GO:0051452,Intracellular pH Reduction
CPX-1749,GO:0051452,Intracellular pH Reduction
FSHR,GO:0051452,Intracellular pH Reduction
DBN1,GO:0051452,Intracellular pH Reduction
CPT1A,GO:0051452,Intracellular pH Reduction
STAR,GO:0051452,Intracellular pH Reduction
DGAT1,GO:0051452,Intracellular pH Reduction
HK1,GO:0051452,Intracellular pH Reduction
CPX-6091,GO:0051452,Intracellular pH Reduction
ALDOB,GO:0051452,Intracellular pH Reduction
ABHD5,GO:0051452,Intracellular pH Reduction
CPX-2470,GO:0051452,Intracellular pH Reduction
CPX-6904,GO:0051452,Intracellular pH Reduction
CPX-6905,GO:0051452,Intracellular pH Reduction
CPX-6912,GO:0051452,Intracellular pH Reduction
CPX-2929,GO:0051452,Intracellular pH Reduction
CPX-2936,GO:0051452,Intracellular pH Reduction
ODC1,GO:0051452,Intracellular pH Reduction
NME2,GO:0051452,Intracellular pH Reduction
ACTN4,GO:0051452,Intracellular pH Reduction
CPX-5025,GO:0051452,Intracellular pH Reduction
PDK1,GO:0051452,Intracellular pH Reduction
CPX-1751,GO:0051452,Intracellular pH Reduction
CPX-1752,GO:0051452,Intracellular pH Reduction
VANGL1,GO:0051452,Intracellular pH Reduction
AICDA,GO:0051452,Intracellular pH Reduction
PFN1,GO:0051452,Intracellular pH Reduction
TK2,GO:0051452,Intracellular pH Reduction
PGAM1,GO:0051452,Intracellular pH Reduction
ALDOA,GO:0051452,Intracellular pH Reduction
PCNT,GO:0051452,Intracellular pH Reduction
TICAM1,GO:0051452,Intracellular pH Reduction
IMPA1,GO:0051452,Intracellular pH Reduction
SLC11A2,GO:0051452,Intracellular pH Reduction
FLAD1,GO:0051452,Intracellular pH Reduction
SOX3,GO:0051452,Intracellular pH Reduction
RAB6A,GO:0051452,Intracellular pH Reduction
RAB27A,GO:0051452,Intracellular pH Reduction
PLS1,GO:0051452,Intracellular pH Reduction
ARF1,GO:0051452,Intracellular pH Reduction
MYH14,GO:0051452,Intracellular pH Reduction
IL31RA,GO:0051452,Intracellular pH Reduction
HMBS,GO:0051452,Intracellular pH Reduction
CPX-6096,GO:0005788,Endoplasmic Reticulum Lumen
SERPING1,GO:0005788,Endoplasmic Reticulum Lumen
GAK,GO:0005788,Endoplasmic Reticulum Lumen
DNAJC6,GO:0005788,Endoplasmic Reticulum Lumen
KISS1,GO:0005788,Endoplasmic Reticulum Lumen
CPX-8001,GO:0005788,Endoplasmic Reticulum Lumen
CPX-6215,GO:0005788,Endoplasmic Reticulum Lumen
ALPL,GO:0005788,Endoplasmic Reticulum Lumen
FABP2,GO:0005788,Endoplasmic Reticulum Lumen
PNLIP,GO:0005788,Endoplasmic Reticulum Lumen
MTTP,GO:0005788,Endoplasmic Reticulum Lumen
PNPLA3,GO:0005788,Endoplasmic Reticulum Lumen
TAC3,GO:0005788,Endoplasmic Reticulum Lumen
CPX-5602,GO:0005788,Endoplasmic Reticulum Lumen
CPX-5605,GO:0005788,Endoplasmic Reticulum Lumen
CTSC,GO:0005788,Endoplasmic Reticulum Lumen
SERPINC1,GO:0005788,Endoplasmic Reticulum Lumen
CPX-1737,GO:0005788,Endoplasmic Reticulum Lumen
KRT12,GO:0005788,Endoplasmic Reticulum Lumen
CPX-1753,GO:0005788,Endoplasmic Reticulum Lumen
DGKA,GO:0005788,Endoplasmic Reticulum Lumen
AGPAT2,GO:0005788,Endoplasmic Reticulum Lumen
CPX-6164,GO:0005788,Endoplasmic Reticulum Lumen
CPX-5601,GO:0005788,Endoplasmic Reticulum Lumen
BSCL2,GO:0005788,Endoplasmic Reticulum Lumen
PKHD1,GO:0005788,Endoplasmic Reticulum Lumen
SLC26A2,GO:0005788,Endoplasmic Reticulum Lumen
BBS12,GO:0005788,Endoplasmic Reticulum Lumen
CPX-6224,GO:0005788,Endoplasmic Reticulum Lumen
CPX-1745,GO:0005788,Endoplasmic Reticulum Lumen
CPX-1747,GO:0005788,Endoplasmic Reticulum Lumen
P4HA2,GO:0005788,Endoplasmic Reticulum Lumen
PTPRN,GO:0005788,Endoplasmic Reticulum Lumen
HABP2,GO:0005788,Endoplasmic Reticulum Lumen
ANOS1,GO:0005788,Endoplasmic Reticulum Lumen
CLCN4,GO:0005788,Endoplasmic Reticulum Lumen
SLC25A6,GO:0005788,Endoplasmic Reticulum Lumen
GPR35,GO:0005788,Endoplasmic Reticulum Lumen
CPX-983,GO:0005788,Endoplasmic Reticulum Lumen
P3H1,GO:0005788,Endoplasmic Reticulum Lumen
P3H2,GO:0005788,Endoplasmic Reticulum Lumen
CRTAP,GO:0005788,Endoplasmic Reticulum Lumen
CPX-1724,GO:0005788,Endoplasmic Reticulum Lumen
CPX-1768,GO:0005788,Endoplasmic Reticulum Lumen
CPX-1748,GO:0005788,Endoplasmic Reticulum Lumen
CPX-1754,GO:0005788,Endoplasmic Reticulum Lumen
VPS13C,GO:0005788,Endoplasmic Reticulum Lumen
ATP6V1E1,GO:0005788,Endoplasmic Reticulum Lumen
MGP,GO:0005788,Endoplasmic Reticulum Lumen
ATP13A3,GO:0005788,Endoplasmic Reticulum Lumen
CPX-6131,GO:0005788,Endoplasmic Reticulum Lumen
GALT,GO:0005788,Endoplasmic Reticulum Lumen
BNC2,GO:0005788,Endoplasmic Reticulum Lumen
INPP5E,GO:0005788,Endoplasmic Reticulum Lumen
NEK8,GO:0005788,Endoplasmic Reticulum Lumen
ARL3,GO:0005788,Endoplasmic Reticulum Lumen
HS6ST1,GO:0005788,Endoplasmic Reticulum Lumen
DCLK3,GO:0005788,Endoplasmic Reticulum Lumen
CPX-1019,GO:0005788,Endoplasmic Reticulum Lumen
SCO2,GO:0005788,Endoplasmic Reticulum Lumen
SELENBP1,GO:0005788,Endoplasmic Reticulum Lumen
SLC25A19,GO:0005788,Endoplasmic Reticulum Lumen
SFTPB,GO:0005788,Endoplasmic Reticulum Lumen
CEL,GO:0005788,Endoplasmic Reticulum Lumen
CPX-1758,GO:0005788,Endoplasmic Reticulum Lumen
ANO6,GO:0005788,Endoplasmic Reticulum Lumen
DNAH8,GO:0005788,Endoplasmic Reticulum Lumen
POLI,GO:0000083,Regulation Of Transcription Involved In G1/S Transition Of Mitotic Cell Cycle
PHF21A,GO:0000083,Regulation Of Transcription Involved In G1/S Transition Of Mitotic Cell Cycle
POGZ,GO:0000083,Regulation Of Transcription Involved In G1/S Transition Of Mitotic Cell Cycle
RERE,GO:0000083,Regulation Of Transcription Involved In G1/S Transition Of Mitotic Cell Cycle
CDK3,GO:0000083,Regulation Of Transcription Involved In G1/S Transition Of Mitotic Cell Cycle
CDK17,GO:0000083,Regulation Of Transcription Involved In G1/S Transition Of Mitotic Cell Cycle
CDK16,GO:0000083,Regulation Of Transcription Involved In G1/S Transition Of Mitotic Cell Cycle
CDK18,GO:0000083,Regulation Of Transcription Involved In G1/S Transition Of Mitotic Cell Cycle
BAZ2B,GO:0000083,Regulation Of Transcription Involved In G1/S Transition Of Mitotic Cell Cycle
MBD4,GO:0000083,Regulation Of Transcription Involved In G1/S Transition Of Mitotic Cell Cycle
PLK2,GO:0000083,Regulation Of Transcription Involved In G1/S Transition Of Mitotic Cell Cycle
CDC14A,GO:0000083,Regulation Of Transcription Involved In G1/S Transition Of Mitotic Cell Cycle
KIF2A,GO:0000083,Regulation Of Transcription Involved In G1/S Transition Of Mitotic Cell Cycle
CDK19,GO:0000083,Regulation Of Transcription Involved In G1/S Transition Of Mitotic Cell Cycle
ZMYM3,GO:0000083,Regulation Of Transcription Involved In G1/S Transition Of Mitotic Cell Cycle
LRIF1,GO:0000083,Regulation Of Transcription Involved In G1/S Transition Of Mitotic Cell Cycle
WDR62,GO:0000083,Regulation Of Transcription Involved In G1/S Transition Of Mitotic Cell Cycle
FOXR1,GO:0000083,Regulation Of Transcription Involved In G1/S Transition Of Mitotic Cell Cycle
PLK3,GO:0000083,Regulation Of Transcription Involved In G1/S Transition Of Mitotic Cell Cycle
CDK14,GO:0000083,Regulation Of Transcription Involved In G1/S Transition Of Mitotic Cell Cycle
LMO1,GO:0000083,Regulation Of Transcription Involved In G1/S Transition Of Mitotic Cell Cycle
MLF1,GO:0000083,Regulation Of Transcription Involved In G1/S Transition Of Mitotic Cell Cycle
CPX-6180,GO:0000083,Regulation Of Transcription Involved In G1/S Transition Of Mitotic Cell Cycle
SCAPER,GO:0000083,Regulation Of Transcription Involved In G1/S Transition Of Mitotic Cell Cycle
PUF60,GO:0000083,Regulation Of Transcription Involved In G1/S Transition Of Mitotic Cell Cycle
GALNT12,GO:0000083,Regulation Of Transcription Involved In G1/S Transition Of Mitotic Cell Cycle
FIBP,GO:0000083,Regulation Of Transcription Involved In G1/S Transition Of Mitotic Cell Cycle
BRAT1,GO:0000083,Regulation Of Transcription Involved In G1/S Transition Of Mitotic Cell Cycle
CBFA2T2,GO:0000083,Regulation Of Transcription Involved In G1/S Transition Of Mitotic Cell Cycle
DYRK3,GO:0000083,Regulation Of Transcription Involved In G1/S Transition Of Mitotic Cell Cycle
TASP1,GO:0000083,Regulation Of Transcription Involved In G1/S Transition Of Mitotic Cell Cycle
ZBTB20,GO:0000083,Regulation Of Transcription Involved In G1/S Transition Of Mitotic Cell Cycle
HPSE2,GO:0000083,Regulation Of Transcription Involved In G1/S Transition Of Mitotic Cell Cycle
CCDC174,GO:0000083,Regulation Of Transcription Involved In G1/S Transition Of Mitotic Cell Cycle
KDM4E,GO:0000083,Regulation Of Transcription Involved In G1/S Transition Of Mitotic Cell Cycle
VRK3,GO:0000083,Regulation Of Transcription Involved In G1/S Transition Of Mitotic Cell Cycle
PRDM8,GO:0045747,Positive Regulation Of Notch Signaling Pathway
ADAMTS18,GO:0045747,Positive Regulation Of Notch Signaling Pathway
BFSP2,GO:0045747,Positive Regulation Of Notch Signaling Pathway
TRIM44,GO:0045747,Positive Regulation Of Notch Signaling Pathway
NOTCH2NLA,GO:0045747,Positive Regulation Of Notch Signaling Pathway
ZNF408,GO:0045747,Positive Regulation Of Notch Signaling Pathway
ACR,GO:0045747,Positive Regulation Of Notch Signaling Pathway
TSHZ3,GO:0045747,Positive Regulation Of Notch Signaling Pathway
NGLY1,GO:0045747,Positive Regulation Of Notch Signaling Pathway
MYRF,GO:0045747,Positive Regulation Of Notch Signaling Pathway
F8A2,GO:0045747,Positive Regulation Of Notch Signaling Pathway
F8A3,GO:0045747,Positive Regulation Of Notch Signaling Pathway
ZP1,GO:0045747,Positive Regulation Of Notch Signaling Pathway
GATA5,GO:0045747,Positive Regulation Of Notch Signaling Pathway
CDKL3,GO:0045747,Positive Regulation Of Notch Signaling Pathway
TTC29,GO:0045747,Positive Regulation Of Notch Signaling Pathway
EFR3A,GO:0045747,Positive Regulation Of Notch Signaling Pathway
LRIG2,GO:0045747,Positive Regulation Of Notch Signaling Pathway
MAP3K19,GO:0045747,Positive Regulation Of Notch Signaling Pathway
SRMS,GO:0045747,Positive Regulation Of Notch Signaling Pathway
ZNF713,GO:0045747,Positive Regulation Of Notch Signaling Pathway
HSF2BP,GO:0045747,Positive Regulation Of Notch Signaling Pathway
GPATCH3,GO:0045747,Positive Regulation Of Notch Signaling Pathway
CFAP52,GO:0045747,Positive Regulation Of Notch Signaling Pathway
FSIP2,GO:0045747,Positive Regulation Of Notch Signaling Pathway
CPA6,GO:0045747,Positive Regulation Of Notch Signaling Pathway
ZNF81,GO:0045747,Positive Regulation Of Notch Signaling Pathway
RCBTB1,GO:0045747,Positive Regulation Of Notch Signaling Pathway
MSRB3,GO:0045747,Positive Regulation Of Notch Signaling Pathway
C14orf39,GO:0045747,Positive Regulation Of Notch Signaling Pathway
PMFBP1,GO:0045747,Positive Regulation Of Notch Signaling Pathway
SUN5,GO:0045747,Positive Regulation Of Notch Signaling Pathway
TECPR2,GO:0045747,Positive Regulation Of Notch Signaling Pathway
CPX-5181,GO:0045747,Positive Regulation Of Notch Signaling Pathway
KIAA0753,GO:0045747,Positive Regulation Of Notch Signaling Pathway
CPAMD8,GO:0045747,Positive Regulation Of Notch Signaling Pathway
NOTCH2NLB,GO:0045747,Positive Regulation Of Notch Signaling Pathway
GTPBP2,GO:0045747,Positive Regulation Of Notch Signaling Pathway
TANC2,GO:0045747,Positive Regulation Of Notch Signaling Pathway
ZNF142,GO:0045747,Positive Regulation Of Notch Signaling Pathway
ZNF41,GO:0045747,Positive Regulation Of Notch Signaling Pathway
ATXN7L3B,GO:0045747,Positive Regulation Of Notch Signaling Pathway
LRMDA,GO:0045747,Positive Regulation Of Notch Signaling Pathway
NKAIN2,GO:0045747,Positive Regulation Of Notch Signaling Pathway
HR,GO:0045747,Positive Regulation Of Notch Signaling Pathway
DYRK4,GO:0045747,Positive Regulation Of Notch Signaling Pathway
RNF220,GO:0045747,Positive Regulation Of Notch Signaling Pathway
AMMECR1,GO:0045747,Positive Regulation Of Notch Signaling Pathway
APEX1,GO:0035357,Peroxisome Proliferator Activated Receptor Signaling Pathway
CPX-6030,GO:0035357,Peroxisome Proliferator Activated Receptor Signaling Pathway
TBK1,GO:0035357,Peroxisome Proliferator Activated Receptor Signaling Pathway
HDAC6,GO:0035357,Peroxisome Proliferator Activated Receptor Signaling Pathway
CPX-2666,GO:0035357,Peroxisome Proliferator Activated Receptor Signaling Pathway
CPX-5634,GO:0035357,Peroxisome Proliferator Activated Receptor Signaling Pathway
LCK,GO:0035357,Peroxisome Proliferator Activated Receptor Signaling Pathway
CPX-265,GO:0035357,Peroxisome Proliferator Activated Receptor Signaling Pathway
ISG15,GO:0035357,Peroxisome Proliferator Activated Receptor Signaling Pathway
AR,GO:0035357,Peroxisome Proliferator Activated Receptor Signaling Pathway
CPX-508,GO:0035357,Peroxisome Proliferator Activated Receptor Signaling Pathway
CPX-513,GO:0035357,Peroxisome Proliferator Activated Receptor Signaling Pathway
CPX-5342,GO:0035357,Peroxisome Proliferator Activated Receptor Signaling Pathway
CPX-631,GO:0035357,Peroxisome Proliferator Activated Receptor Signaling Pathway
CPX-632,GO:0035357,Peroxisome Proliferator Activated Receptor Signaling Pathway
CPX-654,GO:0035357,Peroxisome Proliferator Activated Receptor Signaling Pathway
CPX-662,GO:0035357,Peroxisome Proliferator Activated Receptor Signaling Pathway
CPX-664,GO:0035357,Peroxisome Proliferator Activated Receptor Signaling Pathway
CPX-678,GO:0035357,Peroxisome Proliferator Activated Receptor Signaling Pathway
CPX-816,GO:0035357,Peroxisome Proliferator Activated Receptor Signaling Pathway
CPX-6597,GO:0035357,Peroxisome Proliferator Activated Receptor Signaling Pathway
CPX-525,GO:0035357,Peroxisome Proliferator Activated Receptor Signaling Pathway
CPX-666,GO:0035357,Peroxisome Proliferator Activated Receptor Signaling Pathway
HPGDS,GO:0035357,Peroxisome Proliferator Activated Receptor Signaling Pathway
CPX-17,GO:0035357,Peroxisome Proliferator Activated Receptor Signaling Pathway
CPX-6593,GO:0035357,Peroxisome Proliferator Activated Receptor Signaling Pathway
CPX-6595,GO:0035357,Peroxisome Proliferator Activated Receptor Signaling Pathway
CPX-5661,GO:0035357,Peroxisome Proliferator Activated Receptor Signaling Pathway
PTPN1,GO:0035357,Peroxisome Proliferator Activated Receptor Signaling Pathway
CPX-6482,GO:0035357,Peroxisome Proliferator Activated Receptor Signaling Pathway
CPX-6581,GO:0035357,Peroxisome Proliferator Activated Receptor Signaling Pathway
ZAP70,GO:0035357,Peroxisome Proliferator Activated Receptor Signaling Pathway
ALOX5,GO:0035357,Peroxisome Proliferator Activated Receptor Signaling Pathway
LAMP2,GO:0035357,Peroxisome Proliferator Activated Receptor Signaling Pathway
RAN,GO:0035357,Peroxisome Proliferator Activated Receptor Signaling Pathway
NTHL1,GO:0006281,DNA Repair
CPX-6266,GO:0006281,DNA Repair
CPX-484,GO:0006281,DNA Repair
CPX-8175,GO:0006281,DNA Repair
FEN1,GO:0006281,DNA Repair
CPX-3301,GO:0006281,DNA Repair
NHEJ1,GO:0006281,DNA Repair
DNA2,GO:0006281,DNA Repair
CPX-3481,GO:0006281,DNA Repair
CPX-994,GO:0006281,DNA Repair
CPX-4426,GO:0006281,DNA Repair
CPX-979,GO:0006281,DNA Repair
CPX-985,GO:0006281,DNA Repair
ATAD5,GO:0006281,DNA Repair
CPX-2087,GO:0006281,DNA Repair
FAN1,GO:0006281,DNA Repair
DCLRE1B,GO:0006281,DNA Repair
NEK2,GO:0006281,DNA Repair
VRK1,GO:0006281,DNA Repair
KIF11,GO:0006281,DNA Repair
DBF4,GO:0006281,DNA Repair
BUB1,GO:0006281,DNA Repair
DONSON,GO:0006281,DNA Repair
CENPF,GO:0006281,DNA Repair
CPX-7113,GO:0006281,DNA Repair
CPX-5646,GO:0006281,DNA Repair
RACGAP1,GO:0006281,DNA Repair
FAM83D,GO:0006281,DNA Repair
KIF4A,GO:0006281,DNA Repair
HASPIN,GO:0006281,DNA Repair
TRIP13,GO:0006281,DNA Repair
KIF22,GO:0006281,DNA Repair
KIF20A,GO:0006281,DNA Repair
KNSTRN,GO:0006281,DNA Repair
SGO1,GO:0006281,DNA Repair
POC1A,GO:0006281,DNA Repair
CKAP2L,GO:0006281,DNA Repair
KIF15,GO:0006281,DNA Repair
CPX-5644,GO:0006281,DNA Repair
SLX4IP,GO:0006281,DNA Repair
CEP63,GO:0006281,DNA Repair
MASTL,GO:0006281,DNA Repair
CPX-745,GO:0006281,DNA Repair
POLK,GO:0006281,DNA Repair
MSH4,GO:0006281,DNA Repair
POLQ,GO:0006281,DNA Repair
CPX-2186,GO:0006281,DNA Repair
MEIOB,GO:0006281,DNA Repair
ATR,GO:0006281,DNA Repair
MLH3,GO:0006281,DNA Repair
RTEL1,GO:0006281,DNA Repair
RFWD3,GO:0006281,DNA Repair
POLH,GO:0006281,DNA Repair
CPX-618,GO:0006281,DNA Repair
DDX11,GO:0006281,DNA Repair
PRIMPOL,GO:0006281,DNA Repair
TRAIP,GO:0006281,DNA Repair
CPX-6661,GO:0006281,DNA Repair
CTDP1,GO:0006281,DNA Repair
CARMIL2,GO:0006281,DNA Repair
CRYBA4,GO:0006281,DNA Repair
ZNF711,GO:0006281,DNA Repair
CPX-6641,GO:0006281,DNA Repair
CLMP,GO:0006281,DNA Repair
CSNK2A2,GO:0033211,Adiponectin-Activated Signaling Pathway
CSNK2B,GO:0033211,Adiponectin-Activated Signaling Pathway
HDAC5,GO:0033211,Adiponectin-Activated Signaling Pathway
CPX-2515,GO:0033211,Adiponectin-Activated Signaling Pathway
CPX-2283,GO:0033211,Adiponectin-Activated Signaling Pathway
CPX-2285,GO:0033211,Adiponectin-Activated Signaling Pathway
CPX-2286,GO:0033211,Adiponectin-Activated Signaling Pathway
CPX-2288,GO:0033211,Adiponectin-Activated Signaling Pathway
CPX-2289,GO:0033211,Adiponectin-Activated Signaling Pathway
CPX-2290,GO:0033211,Adiponectin-Activated Signaling Pathway
CPX-7581,GO:0033211,Adiponectin-Activated Signaling Pathway
CPX-7582,GO:0033211,Adiponectin-Activated Signaling Pathway
CPX-7583,GO:0033211,Adiponectin-Activated Signaling Pathway
CPX-7584,GO:0033211,Adiponectin-Activated Signaling Pathway
CPX-7585,GO:0033211,Adiponectin-Activated Signaling Pathway
CPX-7586,GO:0033211,Adiponectin-Activated Signaling Pathway
CHD8,GO:0033211,Adiponectin-Activated Signaling Pathway
CPX-8081,GO:0033211,Adiponectin-Activated Signaling Pathway
RBM28,GO:0003723,RNA Binding
CPX-2735,GO:0003723,RNA Binding
CPX-2740,GO:0003723,RNA Binding
CPX-2749,GO:0003723,RNA Binding
SBDS,GO:0003723,RNA Binding
USP16,GO:0003723,RNA Binding
MBTPS2,GO:0003723,RNA Binding
IPO8,GO:0003723,RNA Binding
COA6,GO:0003723,RNA Binding
DHX30,GO:0003723,RNA Binding
UPF3B,GO:0003723,RNA Binding
CPX-476,GO:0003723,RNA Binding
CPX-591,GO:0003723,RNA Binding
CPX-592,GO:0003723,RNA Binding
CPX-593,GO:0003723,RNA Binding
CPX-600,GO:0003723,RNA Binding
PAFAH1B1,GO:0003723,RNA Binding
DLEC1,GO:0003723,RNA Binding
NSUN2,GO:0003723,RNA Binding
DHX16,GO:0003723,RNA Binding
CPX-2707,GO:0003723,RNA Binding
CPX-2694,GO:0003723,RNA Binding
FKBP10,GO:0003723,RNA Binding
CPX-2871,GO:0003723,RNA Binding
SON,GO:0003723,RNA Binding
RIOK1,GO:0003723,RNA Binding
NKAP,GO:0003723,RNA Binding
NSUN5,GO:0003723,RNA Binding
PPIL1,GO:0003723,RNA Binding
WBP11,GO:0003723,RNA Binding
CDC40,GO:0003723,RNA Binding
DIS3L2,GO:0003723,RNA Binding
METTL27,GO:0003723,RNA Binding
TSR2,GO:0003723,RNA Binding
DHX38,GO:0003723,RNA Binding
DHX37,GO:0003723,RNA Binding
DDX59,GO:0003723,RNA Binding
TRMT1,GO:0003723,RNA Binding
CPX-2850,GO:0003723,RNA Binding
MCF2L2,GO:0003723,RNA Binding
CWC27,GO:0003723,RNA Binding
MLLT6,GO:0003723,RNA Binding
RTTN,GO:0003723,RNA Binding
THADA,GO:0003723,RNA Binding
RFT1,GO:0003723,RNA Binding
QDPR,GO:0004114,"3',5'-Cyclic-Nucleotide Phosphodiesterase Activity"
HTR6,GO:0004114,"3',5'-Cyclic-Nucleotide Phosphodiesterase Activity"
DAO,GO:0004114,"3',5'-Cyclic-Nucleotide Phosphodiesterase Activity"
PRODH,GO:0004114,"3',5'-Cyclic-Nucleotide Phosphodiesterase Activity"
DBH,GO:0004114,"3',5'-Cyclic-Nucleotide Phosphodiesterase Activity"
GPSM2,GO:0004114,"3',5'-Cyclic-Nucleotide Phosphodiesterase Activity"
DDC,GO:0004114,"3',5'-Cyclic-Nucleotide Phosphodiesterase Activity"
RHO,GO:0004114,"3',5'-Cyclic-Nucleotide Phosphodiesterase Activity"
ARR3,GO:0004114,"3',5'-Cyclic-Nucleotide Phosphodiesterase Activity"
SSTR3,GO:0004114,"3',5'-Cyclic-Nucleotide Phosphodiesterase Activity"
TRIO,GO:0004114,"3',5'-Cyclic-Nucleotide Phosphodiesterase Activity"
ADRA1A,GO:0004114,"3',5'-Cyclic-Nucleotide Phosphodiesterase Activity"
BDKRB2,GO:0004114,"3',5'-Cyclic-Nucleotide Phosphodiesterase Activity"
NHLH2,GO:0004114,"3',5'-Cyclic-Nucleotide Phosphodiesterase Activity"
SLC22A3,GO:0004114,"3',5'-Cyclic-Nucleotide Phosphodiesterase Activity"
ADCY3,GO:0004114,"3',5'-Cyclic-Nucleotide Phosphodiesterase Activity"
GLA,GO:0004114,"3',5'-Cyclic-Nucleotide Phosphodiesterase Activity"
PLA2G6,GO:0004114,"3',5'-Cyclic-Nucleotide Phosphodiesterase Activity"
CSNK1D,GO:0004114,"3',5'-Cyclic-Nucleotide Phosphodiesterase Activity"
DNAL1,GO:0004114,"3',5'-Cyclic-Nucleotide Phosphodiesterase Activity"
GMPPB,GO:0004114,"3',5'-Cyclic-Nucleotide Phosphodiesterase Activity"
ADCY6,GO:0004114,"3',5'-Cyclic-Nucleotide Phosphodiesterase Activity"
GGT1,GO:0004114,"3',5'-Cyclic-Nucleotide Phosphodiesterase Activity"
SLC19A2,GO:0004114,"3',5'-Cyclic-Nucleotide Phosphodiesterase Activity"
PDE5A,GO:0004114,"3',5'-Cyclic-Nucleotide Phosphodiesterase Activity"
CPX-890,GO:0004114,"3',5'-Cyclic-Nucleotide Phosphodiesterase Activity"
PDE1C,GO:0004114,"3',5'-Cyclic-Nucleotide Phosphodiesterase Activity"
GIPR,GO:0004114,"3',5'-Cyclic-Nucleotide Phosphodiesterase Activity"
TBX1,GO:0004114,"3',5'-Cyclic-Nucleotide Phosphodiesterase Activity"
SLC5A5,GO:0004114,"3',5'-Cyclic-Nucleotide Phosphodiesterase Activity"
TAS2R46,GO:0004114,"3',5'-Cyclic-Nucleotide Phosphodiesterase Activity"
PTGIR,GO:0004114,"3',5'-Cyclic-Nucleotide Phosphodiesterase Activity"
PDE1B,GO:0004114,"3',5'-Cyclic-Nucleotide Phosphodiesterase Activity"
PDE1A,GO:0004114,"3',5'-Cyclic-Nucleotide Phosphodiesterase Activity"
CPX-1736,GO:0004114,"3',5'-Cyclic-Nucleotide Phosphodiesterase Activity"
CPX-1725,GO:0004114,"3',5'-Cyclic-Nucleotide Phosphodiesterase Activity"
EPS8,GO:0004114,"3',5'-Cyclic-Nucleotide Phosphodiesterase Activity"
DPYSL5,GO:0004114,"3',5'-Cyclic-Nucleotide Phosphodiesterase Activity"
PTF1A,GO:0004114,"3',5'-Cyclic-Nucleotide Phosphodiesterase Activity"
CAPN10,GO:0004114,"3',5'-Cyclic-Nucleotide Phosphodiesterase Activity"
CPT1C,GO:0004114,"3',5'-Cyclic-Nucleotide Phosphodiesterase Activity"
HBA2,GO:0004114,"3',5'-Cyclic-Nucleotide Phosphodiesterase Activity"
ARMC5,GO:0004114,"3',5'-Cyclic-Nucleotide Phosphodiesterase Activity"
PRX,GO:0004114,"3',5'-Cyclic-Nucleotide Phosphodiesterase Activity"
ZP3,GO:0004114,"3',5'-Cyclic-Nucleotide Phosphodiesterase Activity"
HBA1,GO:0004114,"3',5'-Cyclic-Nucleotide Phosphodiesterase Activity"
OPLAH,GO:0004114,"3',5'-Cyclic-Nucleotide Phosphodiesterase Activity"
TSSK1B,GO:0004114,"3',5'-Cyclic-Nucleotide Phosphodiesterase Activity"
ADGRG2,GO:0004114,"3',5'-Cyclic-Nucleotide Phosphodiesterase Activity"
SPEG,GO:0004114,"3',5'-Cyclic-Nucleotide Phosphodiesterase Activity"
PNKD,GO:0004114,"3',5'-Cyclic-Nucleotide Phosphodiesterase Activity"
TKFC,GO:0004114,"3',5'-Cyclic-Nucleotide Phosphodiesterase Activity"
BEAN1,GO:0004114,"3',5'-Cyclic-Nucleotide Phosphodiesterase Activity"
CPX-2933,GO:0004114,"3',5'-Cyclic-Nucleotide Phosphodiesterase Activity"
PDE4C,GO:0004114,"3',5'-Cyclic-Nucleotide Phosphodiesterase Activity"
ADORA2B,GO:0033344,Cholesterol Efflux
PITX3,GO:0033344,Cholesterol Efflux
CPX-665,GO:0033344,Cholesterol Efflux
SERPINA6,GO:0033344,Cholesterol Efflux
LMX1B,GO:0033344,Cholesterol Efflux
DGKE,GO:0033344,Cholesterol Efflux
CCDC62,GO:0033344,Cholesterol Efflux
ABCA12,GO:0033344,Cholesterol Efflux
SEC23A,GO:0033344,Cholesterol Efflux
DNAJC5,GO:0033344,Cholesterol Efflux
REPS1,GO:0033344,Cholesterol Efflux
GLIS2,GO:0033344,Cholesterol Efflux
ABCG8,GO:0033344,Cholesterol Efflux
ABCG5,GO:0033344,Cholesterol Efflux
CYP24A1,GO:0033344,Cholesterol Efflux
MGLL,GO:0033344,Cholesterol Efflux
SOAT1,GO:0033344,Cholesterol Efflux
PGRMC1,GO:0033344,Cholesterol Efflux
CNR2,GO:0033344,Cholesterol Efflux
SLC4A1,GO:0033344,Cholesterol Efflux
CA13,GO:0033344,Cholesterol Efflux
CA7,GO:0033344,Cholesterol Efflux
MC2R,GO:0033344,Cholesterol Efflux
MRAP,GO:0033344,Cholesterol Efflux
NPR3,GO:0033344,Cholesterol Efflux
SLC5A1,GO:0033344,Cholesterol Efflux
CPX-2677,GO:0033344,Cholesterol Efflux
CRYM,GO:0033344,Cholesterol Efflux
CA14,GO:0033344,Cholesterol Efflux
PNPLA8,GO:0033344,Cholesterol Efflux
PPT1,GO:0033344,Cholesterol Efflux
CPX-929,GO:0033344,Cholesterol Efflux
SLC16A2,GO:0033344,Cholesterol Efflux
ORMDL3,GO:0033344,Cholesterol Efflux
INSL3,GO:0033344,Cholesterol Efflux
MSMB,GO:0033344,Cholesterol Efflux
SH3TC2,GO:0033344,Cholesterol Efflux
KRT3,GO:0033344,Cholesterol Efflux
KDELR2,GO:0033344,Cholesterol Efflux
TTBK2,GO:0033344,Cholesterol Efflux
EVC,GO:0033344,Cholesterol Efflux
SLC24A5,GO:0033344,Cholesterol Efflux
RFX6,GO:0033344,Cholesterol Efflux
RCC1L,GO:0033344,Cholesterol Efflux
HSF4,GO:0033344,Cholesterol Efflux
STXBP2,GO:0033344,Cholesterol Efflux
ANO10,GO:0033344,Cholesterol Efflux
LIMS2,GO:0033344,Cholesterol Efflux
LMOD1,GO:0033344,Cholesterol Efflux
LMAN2L,GO:0033344,Cholesterol Efflux
GOSR2,GO:0033344,Cholesterol Efflux
BTG4,GO:0033344,Cholesterol Efflux
RHD,GO:0033344,Cholesterol Efflux
NQO2,GO:0033344,Cholesterol Efflux
CPX-6152,GO:0033344,Cholesterol Efflux
ARHGEF10,GO:0033344,Cholesterol Efflux
CRYBB1,GO:0033344,Cholesterol Efflux
SLC45A1,GO:0033344,Cholesterol Efflux
CPX-8182,GO:1905114,Cell Surface Receptor Signaling Pathway Involved In Cell-Cell Signaling
ACVR1B,GO:1905114,Cell Surface Receptor Signaling Pathway Involved In Cell-Cell Signaling
LRP5,GO:1905114,Cell Surface Receptor Signaling Pathway Involved In Cell-Cell Signaling
SP7,GO:1905114,Cell Surface Receptor Signaling Pathway Involved In Cell-Cell Signaling
TAB2,GO:1905114,Cell Surface Receptor Signaling Pathway Involved In Cell-Cell Signaling
ROS1,GO:1905114,Cell Surface Receptor Signaling Pathway Involved In Cell-Cell Signaling
CTNND1,GO:1905114,Cell Surface Receptor Signaling Pathway Involved In Cell-Cell Signaling
MTUS1,GO:1905114,Cell Surface Receptor Signaling Pathway Involved In Cell-Cell Signaling
TAB1,GO:1905114,Cell Surface Receptor Signaling Pathway Involved In Cell-Cell Signaling
ACVR2A,GO:1905114,Cell Surface Receptor Signaling Pathway Involved In Cell-Cell Signaling
BMP4,GO:1905114,Cell Surface Receptor Signaling Pathway Involved In Cell-Cell Signaling
PRDM16,GO:1905114,Cell Surface Receptor Signaling Pathway Involved In Cell-Cell Signaling
TFE3,GO:1905114,Cell Surface Receptor Signaling Pathway Involved In Cell-Cell Signaling
DLL1,GO:1905114,Cell Surface Receptor Signaling Pathway Involved In Cell-Cell Signaling
HIVEP2,GO:1905114,Cell Surface Receptor Signaling Pathway Involved In Cell-Cell Signaling
BMP2,GO:1905114,Cell Surface Receptor Signaling Pathway Involved In Cell-Cell Signaling
IL1RN,GO:1905114,Cell Surface Receptor Signaling Pathway Involved In Cell-Cell Signaling
CD40LG,GO:1905114,Cell Surface Receptor Signaling Pathway Involved In Cell-Cell Signaling
CPX-888,GO:1905114,Cell Surface Receptor Signaling Pathway Involved In Cell-Cell Signaling
CPX-3079,GO:1905114,Cell Surface Receptor Signaling Pathway Involved In Cell-Cell Signaling
CPX-3082,GO:1905114,Cell Surface Receptor Signaling Pathway Involved In Cell-Cell Signaling
BCL10,GO:1905114,Cell Surface Receptor Signaling Pathway Involved In Cell-Cell Signaling
MAP2K4,GO:1905114,Cell Surface Receptor Signaling Pathway Involved In Cell-Cell Signaling
DUSP6,GO:1905114,Cell Surface Receptor Signaling Pathway Involved In Cell-Cell Signaling
MAP3K3,GO:1905114,Cell Surface Receptor Signaling Pathway Involved In Cell-Cell Signaling
CTNNA1,GO:1905114,Cell Surface Receptor Signaling Pathway Involved In Cell-Cell Signaling
BCL3,GO:1905114,Cell Surface Receptor Signaling Pathway Involved In Cell-Cell Signaling
SH2B3,GO:1905114,Cell Surface Receptor Signaling Pathway Involved In Cell-Cell Signaling
CPX-6401,GO:1905114,Cell Surface Receptor Signaling Pathway Involved In Cell-Cell Signaling
CPX-9,GO:1905114,Cell Surface Receptor Signaling Pathway Involved In Cell-Cell Signaling
WNT1,GO:1905114,Cell Surface Receptor Signaling Pathway Involved In Cell-Cell Signaling
HAMP,GO:1905114,Cell Surface Receptor Signaling Pathway Involved In Cell-Cell Signaling
JAG2,GO:1905114,Cell Surface Receptor Signaling Pathway Involved In Cell-Cell Signaling
CPX-440,GO:1905114,Cell Surface Receptor Signaling Pathway Involved In Cell-Cell Signaling
CPX-443,GO:1905114,Cell Surface Receptor Signaling Pathway Involved In Cell-Cell Signaling
PTCH1,GO:1905114,Cell Surface Receptor Signaling Pathway Involved In Cell-Cell Signaling
NFIX,GO:1905114,Cell Surface Receptor Signaling Pathway Involved In Cell-Cell Signaling
NDRG1,GO:1905114,Cell Surface Receptor Signaling Pathway Involved In Cell-Cell Signaling
HMGB3,GO:1905114,Cell Surface Receptor Signaling Pathway Involved In Cell-Cell Signaling
NLK,GO:1905114,Cell Surface Receptor Signaling Pathway Involved In Cell-Cell Signaling
OXR1,GO:1905114,Cell Surface Receptor Signaling Pathway Involved In Cell-Cell Signaling
NR4A3,GO:1905114,Cell Surface Receptor Signaling Pathway Involved In Cell-Cell Signaling
HERC1,GO:1905114,Cell Surface Receptor Signaling Pathway Involved In Cell-Cell Signaling
LGMN,GO:0030509,BMP Signaling Pathway
SAT1,GO:0030509,BMP Signaling Pathway
HAX1,GO:0030509,BMP Signaling Pathway
HIKESHI,GO:0030509,BMP Signaling Pathway
CPX-2624,GO:0030509,BMP Signaling Pathway
PRKCSH,GO:0030509,BMP Signaling Pathway
DNAJC3,GO:0030509,BMP Signaling Pathway
LPIN1,GO:0030509,BMP Signaling Pathway
GDF1,GO:0030509,BMP Signaling Pathway
BMP15,GO:0030509,BMP Signaling Pathway
CFC1,GO:0030509,BMP Signaling Pathway
CIDEA,GO:0030509,BMP Signaling Pathway
AMH,GO:0030509,BMP Signaling Pathway
ZBTB18,GO:0030509,BMP Signaling Pathway
PLCZ1,GO:0030509,BMP Signaling Pathway
PLCE1,GO:0030509,BMP Signaling Pathway
DLX3,GO:0030509,BMP Signaling Pathway
SPINK1,GO:0030509,BMP Signaling Pathway
CHCHD2,GO:0030509,BMP Signaling Pathway
CPX-8024,GO:0030509,BMP Signaling Pathway
PLAG1,GO:0030509,BMP Signaling Pathway
CIDEC,GO:0030509,BMP Signaling Pathway
POFUT1,GO:0030509,BMP Signaling Pathway
KRT13,GO:0030509,BMP Signaling Pathway
TBCD,GO:0030509,BMP Signaling Pathway
DIO1,GO:0030509,BMP Signaling Pathway
AMHR2,GO:0030509,BMP Signaling Pathway
SHOX,GO:0030509,BMP Signaling Pathway
ZIC3,GO:0030509,BMP Signaling Pathway
LEFTY2,GO:0030509,BMP Signaling Pathway
MYOC,GO:0030509,BMP Signaling Pathway
DNAJC13,GO:0030509,BMP Signaling Pathway
CPX-2332,GO:0030509,BMP Signaling Pathway
CPX-2514,GO:0030509,BMP Signaling Pathway
CPX-2542,GO:0030509,BMP Signaling Pathway
PIP4K2C,GO:0030509,BMP Signaling Pathway
PRCC,GO:0030509,BMP Signaling Pathway
MTCP1,GO:0030509,BMP Signaling Pathway
MTMR14,GO:0030509,BMP Signaling Pathway
LHX3,GO:0030509,BMP Signaling Pathway
ARL11,GO:0030509,BMP Signaling Pathway
FNBP1,GO:0030509,BMP Signaling Pathway
TNIK,GO:0030509,BMP Signaling Pathway
FLRT3,GO:0030509,BMP Signaling Pathway
EPHA6,GO:0030509,BMP Signaling Pathway
OCRL,GO:0030509,BMP Signaling Pathway
PIP4K2B,GO:0030509,BMP Signaling Pathway
MAP3K21,GO:0030509,BMP Signaling Pathway
SOX5,GO:0030509,BMP Signaling Pathway
BMP2K,GO:0030509,BMP Signaling Pathway
PKN3,GO:0030509,BMP Signaling Pathway
STK24,GO:0030509,BMP Signaling Pathway
KIRREL3,GO:0030509,BMP Signaling Pathway
STX11,GO:0030509,BMP Signaling Pathway
RIPK4,GO:0030509,BMP Signaling Pathway
TP53RK,GO:0030509,BMP Signaling Pathway
STK32C,GO:0030509,BMP Signaling Pathway
NAXE,GO:0030509,BMP Signaling Pathway
NHLRC2,GO:0030509,BMP Signaling Pathway
LINS1,GO:0030509,BMP Signaling Pathway
MC5R,GO:0030509,BMP Signaling Pathway
ALG3,GO:0030509,BMP Signaling Pathway
SEMA6B,GO:0030509,BMP Signaling Pathway
LACC1,GO:0030509,BMP Signaling Pathway
KIZ,GO:0030509,BMP Signaling Pathway
FTO,GO:0062023,Collagen-Containing Extracellular Matrix
EDNRA,GO:0062023,Collagen-Containing Extracellular Matrix
GRK6,GO:0062023,Collagen-Containing Extracellular Matrix
CPX-1778,GO:0062023,Collagen-Containing Extracellular Matrix
CPX-1783,GO:0062023,Collagen-Containing Extracellular Matrix
SFTPA1,GO:0062023,Collagen-Containing Extracellular Matrix
PTH,GO:0062023,Collagen-Containing Extracellular Matrix
BGN,GO:0062023,Collagen-Containing Extracellular Matrix
FBLN1,GO:0062023,Collagen-Containing Extracellular Matrix
CPX-1759,GO:0062023,Collagen-Containing Extracellular Matrix
JAM2,GO:0062023,Collagen-Containing Extracellular Matrix
MCF2,GO:0062023,Collagen-Containing Extracellular Matrix
ACVRL1,GO:0062023,Collagen-Containing Extracellular Matrix
PANX1,GO:0062023,Collagen-Containing Extracellular Matrix
CCR4,GO:0062023,Collagen-Containing Extracellular Matrix
BLK,GO:0062023,Collagen-Containing Extracellular Matrix
LTA4H,GO:0062023,Collagen-Containing Extracellular Matrix
SERPINB2,GO:0062023,Collagen-Containing Extracellular Matrix
CTSE,GO:0062023,Collagen-Containing Extracellular Matrix
CPX-1777,GO:0062023,Collagen-Containing Extracellular Matrix
CPX-1774,GO:0062023,Collagen-Containing Extracellular Matrix
CPX-3165,GO:0062023,Collagen-Containing Extracellular Matrix
CPX-1788,GO:0062023,Collagen-Containing Extracellular Matrix
CLDN11,GO:0062023,Collagen-Containing Extracellular Matrix
EFNB1,GO:0062023,Collagen-Containing Extracellular Matrix
CD151,GO:0062023,Collagen-Containing Extracellular Matrix
EPHB1,GO:0062023,Collagen-Containing Extracellular Matrix
RRAS2,GO:0062023,Collagen-Containing Extracellular Matrix
TIAM1,GO:0062023,Collagen-Containing Extracellular Matrix
NRTN,GO:0062023,Collagen-Containing Extracellular Matrix
PTS,GO:0062023,Collagen-Containing Extracellular Matrix
PIK3C2B,GO:0062023,Collagen-Containing Extracellular Matrix
PLXNA1,GO:0062023,Collagen-Containing Extracellular Matrix
NECTIN1,GO:0062023,Collagen-Containing Extracellular Matrix
FERMT3,GO:0062023,Collagen-Containing Extracellular Matrix
PLVAP,GO:0062023,Collagen-Containing Extracellular Matrix
ESRP1,GO:0062023,Collagen-Containing Extracellular Matrix
LRPAP1,GO:0062023,Collagen-Containing Extracellular Matrix
ELMO2,GO:0062023,Collagen-Containing Extracellular Matrix
ROBO2,GO:0062023,Collagen-Containing Extracellular Matrix
CLEC3B,GO:0062023,Collagen-Containing Extracellular Matrix
EFEMP1,GO:0062023,Collagen-Containing Extracellular Matrix
RIT1,GO:0062023,Collagen-Containing Extracellular Matrix
WDCP,GO:0062023,Collagen-Containing Extracellular Matrix
EPHB6,GO:0062023,Collagen-Containing Extracellular Matrix
CPX-8462,GO:0062023,Collagen-Containing Extracellular Matrix
CPX-8465,GO:0062023,Collagen-Containing Extracellular Matrix
PRG4,GO:0062023,Collagen-Containing Extracellular Matrix
TBX4,GO:0062023,Collagen-Containing Extracellular Matrix
SLITRK6,GO:0062023,Collagen-Containing Extracellular Matrix
RXRG,GO:0003723,RNA Binding
CPX-652,GO:0003723,RNA Binding
CPX-716,GO:0003723,RNA Binding
CPX-2338,GO:0003723,RNA Binding
EIF2AK1,GO:0003723,RNA Binding
EIF2AK4,GO:0003723,RNA Binding
NCOA4,GO:0003723,RNA Binding
USP8,GO:0003723,RNA Binding
CPX-4747,GO:0003723,RNA Binding
RC3H1,GO:0003723,RNA Binding
NISCH,GO:0003723,RNA Binding
SFTPA2,GO:0003723,RNA Binding
IHH,GO:0003723,RNA Binding
ZFP36L2,GO:0003723,RNA Binding
HIPK3,GO:0003723,RNA Binding
CPX-2530,GO:0003723,RNA Binding
GDF9,GO:0003723,RNA Binding
PTPRN2,GO:0003723,RNA Binding
CPX-2210,GO:0003723,RNA Binding
PAK1,GO:0003723,RNA Binding
TRIP11,GO:0003723,RNA Binding
CPX-2440,GO:0003723,RNA Binding
FMN2,GO:0003723,RNA Binding
GRHL3,GO:0003723,RNA Binding
LEMD2,GO:0003723,RNA Binding
PKN1,GO:0003723,RNA Binding
PAX2,GO:0003723,RNA Binding
RABL3,GO:0003723,RNA Binding
WBP2,GO:0003723,RNA Binding
CPX-6411,GO:0003723,RNA Binding
HNRNPDL,GO:0003723,RNA Binding
CPX-2698,GO:0003723,RNA Binding
CNTRL,GO:0003723,RNA Binding
MN1,GO:0003723,RNA Binding
KLF11,GO:0003723,RNA Binding
EMX2,GO:0003723,RNA Binding
PRKRA,GO:0003723,RNA Binding
CSNK1G2,GO:0003723,RNA Binding
RNF6,GO:0003723,RNA Binding
DDX3Y,GO:0003723,RNA Binding
PORCN,GO:0003723,RNA Binding
CCDC6,GO:0003723,RNA Binding
TMEM63C,GO:0003723,RNA Binding
STK25,GO:0003723,RNA Binding
RUSC2,GO:0003723,RNA Binding
MAST1,GO:0003723,RNA Binding
DDX42,GO:0003723,RNA Binding
ZNHIT3,GO:0003723,RNA Binding
PQBP1,GO:0003723,RNA Binding
CPX-6151,GO:0004812,aminoacyl-tRNA Ligase Activity
GFM1,GO:0004812,aminoacyl-tRNA Ligase Activity
EFL1,GO:0004812,aminoacyl-tRNA Ligase Activity
GUF1,GO:0004812,aminoacyl-tRNA Ligase Activity
EIF5B,GO:0004812,aminoacyl-tRNA Ligase Activity
TSFM,GO:0004812,aminoacyl-tRNA Ligase Activity
TUFM,GO:0004812,aminoacyl-tRNA Ligase Activity
YARS1,GO:0004812,aminoacyl-tRNA Ligase Activity
VARS1,GO:0004812,aminoacyl-tRNA Ligase Activity
ASNS,GO:0004812,aminoacyl-tRNA Ligase Activity
TKT,GO:0004812,aminoacyl-tRNA Ligase Activity
SARS1,GO:0004812,aminoacyl-tRNA Ligase Activity
CLPB,GO:0004812,aminoacyl-tRNA Ligase Activity
ACACA,GO:0004812,aminoacyl-tRNA Ligase Activity
CPX-6177,GO:0004812,aminoacyl-tRNA Ligase Activity
AARS1,GO:0004812,aminoacyl-tRNA Ligase Activity
CPX-2216,GO:0004812,aminoacyl-tRNA Ligase Activity
CPX-6245,GO:0004812,aminoacyl-tRNA Ligase Activity
CPX-6155,GO:0004812,aminoacyl-tRNA Ligase Activity
CPX-6161,GO:0004812,aminoacyl-tRNA Ligase Activity
PTGIS,GO:0004812,aminoacyl-tRNA Ligase Activity
TRIT1,GO:0004812,aminoacyl-tRNA Ligase Activity
NARS1,GO:0004812,aminoacyl-tRNA Ligase Activity
NARS2,GO:0004812,aminoacyl-tRNA Ligase Activity
HARS1,GO:0004812,aminoacyl-tRNA Ligase Activity
YARS2,GO:0004812,aminoacyl-tRNA Ligase Activity
PEPD,GO:0004812,aminoacyl-tRNA Ligase Activity
PCK2,GO:0004812,aminoacyl-tRNA Ligase Activity
CPX-6174,GO:0004812,aminoacyl-tRNA Ligase Activity
ACADVL,GO:0004812,aminoacyl-tRNA Ligase Activity
MTR,GO:0004812,aminoacyl-tRNA Ligase Activity
ACO2,GO:0004812,aminoacyl-tRNA Ligase Activity
EHHADH,GO:0004812,aminoacyl-tRNA Ligase Activity
SORD,GO:0004812,aminoacyl-tRNA Ligase Activity
MDH2,GO:0004812,aminoacyl-tRNA Ligase Activity
FBP1,GO:0004812,aminoacyl-tRNA Ligase Activity
NME8,GO:0004812,aminoacyl-tRNA Ligase Activity
DTYMK,GO:0004812,aminoacyl-tRNA Ligase Activity
HLCS,GO:0004812,aminoacyl-tRNA Ligase Activity
PAICS,GO:0004812,aminoacyl-tRNA Ligase Activity
CTPS1,GO:0004812,aminoacyl-tRNA Ligase Activity
CAD,GO:0004812,aminoacyl-tRNA Ligase Activity
TARS1,GO:0004812,aminoacyl-tRNA Ligase Activity
ELAC2,GO:0004812,aminoacyl-tRNA Ligase Activity
SLC25A5,GO:0004812,aminoacyl-tRNA Ligase Activity
CPX-2842,GO:0004812,aminoacyl-tRNA Ligase Activity
MGME1,GO:0004812,aminoacyl-tRNA Ligase Activity
GTPBP3,GO:0004812,aminoacyl-tRNA Ligase Activity
DARS2,GO:0004812,aminoacyl-tRNA Ligase Activity
TTC5,GO:0004812,aminoacyl-tRNA Ligase Activity
PARS2,GO:0004812,aminoacyl-tRNA Ligase Activity
WARS2,GO:0004812,aminoacyl-tRNA Ligase Activity
AARS2,GO:0004812,aminoacyl-tRNA Ligase Activity
MARS2,GO:0004812,aminoacyl-tRNA Ligase Activity
FARS2,GO:0004812,aminoacyl-tRNA Ligase Activity
IARS2,GO:0004812,aminoacyl-tRNA Ligase Activity
TARS2,GO:0004812,aminoacyl-tRNA Ligase Activity
VARS2,GO:0004812,aminoacyl-tRNA Ligase Activity
HARS2,GO:0004812,aminoacyl-tRNA Ligase Activity
MTO1,GO:0004812,aminoacyl-tRNA Ligase Activity
TRNT1,GO:0004812,aminoacyl-tRNA Ligase Activity
SPG7,GO:0004812,aminoacyl-tRNA Ligase Activity
CPX-2208,GO:0004812,aminoacyl-tRNA Ligase Activity
SARS2,GO:0004812,aminoacyl-tRNA Ligase Activity
MEX3C,GO:0004812,aminoacyl-tRNA Ligase Activity
ERAL1,GO:0004812,aminoacyl-tRNA Ligase Activity
GFM2,GO:0004812,aminoacyl-tRNA Ligase Activity
QRICH1,GO:0004812,aminoacyl-tRNA Ligase Activity
DALRD3,GO:0004812,aminoacyl-tRNA Ligase Activity
ETHE1,GO:0004812,aminoacyl-tRNA Ligase Activity
SLC30A9,GO:0004812,aminoacyl-tRNA Ligase Activity
LARS2,GO:0004812,aminoacyl-tRNA Ligase Activity
TOR1A,GO:0061844,Antimicrobial Humoral Immune Response Mediated By Antimicrobial Peptide
SREBF1,GO:0061844,Antimicrobial Humoral Immune Response Mediated By Antimicrobial Peptide
CPX-2476,GO:0061844,Antimicrobial Humoral Immune Response Mediated By Antimicrobial Peptide
CPX-6129,GO:0061844,Antimicrobial Humoral Immune Response Mediated By Antimicrobial Peptide
CPX-6130,GO:0061844,Antimicrobial Humoral Immune Response Mediated By Antimicrobial Peptide
CPX-2393,GO:0061844,Antimicrobial Humoral Immune Response Mediated By Antimicrobial Peptide
CPX-7482,GO:0061844,Antimicrobial Humoral Immune Response Mediated By Antimicrobial Peptide
CPX-5183,GO:0061844,Antimicrobial Humoral Immune Response Mediated By Antimicrobial Peptide
CPX-7664,GO:0061844,Antimicrobial Humoral Immune Response Mediated By Antimicrobial Peptide
CPX-7665,GO:0061844,Antimicrobial Humoral Immune Response Mediated By Antimicrobial Peptide
SIL1,GO:0061844,Antimicrobial Humoral Immune Response Mediated By Antimicrobial Peptide
EEF2,GO:0061844,Antimicrobial Humoral Immune Response Mediated By Antimicrobial Peptide
PKM,GO:0061844,Antimicrobial Humoral Immune Response Mediated By Antimicrobial Peptide
EIF5A,GO:0061844,Antimicrobial Humoral Immune Response Mediated By Antimicrobial Peptide
RSRC1,GO:0061844,Antimicrobial Humoral Immune Response Mediated By Antimicrobial Peptide
XDH,GO:0061844,Antimicrobial Humoral Immune Response Mediated By Antimicrobial Peptide
SOD2,GO:0061844,Antimicrobial Humoral Immune Response Mediated By Antimicrobial Peptide
CYP1B1,GO:0061844,Antimicrobial Humoral Immune Response Mediated By Antimicrobial Peptide
HNF4A,GO:0061844,Antimicrobial Humoral Immune Response Mediated By Antimicrobial Peptide
PROM1,GO:0061844,Antimicrobial Humoral Immune Response Mediated By Antimicrobial Peptide
HPRT1,GO:0061844,Antimicrobial Humoral Immune Response Mediated By Antimicrobial Peptide
APOB,GO:0061844,Antimicrobial Humoral Immune Response Mediated By Antimicrobial Peptide
HSPD1,GO:0061844,Antimicrobial Humoral Immune Response Mediated By Antimicrobial Peptide
PGK1,GO:0061844,Antimicrobial Humoral Immune Response Mediated By Antimicrobial Peptide
DNAJB11,GO:0061844,Antimicrobial Humoral Immune Response Mediated By Antimicrobial Peptide
HSD11B2,GO:0061844,Antimicrobial Humoral Immune Response Mediated By Antimicrobial Peptide
ADA,GO:0061844,Antimicrobial Humoral Immune Response Mediated By Antimicrobial Peptide
HTRA2,GO:0061844,Antimicrobial Humoral Immune Response Mediated By Antimicrobial Peptide
C4B,GO:0061844,Antimicrobial Humoral Immune Response Mediated By Antimicrobial Peptide
GCK,GO:0061844,Antimicrobial Humoral Immune Response Mediated By Antimicrobial Peptide
CYP11A1,GO:0061844,Antimicrobial Humoral Immune Response Mediated By Antimicrobial Peptide
ARG1,GO:0061844,Antimicrobial Humoral Immune Response Mediated By Antimicrobial Peptide
PCK1,GO:0061844,Antimicrobial Humoral Immune Response Mediated By Antimicrobial Peptide
MMUT,GO:0061844,Antimicrobial Humoral Immune Response Mediated By Antimicrobial Peptide
PFKP,GO:0061844,Antimicrobial Humoral Immune Response Mediated By Antimicrobial Peptide
BRWD3,GO:0033033,Negative Regulation Of Myeloid Cell Apoptotic Process
TCEA1,GO:0033033,Negative Regulation Of Myeloid Cell Apoptotic Process
UBR7,GO:0033033,Negative Regulation Of Myeloid Cell Apoptotic Process
TLK2,GO:0033033,Negative Regulation Of Myeloid Cell Apoptotic Process
CCNO,GO:0033033,Negative Regulation Of Myeloid Cell Apoptotic Process
CEP78,GO:0033033,Negative Regulation Of Myeloid Cell Apoptotic Process
CPX-5992,GO:0033033,Negative Regulation Of Myeloid Cell Apoptotic Process
CPX-6086,GO:0033033,Negative Regulation Of Myeloid Cell Apoptotic Process
RECQL,GO:0033033,Negative Regulation Of Myeloid Cell Apoptotic Process
CPX-6365,GO:0033033,Negative Regulation Of Myeloid Cell Apoptotic Process
CPX-6367,GO:0033033,Negative Regulation Of Myeloid Cell Apoptotic Process
CPX-6382,GO:0033033,Negative Regulation Of Myeloid Cell Apoptotic Process
MSI2,GO:0033033,Negative Regulation Of Myeloid Cell Apoptotic Process
CPX-7901,GO:0033033,Negative Regulation Of Myeloid Cell Apoptotic Process
CPX-7902,GO:0033033,Negative Regulation Of Myeloid Cell Apoptotic Process
CPX-7903,GO:0033033,Negative Regulation Of Myeloid Cell Apoptotic Process
CPX-876,GO:0033033,Negative Regulation Of Myeloid Cell Apoptotic Process
MBOAT7,GO:0033033,Negative Regulation Of Myeloid Cell Apoptotic Process
MEI1,GO:0033033,Negative Regulation Of Myeloid Cell Apoptotic Process
SLC4A4,GO:0006821,Chloride Transport
MAB21L1,GO:0006821,Chloride Transport
SLC44A4,GO:0006821,Chloride Transport
CLCNKA,GO:0006821,Chloride Transport
IER3IP1,GO:0006821,Chloride Transport
STX16,GO:0006821,Chloride Transport
DAGLA,GO:0006821,Chloride Transport
CHKB,GO:0006821,Chloride Transport
SLC12A1,GO:0006821,Chloride Transport
CTNS,GO:0006821,Chloride Transport
SLC22A18,GO:0006821,Chloride Transport
CNNM2,GO:0006821,Chloride Transport
HYAL1,GO:0006821,Chloride Transport
SLC12A6,GO:0006821,Chloride Transport
CLDN16,GO:0006821,Chloride Transport
CLDN19,GO:0006821,Chloride Transport
SLC5A11,GO:0006821,Chloride Transport
ABCB6,GO:0006821,Chloride Transport
CLCN3,GO:0006821,Chloride Transport
ECEL1,GO:0006821,Chloride Transport
CPX-5043,GO:0006821,Chloride Transport
SLC17A9,GO:0006821,Chloride Transport
BSND,GO:0006821,Chloride Transport
CYBC1,GO:0006821,Chloride Transport
MTHFR,GO:0006096,Glycolytic Process
ALDH2,GO:0006096,Glycolytic Process
CPX-577,GO:0006096,Glycolytic Process
CPX-2469,GO:0006096,Glycolytic Process
PLA2G4A,GO:0006096,Glycolytic Process
CPX-496,GO:0006096,Glycolytic Process
CPX-2093,GO:0006096,Glycolytic Process
GSTO1,GO:0006096,Glycolytic Process
MGAM,GO:0006096,Glycolytic Process
IDH1,GO:0006096,Glycolytic Process
GSR,GO:0006096,Glycolytic Process
CPX-8502,GO:0006096,Glycolytic Process
CPX-8541,GO:0006096,Glycolytic Process
CPX-8560,GO:0006096,Glycolytic Process
G6PD,GO:0006096,Glycolytic Process
PPARA,GO:0006096,Glycolytic Process
NR1H4,GO:0006096,Glycolytic Process
CPX-2865,GO:0006096,Glycolytic Process
NR0B2,GO:0006096,Glycolytic Process
CYP27B1,GO:0006096,Glycolytic Process
HMGCR,GO:0006096,Glycolytic Process
HSD11B1,GO:0006096,Glycolytic Process
ABCG2,GO:0006096,Glycolytic Process
TYMS,GO:0006096,Glycolytic Process
FGFR4,GO:0006096,Glycolytic Process
FASN,GO:0006096,Glycolytic Process
GGCX,GO:0006096,Glycolytic Process
CYP3A4,GO:0006096,Glycolytic Process
GPT2,GO:0006096,Glycolytic Process
KL,GO:0006096,Glycolytic Process
TPI1,GO:0006096,Glycolytic Process
GLUL,GO:0006096,Glycolytic Process
CYP17A1,GO:0006096,Glycolytic Process
CPX-6573,GO:0006096,Glycolytic Process
CPX-6592,GO:0006096,Glycolytic Process
CPX-6594,GO:0006096,Glycolytic Process
CPX-6598,GO:0006096,Glycolytic Process
CPX-561,GO:0006096,Glycolytic Process
NT5E,GO:0006096,Glycolytic Process
ALDH7A1,GO:0006096,Glycolytic Process
GUSB,GO:0006096,Glycolytic Process
IDH2,GO:0006096,Glycolytic Process
TXNRD2,GO:0006096,Glycolytic Process
RPE65,GO:0006096,Glycolytic Process
PFKM,GO:0006096,Glycolytic Process
SRD5A1,GO:0006096,Glycolytic Process
RPGR,GO:0006096,Glycolytic Process
PTPN11,GO:0001228,"DNA-binding Transcription Activator Activity, RNA Polymerase II-specific"
GATA2,GO:0001228,"DNA-binding Transcription Activator Activity, RNA Polymerase II-specific"
PTGDR,GO:0001228,"DNA-binding Transcription Activator Activity, RNA Polymerase II-specific"
KDM3B,GO:0001228,"DNA-binding Transcription Activator Activity, RNA Polymerase II-specific"
LMNB1,GO:0001228,"DNA-binding Transcription Activator Activity, RNA Polymerase II-specific"
CPX-20,GO:0001228,"DNA-binding Transcription Activator Activity, RNA Polymerase II-specific"
CPX-6045,GO:0001228,"DNA-binding Transcription Activator Activity, RNA Polymerase II-specific"
CPX-304,GO:0001228,"DNA-binding Transcription Activator Activity, RNA Polymerase II-specific"
FOXO1,GO:0001228,"DNA-binding Transcription Activator Activity, RNA Polymerase II-specific"
MYD88,GO:0001228,"DNA-binding Transcription Activator Activity, RNA Polymerase II-specific"
CPX-8625,GO:0001228,"DNA-binding Transcription Activator Activity, RNA Polymerase II-specific"
CDK4,GO:0001228,"DNA-binding Transcription Activator Activity, RNA Polymerase II-specific"
TCF3,GO:0001228,"DNA-binding Transcription Activator Activity, RNA Polymerase II-specific"
CPX-6276,GO:0001228,"DNA-binding Transcription Activator Activity, RNA Polymerase II-specific"
CDK9,GO:0001228,"DNA-binding Transcription Activator Activity, RNA Polymerase II-specific"
BRD2,GO:0001228,"DNA-binding Transcription Activator Activity, RNA Polymerase II-specific"
HMGA2,GO:0001228,"DNA-binding Transcription Activator Activity, RNA Polymerase II-specific"
CPX-1072,GO:0001228,"DNA-binding Transcription Activator Activity, RNA Polymerase II-specific"
CPX-134,GO:0001228,"DNA-binding Transcription Activator Activity, RNA Polymerase II-specific"
KIT,GO:0001228,"DNA-binding Transcription Activator Activity, RNA Polymerase II-specific"
ALK,GO:0001228,"DNA-binding Transcription Activator Activity, RNA Polymerase II-specific"
ERBB3,GO:0001228,"DNA-binding Transcription Activator Activity, RNA Polymerase II-specific"
RET,GO:0001228,"DNA-binding Transcription Activator Activity, RNA Polymerase II-specific"
FGFR3,GO:0001228,"DNA-binding Transcription Activator Activity, RNA Polymerase II-specific"
CPX-155,GO:0001228,"DNA-binding Transcription Activator Activity, RNA Polymerase II-specific"
CPX-175,GO:0001228,"DNA-binding Transcription Activator Activity, RNA Polymerase II-specific"
CPX-7728,GO:0001228,"DNA-binding Transcription Activator Activity, RNA Polymerase II-specific"
SOX9,GO:0001228,"DNA-binding Transcription Activator Activity, RNA Polymerase II-specific"
EGR2,GO:0001228,"DNA-binding Transcription Activator Activity, RNA Polymerase II-specific"
PGR,GO:0001228,"DNA-binding Transcription Activator Activity, RNA Polymerase II-specific"
PDGFRA,GO:0001228,"DNA-binding Transcription Activator Activity, RNA Polymerase II-specific"
SRY,GO:0001228,"DNA-binding Transcription Activator Activity, RNA Polymerase II-specific"
CPX-6469,GO:0001228,"DNA-binding Transcription Activator Activity, RNA Polymerase II-specific"
CPX-6586,GO:0001228,"DNA-binding Transcription Activator Activity, RNA Polymerase II-specific"
CPX-7006,GO:0001228,"DNA-binding Transcription Activator Activity, RNA Polymerase II-specific"
CPX-7095,GO:0001228,"DNA-binding Transcription Activator Activity, RNA Polymerase II-specific"
MUC1,GO:0001228,"DNA-binding Transcription Activator Activity, RNA Polymerase II-specific"
TIMP3,GO:0001228,"DNA-binding Transcription Activator Activity, RNA Polymerase II-specific"
AXL,GO:0001228,"DNA-binding Transcription Activator Activity, RNA Polymerase II-specific"
IRF4,GO:0001228,"DNA-binding Transcription Activator Activity, RNA Polymerase II-specific"
CPX-5636,GO:0001228,"DNA-binding Transcription Activator Activity, RNA Polymerase II-specific"
GATA1,GO:0001228,"DNA-binding Transcription Activator Activity, RNA Polymerase II-specific"
WT1,GO:0001228,"DNA-binding Transcription Activator Activity, RNA Polymerase II-specific"
FGFR2,GO:0001228,"DNA-binding Transcription Activator Activity, RNA Polymerase II-specific"
EPCAM,GO:0001228,"DNA-binding Transcription Activator Activity, RNA Polymerase II-specific"
D2HGDH,GO:0001228,"DNA-binding Transcription Activator Activity, RNA Polymerase II-specific"
TUBGCP4,GO:0001228,"DNA-binding Transcription Activator Activity, RNA Polymerase II-specific"
ZMYND8,GO:0001228,"DNA-binding Transcription Activator Activity, RNA Polymerase II-specific"
TBCE,GO:0001228,"DNA-binding Transcription Activator Activity, RNA Polymerase II-specific"
TUBGCP6,GO:0001228,"DNA-binding Transcription Activator Activity, RNA Polymerase II-specific"
STK38L,GO:0001228,"DNA-binding Transcription Activator Activity, RNA Polymerase II-specific"
BCL11A,GO:0001228,"DNA-binding Transcription Activator Activity, RNA Polymerase II-specific"
GNB4,GO:0051932,"Synaptic Transmission, GABAergic"
CPX-2159,GO:0051932,"Synaptic Transmission, GABAergic"
CPX-2952,GO:0051932,"Synaptic Transmission, GABAergic"
CPX-2953,GO:0051932,"Synaptic Transmission, GABAergic"
CPX-8574,GO:0051932,"Synaptic Transmission, GABAergic"
CPX-8576,GO:0051932,"Synaptic Transmission, GABAergic"
CPX-8577,GO:0051932,"Synaptic Transmission, GABAergic"
CPX-8578,GO:0051932,"Synaptic Transmission, GABAergic"
CPX-8580,GO:0051932,"Synaptic Transmission, GABAergic"
CPX-8581,GO:0051932,"Synaptic Transmission, GABAergic"
NOS1AP,GO:0051932,"Synaptic Transmission, GABAergic"
CPX-168,GO:0051932,"Synaptic Transmission, GABAergic"
CPX-187,GO:0051932,"Synaptic Transmission, GABAergic"
CPX-2170,GO:0051932,"Synaptic Transmission, GABAergic"
CPX-218,GO:0051932,"Synaptic Transmission, GABAergic"
CPX-2180,GO:0051932,"Synaptic Transmission, GABAergic"
CPX-2192,GO:0051932,"Synaptic Transmission, GABAergic"
CPX-2193,GO:0051932,"Synaptic Transmission, GABAergic"
CPX-240,GO:0051932,"Synaptic Transmission, GABAergic"
CPX-2203,GO:0051932,"Synaptic Transmission, GABAergic"
CPX-4101,GO:0051932,"Synaptic Transmission, GABAergic"
CPX-2190,GO:0051932,"Synaptic Transmission, GABAergic"
CPX-2164,GO:0051932,"Synaptic Transmission, GABAergic"
CPX-2166,GO:0051932,"Synaptic Transmission, GABAergic"
CPX-2167,GO:0051932,"Synaptic Transmission, GABAergic"
CPX-2168,GO:0051932,"Synaptic Transmission, GABAergic"
CPX-2174,GO:0051932,"Synaptic Transmission, GABAergic"
CPX-2951,GO:0051932,"Synaptic Transmission, GABAergic"
CPX-2954,GO:0051932,"Synaptic Transmission, GABAergic"
CPX-8571,GO:0051932,"Synaptic Transmission, GABAergic"
CPX-8573,GO:0051932,"Synaptic Transmission, GABAergic"
CPX-8575,GO:0051932,"Synaptic Transmission, GABAergic"
CPX-8579,GO:0051932,"Synaptic Transmission, GABAergic"
CPX-8701,GO:0051932,"Synaptic Transmission, GABAergic"
CPX-8729,GO:0051932,"Synaptic Transmission, GABAergic"
CPX-8731,GO:0051932,"Synaptic Transmission, GABAergic"
CPX-8732,GO:0051932,"Synaptic Transmission, GABAergic"
CPX-2955,GO:0051932,"Synaptic Transmission, GABAergic"
HTR1B,GO:0051932,"Synaptic Transmission, GABAergic"
CPX-8636,GO:0051932,"Synaptic Transmission, GABAergic"
CPX-8468,GO:0051932,"Synaptic Transmission, GABAergic"
CPX-8545,GO:0051932,"Synaptic Transmission, GABAergic"
CPX-8553,GO:0051932,"Synaptic Transmission, GABAergic"
CPX-8556,GO:0051932,"Synaptic Transmission, GABAergic"
CPX-8630,GO:0051932,"Synaptic Transmission, GABAergic"
CPX-8632,GO:0051932,"Synaptic Transmission, GABAergic"
CPX-8634,GO:0051932,"Synaptic Transmission, GABAergic"
CPX-8702,GO:0051932,"Synaptic Transmission, GABAergic"
CPX-8721,GO:0051932,"Synaptic Transmission, GABAergic"
CPX-8723,GO:0051932,"Synaptic Transmission, GABAergic"
CPX-8724,GO:0051932,"Synaptic Transmission, GABAergic"
CPX-8727,GO:0051932,"Synaptic Transmission, GABAergic"
CPX-8769,GO:0051932,"Synaptic Transmission, GABAergic"
CPX-8771,GO:0051932,"Synaptic Transmission, GABAergic"
CACNA1F,GO:0051932,"Synaptic Transmission, GABAergic"
ADRA2A,GO:0051932,"Synaptic Transmission, GABAergic"
ADARB1,GO:0051932,"Synaptic Transmission, GABAergic"
SLC6A1,GO:0051932,"Synaptic Transmission, GABAergic"
GPD1L,GO:0051932,"Synaptic Transmission, GABAergic"
CPX-3271,GO:0051932,"Synaptic Transmission, GABAergic"
CPX-195,GO:0051932,"Synaptic Transmission, GABAergic"
ATP2B3,GO:0051932,"Synaptic Transmission, GABAergic"
SLC12A5,GO:0051932,"Synaptic Transmission, GABAergic"
NCDN,GO:0051932,"Synaptic Transmission, GABAergic"
SPTBN1,GO:0051932,"Synaptic Transmission, GABAergic"
CPX-2188,GO:0051932,"Synaptic Transmission, GABAergic"
CPX-312,GO:0051932,"Synaptic Transmission, GABAergic"
CPX-313,GO:0051932,"Synaptic Transmission, GABAergic"
RIMS1,GO:0051932,"Synaptic Transmission, GABAergic"
KCNJ10,GO:0051932,"Synaptic Transmission, GABAergic"
STAC3,GO:0051932,"Synaptic Transmission, GABAergic"
ATP1A3,GO:0051932,"Synaptic Transmission, GABAergic"
OPCML,GO:0051932,"Synaptic Transmission, GABAergic"
MAB21L2,GO:0051932,"Synaptic Transmission, GABAergic"
KCNT2,GO:0051932,"Synaptic Transmission, GABAergic"
PNPO,GO:0051932,"Synaptic Transmission, GABAergic"
HLA-C,GO:0007169,Transmembrane Receptor Protein Tyrosine Kinase Signaling Pathway
CD79A,GO:0007169,Transmembrane Receptor Protein Tyrosine Kinase Signaling Pathway
HAVCR2,GO:0007169,Transmembrane Receptor Protein Tyrosine Kinase Signaling Pathway
FGR,GO:0007169,Transmembrane Receptor Protein Tyrosine Kinase Signaling Pathway
GDF15,GO:0007169,Transmembrane Receptor Protein Tyrosine Kinase Signaling Pathway
ADAMTS3,GO:0007169,Transmembrane Receptor Protein Tyrosine Kinase Signaling Pathway
GHR,GO:0007169,Transmembrane Receptor Protein Tyrosine Kinase Signaling Pathway
TFAP2B,GO:0007169,Transmembrane Receptor Protein Tyrosine Kinase Signaling Pathway
GAB1,GO:0007169,Transmembrane Receptor Protein Tyrosine Kinase Signaling Pathway
GSDME,GO:0007169,Transmembrane Receptor Protein Tyrosine Kinase Signaling Pathway
ECM1,GO:0007169,Transmembrane Receptor Protein Tyrosine Kinase Signaling Pathway
DDR1,GO:0007169,Transmembrane Receptor Protein Tyrosine Kinase Signaling Pathway
SOS2,GO:0007169,Transmembrane Receptor Protein Tyrosine Kinase Signaling Pathway
KRT17,GO:0007169,Transmembrane Receptor Protein Tyrosine Kinase Signaling Pathway
ABL2,GO:0007169,Transmembrane Receptor Protein Tyrosine Kinase Signaling Pathway
LAT,GO:0007169,Transmembrane Receptor Protein Tyrosine Kinase Signaling Pathway
LAT2,GO:0007169,Transmembrane Receptor Protein Tyrosine Kinase Signaling Pathway
BMX,GO:0007169,Transmembrane Receptor Protein Tyrosine Kinase Signaling Pathway
CD96,GO:0007169,Transmembrane Receptor Protein Tyrosine Kinase Signaling Pathway
CR2,GO:0007169,Transmembrane Receptor Protein Tyrosine Kinase Signaling Pathway
DOCK8,GO:0007169,Transmembrane Receptor Protein Tyrosine Kinase Signaling Pathway
IGFBP7,GO:0007169,Transmembrane Receptor Protein Tyrosine Kinase Signaling Pathway
OTULIN,GO:0007169,Transmembrane Receptor Protein Tyrosine Kinase Signaling Pathway
PARP15,GO:0007169,Transmembrane Receptor Protein Tyrosine Kinase Signaling Pathway
EDA,GO:0007169,Transmembrane Receptor Protein Tyrosine Kinase Signaling Pathway
DDR2,GO:0007169,Transmembrane Receptor Protein Tyrosine Kinase Signaling Pathway
FER,GO:0007169,Transmembrane Receptor Protein Tyrosine Kinase Signaling Pathway
TGM2,GO:0007169,Transmembrane Receptor Protein Tyrosine Kinase Signaling Pathway
LZTFL1,GO:0007169,Transmembrane Receptor Protein Tyrosine Kinase Signaling Pathway
PAPPA2,GO:0007169,Transmembrane Receptor Protein Tyrosine Kinase Signaling Pathway
ALPK1,GO:0007169,Transmembrane Receptor Protein Tyrosine Kinase Signaling Pathway
SLC6A20,GO:0007169,Transmembrane Receptor Protein Tyrosine Kinase Signaling Pathway
MRM2,GO:0006783,Heme Biosynthetic Process
FTSJ1,GO:0006783,Heme Biosynthetic Process
ADAM33,GO:0006783,Heme Biosynthetic Process
GYG1,GO:0006783,Heme Biosynthetic Process
MOGS,GO:0006783,Heme Biosynthetic Process
ACSL4,GO:0006783,Heme Biosynthetic Process
SLC22A4,GO:0006783,Heme Biosynthetic Process
SLCO2A1,GO:0006783,Heme Biosynthetic Process
NDUFAF6,GO:0006783,Heme Biosynthetic Process
TGM1,GO:0006783,Heme Biosynthetic Process
ATP7B,GO:0006783,Heme Biosynthetic Process
CPX-6663,GO:0006783,Heme Biosynthetic Process
CPX-6664,GO:0006783,Heme Biosynthetic Process
CPX-6665,GO:0006783,Heme Biosynthetic Process
CPX-848,GO:0006783,Heme Biosynthetic Process
SCD5,GO:0006783,Heme Biosynthetic Process
CPX-3642,GO:0006783,Heme Biosynthetic Process
LIPA,GO:0006783,Heme Biosynthetic Process
PDSS2,GO:0006783,Heme Biosynthetic Process
ELOVL5,GO:0006783,Heme Biosynthetic Process
EBP,GO:0006783,Heme Biosynthetic Process
IFITM5,GO:0006783,Heme Biosynthetic Process
ATP6V1B1,GO:0006783,Heme Biosynthetic Process
MIPEP,GO:0006783,Heme Biosynthetic Process
COX15,GO:0006783,Heme Biosynthetic Process
CHCHD7,GO:0006783,Heme Biosynthetic Process
UROD,GO:0006783,Heme Biosynthetic Process
MRAP2,GO:0006783,Heme Biosynthetic Process
LIM2,GO:0006783,Heme Biosynthetic Process
COX10,GO:0006783,Heme Biosynthetic Process
PEX6,GO:0006783,Heme Biosynthetic Process
KRT2,GO:0006783,Heme Biosynthetic Process
SLC27A4,GO:0006783,Heme Biosynthetic Process
CISD1,GO:0006783,Heme Biosynthetic Process
CA6,GO:0006783,Heme Biosynthetic Process
SLC25A24,GO:0006783,Heme Biosynthetic Process
SMPD1,GO:0006783,Heme Biosynthetic Process
MAN2C1,GO:0006783,Heme Biosynthetic Process
HAAO,GO:0006783,Heme Biosynthetic Process
CISD2,GO:0006783,Heme Biosynthetic Process
NADSYN1,GO:0006783,Heme Biosynthetic Process
TRMT5,GO:0006783,Heme Biosynthetic Process
FLVCR1,GO:0006783,Heme Biosynthetic Process
FOXRED1,GO:0006783,Heme Biosynthetic Process
KHK,GO:0006783,Heme Biosynthetic Process
RTN4IP1,GO:0006783,Heme Biosynthetic Process
ALAD,GO:0006783,Heme Biosynthetic Process
ABHD16A,GO:0006783,Heme Biosynthetic Process
PUS3,GO:0006783,Heme Biosynthetic Process
FGD4,GO:0006783,Heme Biosynthetic Process
SURF1,GO:0006783,Heme Biosynthetic Process
SLC25A13,GO:0006783,Heme Biosynthetic Process
SLC25A10,GO:0006783,Heme Biosynthetic Process
SFXN4,GO:0006783,Heme Biosynthetic Process
PPOX,GO:0006783,Heme Biosynthetic Process
UROS,GO:0006783,Heme Biosynthetic Process
SLC25A38,GO:0006783,Heme Biosynthetic Process
CA5B,GO:0006783,Heme Biosynthetic Process
TACO1,GO:0006783,Heme Biosynthetic Process
CPX-6903,GO:0006783,Heme Biosynthetic Process
THG1L,GO:0006783,Heme Biosynthetic Process
ANKH,GO:0006783,Heme Biosynthetic Process
PYCR2,GO:0006783,Heme Biosynthetic Process
F8A1,GO:0006783,Heme Biosynthetic Process
NIM1K,GO:0006783,Heme Biosynthetic Process
DNAH10,GO:0006783,Heme Biosynthetic Process
VPS45,GO:0006783,Heme Biosynthetic Process
NTRK2,GO:0120111,Neuron Projection Cytoplasm
BACE1,GO:0120111,Neuron Projection Cytoplasm
CPX-6186,GO:0120111,Neuron Projection Cytoplasm
CPX-6189,GO:0120111,Neuron Projection Cytoplasm
CYSLTR1,GO:0120111,Neuron Projection Cytoplasm
CPX-4424,GO:0120111,Neuron Projection Cytoplasm
APOL1,GO:0120111,Neuron Projection Cytoplasm
ANK2,GO:0120111,Neuron Projection Cytoplasm
CHI3L1,GO:0120111,Neuron Projection Cytoplasm
SYN1,GO:0120111,Neuron Projection Cytoplasm
NGF,GO:0120111,Neuron Projection Cytoplasm
L1CAM,GO:0120111,Neuron Projection Cytoplasm
CPX-8305,GO:0120111,Neuron Projection Cytoplasm
CPX-8306,GO:0120111,Neuron Projection Cytoplasm
CPX-8322,GO:0120111,Neuron Projection Cytoplasm
TREM2,GO:0120111,Neuron Projection Cytoplasm
NEFL,GO:0120111,Neuron Projection Cytoplasm
ANK1,GO:0120111,Neuron Projection Cytoplasm
CRYAB,GO:0120111,Neuron Projection Cytoplasm
SYNGAP1,GO:0120111,Neuron Projection Cytoplasm
SAA2,GO:0120111,Neuron Projection Cytoplasm
HSPG2,GO:0120111,Neuron Projection Cytoplasm
LRP4,GO:0120111,Neuron Projection Cytoplasm
AGRN,GO:0120111,Neuron Projection Cytoplasm
CST3,GO:0120111,Neuron Projection Cytoplasm
TRPC6,GO:0120111,Neuron Projection Cytoplasm
CNTN4,GO:0120111,Neuron Projection Cytoplasm
MSR1,GO:0120111,Neuron Projection Cytoplasm
CNTN1,GO:0120111,Neuron Projection Cytoplasm
FPR2,GO:0120111,Neuron Projection Cytoplasm
TYROBP,GO:0120111,Neuron Projection Cytoplasm
PPP1R3A,GO:0120111,Neuron Projection Cytoplasm
TBC1D4,GO:0120111,Neuron Projection Cytoplasm
MAPK6,GO:0120111,Neuron Projection Cytoplasm
IQSEC1,GO:0120111,Neuron Projection Cytoplasm
ADORA2A,GO:0007264,Small GTPase Mediated Signal Transduction
PIK3R5,GO:0007264,Small GTPase Mediated Signal Transduction
LRP8,GO:0007264,Small GTPase Mediated Signal Transduction
CIB1,GO:0007264,Small GTPase Mediated Signal Transduction
BAG5,GO:0007264,Small GTPase Mediated Signal Transduction
SECISBP2,GO:0007264,Small GTPase Mediated Signal Transduction
BCAP31,GO:0007264,Small GTPase Mediated Signal Transduction
FPR3,GO:0007264,Small GTPase Mediated Signal Transduction
RTN4R,GO:0007264,Small GTPase Mediated Signal Transduction
NTN1,GO:0007264,Small GTPase Mediated Signal Transduction
SORT1,GO:0007264,Small GTPase Mediated Signal Transduction
VAC14,GO:0007264,Small GTPase Mediated Signal Transduction
GPC1,GO:0007264,Small GTPase Mediated Signal Transduction
SEMA3A,GO:0007264,Small GTPase Mediated Signal Transduction
EPHA1,GO:0007264,Small GTPase Mediated Signal Transduction
CPX-114,GO:0007264,Small GTPase Mediated Signal Transduction
TCF4,GO:0007264,Small GTPase Mediated Signal Transduction
CPX-6187,GO:0007264,Small GTPase Mediated Signal Transduction
GP6,GO:0007264,Small GTPase Mediated Signal Transduction
SGK2,GO:0007264,Small GTPase Mediated Signal Transduction
SGK3,GO:0007264,Small GTPase Mediated Signal Transduction
LYZ,GO:0007264,Small GTPase Mediated Signal Transduction
CPX-1791,GO:0007264,Small GTPase Mediated Signal Transduction
TGFBI,GO:0007264,Small GTPase Mediated Signal Transduction
THPO,GO:0007264,Small GTPase Mediated Signal Transduction
MRAS,GO:0007264,Small GTPase Mediated Signal Transduction
PRKD1,GO:0007264,Small GTPase Mediated Signal Transduction
CNKSR2,GO:0007264,Small GTPase Mediated Signal Transduction
MEF2A,GO:0007264,Small GTPase Mediated Signal Transduction
RALA,GO:0007264,Small GTPase Mediated Signal Transduction
PIK3CD,GO:0007264,Small GTPase Mediated Signal Transduction
TXK,GO:0007264,Small GTPase Mediated Signal Transduction
PTPRF,GO:0007264,Small GTPase Mediated Signal Transduction
CPX-8323,GO:0007264,Small GTPase Mediated Signal Transduction
CPX-8342,GO:0007264,Small GTPase Mediated Signal Transduction
KIAA1549,GO:0007264,Small GTPase Mediated Signal Transduction
CPX-2477,GO:0007264,Small GTPase Mediated Signal Transduction
CPX-7281,GO:0007264,Small GTPase Mediated Signal Transduction
CELF2,GO:0007264,Small GTPase Mediated Signal Transduction
CCDC88A,GO:0007264,Small GTPase Mediated Signal Transduction
PDX1,GO:0007264,Small GTPase Mediated Signal Transduction
PIM2,GO:0007264,Small GTPase Mediated Signal Transduction
GPC4,GO:0007264,Small GTPase Mediated Signal Transduction
IRF6,GO:0007264,Small GTPase Mediated Signal Transduction
HIPK1,GO:0007264,Small GTPase Mediated Signal Transduction
SERPINB7,GO:0007264,Small GTPase Mediated Signal Transduction
PERP,GO:0007264,Small GTPase Mediated Signal Transduction
CIZ1,GO:0007264,Small GTPase Mediated Signal Transduction
P2RX2,GO:0034315,Regulation Of Arp2/3 Complex-Mediated Actin Nucleation
P2RX1,GO:0034315,Regulation Of Arp2/3 Complex-Mediated Actin Nucleation
SLC9A3,GO:0034315,Regulation Of Arp2/3 Complex-Mediated Actin Nucleation
P2RY4,GO:0034315,Regulation Of Arp2/3 Complex-Mediated Actin Nucleation
RABGAP1L,GO:0034315,Regulation Of Arp2/3 Complex-Mediated Actin Nucleation
GDI1,GO:0034315,Regulation Of Arp2/3 Complex-Mediated Actin Nucleation
LRRC8A,GO:0034315,Regulation Of Arp2/3 Complex-Mediated Actin Nucleation
RIC1,GO:0034315,Regulation Of Arp2/3 Complex-Mediated Actin Nucleation
PAX4,GO:0034315,Regulation Of Arp2/3 Complex-Mediated Actin Nucleation
LRP12,GO:0034315,Regulation Of Arp2/3 Complex-Mediated Actin Nucleation
USP45,GO:0034315,Regulation Of Arp2/3 Complex-Mediated Actin Nucleation
CPX-1163,GO:0034315,Regulation Of Arp2/3 Complex-Mediated Actin Nucleation
CPX-1168,GO:0034315,Regulation Of Arp2/3 Complex-Mediated Actin Nucleation
CPX-1169,GO:0034315,Regulation Of Arp2/3 Complex-Mediated Actin Nucleation
CPX-1170,GO:0034315,Regulation Of Arp2/3 Complex-Mediated Actin Nucleation
CPX-1171,GO:0034315,Regulation Of Arp2/3 Complex-Mediated Actin Nucleation
CPX-1173,GO:0034315,Regulation Of Arp2/3 Complex-Mediated Actin Nucleation
CPX-1174,GO:0034315,Regulation Of Arp2/3 Complex-Mediated Actin Nucleation
CPX-1175,GO:0034315,Regulation Of Arp2/3 Complex-Mediated Actin Nucleation
CPX-1176,GO:0034315,Regulation Of Arp2/3 Complex-Mediated Actin Nucleation
CXCR4,GO:0031330,Negative Regulation Of Cellular Catabolic Process
CPX-6043,GO:0031330,Negative Regulation Of Cellular Catabolic Process
CPX-6044,GO:0031330,Negative Regulation Of Cellular Catabolic Process
CPX-6046,GO:0031330,Negative Regulation Of Cellular Catabolic Process
CPX-6049,GO:0031330,Negative Regulation Of Cellular Catabolic Process
CPX-2397,GO:0031330,Negative Regulation Of Cellular Catabolic Process
CPX-2398,GO:0031330,Negative Regulation Of Cellular Catabolic Process
CPX-3153,GO:0031330,Negative Regulation Of Cellular Catabolic Process
CPX-467,GO:0031330,Negative Regulation Of Cellular Catabolic Process
GSK3A,GO:0031330,Negative Regulation Of Cellular Catabolic Process
CPX-6024,GO:0031330,Negative Regulation Of Cellular Catabolic Process
ADAM17,GO:0031330,Negative Regulation Of Cellular Catabolic Process
MAPK8,GO:0031330,Negative Regulation Of Cellular Catabolic Process
CPX-1981,GO:0031330,Negative Regulation Of Cellular Catabolic Process
CPX-1982,GO:0031330,Negative Regulation Of Cellular Catabolic Process
CPX-1984,GO:0031330,Negative Regulation Of Cellular Catabolic Process
CPX-1986,GO:0031330,Negative Regulation Of Cellular Catabolic Process
CPX-1990,GO:0031330,Negative Regulation Of Cellular Catabolic Process
MME,GO:0031330,Negative Regulation Of Cellular Catabolic Process
B2M,GO:0031330,Negative Regulation Of Cellular Catabolic Process
CPX-624,GO:0031330,Negative Regulation Of Cellular Catabolic Process
ICAM1,GO:0031330,Negative Regulation Of Cellular Catabolic Process
MMP9,GO:0031330,Negative Regulation Of Cellular Catabolic Process
AKT2,GO:0031330,Negative Regulation Of Cellular Catabolic Process
IGF1R,GO:0031330,Negative Regulation Of Cellular Catabolic Process
NOTCH2,GO:0031330,Negative Regulation Of Cellular Catabolic Process
NOTCH3,GO:0031330,Negative Regulation Of Cellular Catabolic Process
GDNF,GO:0031330,Negative Regulation Of Cellular Catabolic Process
MMP2,GO:0031330,Negative Regulation Of Cellular Catabolic Process
CDH2,GO:0031330,Negative Regulation Of Cellular Catabolic Process
TNFRSF10B,GO:0031330,Negative Regulation Of Cellular Catabolic Process
RAF1,GO:0031330,Negative Regulation Of Cellular Catabolic Process
NGFR,GO:0031330,Negative Regulation Of Cellular Catabolic Process
CPX-4108,GO:0031330,Negative Regulation Of Cellular Catabolic Process
CPX-54,GO:0031330,Negative Regulation Of Cellular Catabolic Process
FCGR2B,GO:0031330,Negative Regulation Of Cellular Catabolic Process
CPX-605,GO:0031330,Negative Regulation Of Cellular Catabolic Process
CPX-834,GO:0031330,Negative Regulation Of Cellular Catabolic Process
AGER,GO:0031330,Negative Regulation Of Cellular Catabolic Process
CPX-1826,GO:0031330,Negative Regulation Of Cellular Catabolic Process
CX3CR1,GO:0031330,Negative Regulation Of Cellular Catabolic Process
MOG,GO:0031330,Negative Regulation Of Cellular Catabolic Process
PTPRC,GO:0031330,Negative Regulation Of Cellular Catabolic Process
ADAM22,GO:0032232,Negative Regulation Of Actin Filament Bundle Assembly
C12orf57,GO:0032232,Negative Regulation Of Actin Filament Bundle Assembly
PACS1,GO:0032232,Negative Regulation Of Actin Filament Bundle Assembly
EN2,GO:0032232,Negative Regulation Of Actin Filament Bundle Assembly
ARHGAP31,GO:0032232,Negative Regulation Of Actin Filament Bundle Assembly
CSTB,GO:0032232,Negative Regulation Of Actin Filament Bundle Assembly
BICC1,GO:0032232,Negative Regulation Of Actin Filament Bundle Assembly
LIMK2,GO:0032232,Negative Regulation Of Actin Filament Bundle Assembly
BMPER,GO:0032232,Negative Regulation Of Actin Filament Bundle Assembly
SIAE,GO:0032232,Negative Regulation Of Actin Filament Bundle Assembly
INPP5K,GO:0032232,Negative Regulation Of Actin Filament Bundle Assembly
SH3PXD2B,GO:0032232,Negative Regulation Of Actin Filament Bundle Assembly
ARHGEF18,GO:0032232,Negative Regulation Of Actin Filament Bundle Assembly
GREM2,GO:0032232,Negative Regulation Of Actin Filament Bundle Assembly
CLDN9,GO:0032232,Negative Regulation Of Actin Filament Bundle Assembly
CLEC16A,GO:0032232,Negative Regulation Of Actin Filament Bundle Assembly
PHOX2A,GO:0032232,Negative Regulation Of Actin Filament Bundle Assembly
MEGF8,GO:0032232,Negative Regulation Of Actin Filament Bundle Assembly
DNMBP,GO:0032232,Negative Regulation Of Actin Filament Bundle Assembly
MARVELD2,GO:0032232,Negative Regulation Of Actin Filament Bundle Assembly
RASSF8,GO:0032232,Negative Regulation Of Actin Filament Bundle Assembly
GREB1L,GO:0032232,Negative Regulation Of Actin Filament Bundle Assembly
VPS13D,GO:0032232,Negative Regulation Of Actin Filament Bundle Assembly
IL37,GO:0005126,Cytokine Receptor Binding
TRIM8,GO:0005126,Cytokine Receptor Binding
ICOS,GO:0005126,Cytokine Receptor Binding
PDCD1,GO:0005126,Cytokine Receptor Binding
CPX-506,GO:0005126,Cytokine Receptor Binding
CPX-512,GO:0005126,Cytokine Receptor Binding
CPX-6015,GO:0005126,Cytokine Receptor Binding
CPX-627,GO:0005126,Cytokine Receptor Binding
CPX-742,GO:0005126,Cytokine Receptor Binding
CD27,GO:0005126,Cytokine Receptor Binding
IL17RA,GO:0005126,Cytokine Receptor Binding
CPX-383,GO:0005126,Cytokine Receptor Binding
CPX-833,GO:0005126,Cytokine Receptor Binding
IRF5,GO:0005126,Cytokine Receptor Binding
LCP2,GO:0005126,Cytokine Receptor Binding
CPX-382,GO:0005126,Cytokine Receptor Binding
IL36RN,GO:0005126,Cytokine Receptor Binding
CARD9,GO:0005126,Cytokine Receptor Binding
IL17F,GO:0005126,Cytokine Receptor Binding
CPX-8836,GO:0005126,Cytokine Receptor Binding
INPPL1,GO:0005126,Cytokine Receptor Binding
SH2D1A,GO:0005126,Cytokine Receptor Binding
INSRR,GO:0005126,Cytokine Receptor Binding
RAG2,GO:0005126,Cytokine Receptor Binding
LIFR,GO:0005126,Cytokine Receptor Binding
TNFRSF13B,GO:0005126,Cytokine Receptor Binding
MICB,GO:0005126,Cytokine Receptor Binding
FHL1,GO:0005126,Cytokine Receptor Binding
ABCD4,GO:0019755,One-Carbon Compound Transport
PREPL,GO:0019755,One-Carbon Compound Transport
POPDC3,GO:0019755,One-Carbon Compound Transport
MYO18B,GO:0019755,One-Carbon Compound Transport
DYNC2LI1,GO:0019755,One-Carbon Compound Transport
CPX-2931,GO:0019755,One-Carbon Compound Transport
SLC39A8,GO:0019755,One-Carbon Compound Transport
CPX-7842,GO:0006613,Cotranslational Protein Targeting To Membrane
P4HB,GO:0006613,Cotranslational Protein Targeting To Membrane
OPTN,GO:0006613,Cotranslational Protein Targeting To Membrane
CHCHD10,GO:0006613,Cotranslational Protein Targeting To Membrane
KIF5A,GO:0006613,Cotranslational Protein Targeting To Membrane
ATXN2,GO:0006613,Cotranslational Protein Targeting To Membrane
CPX-8073,GO:0006613,Cotranslational Protein Targeting To Membrane
CPX-2750,GO:0006613,Cotranslational Protein Targeting To Membrane
CPX-2752,GO:0006613,Cotranslational Protein Targeting To Membrane
CPX-2386,GO:0006613,Cotranslational Protein Targeting To Membrane
CPX-630,GO:0006613,Cotranslational Protein Targeting To Membrane
GTPBP4,GO:0006613,Cotranslational Protein Targeting To Membrane
CPX-6822,GO:0006613,Cotranslational Protein Targeting To Membrane
GSS,GO:0006613,Cotranslational Protein Targeting To Membrane
CPX-1949,GO:0006613,Cotranslational Protein Targeting To Membrane
TRAP1,GO:0006613,Cotranslational Protein Targeting To Membrane
DNAJB2,GO:0006613,Cotranslational Protein Targeting To Membrane
SEC63,GO:0006613,Cotranslational Protein Targeting To Membrane
CPX-2360,GO:0006613,Cotranslational Protein Targeting To Membrane
HYOU1,GO:0006613,Cotranslational Protein Targeting To Membrane
PSAP,GO:0006613,Cotranslational Protein Targeting To Membrane
LBR,GO:0006613,Cotranslational Protein Targeting To Membrane
HPGD,GO:0006613,Cotranslational Protein Targeting To Membrane
TMEM97,GO:0006613,Cotranslational Protein Targeting To Membrane
ZMPSTE24,GO:0006613,Cotranslational Protein Targeting To Membrane
CPX-8343,GO:0006613,Cotranslational Protein Targeting To Membrane
CPX-560,GO:0006613,Cotranslational Protein Targeting To Membrane
PCYT1A,GO:0006613,Cotranslational Protein Targeting To Membrane
SLC1A5,GO:0006613,Cotranslational Protein Targeting To Membrane
CPX-2716,GO:0006613,Cotranslational Protein Targeting To Membrane
CNBP,GO:0006613,Cotranslational Protein Targeting To Membrane
NEK1,GO:0006613,Cotranslational Protein Targeting To Membrane
AHCY,GO:0006613,Cotranslational Protein Targeting To Membrane
ACSL5,GO:0006613,Cotranslational Protein Targeting To Membrane
ARL13B,GO:0006613,Cotranslational Protein Targeting To Membrane
MFSD2A,GO:0006613,Cotranslational Protein Targeting To Membrane
CPX-5022,GO:0006613,Cotranslational Protein Targeting To Membrane
STK16,GO:0006613,Cotranslational Protein Targeting To Membrane
BTBD9,GO:0006613,Cotranslational Protein Targeting To Membrane
SLC13A5,GO:0006613,Cotranslational Protein Targeting To Membrane
TREX1,GO:0006613,Cotranslational Protein Targeting To Membrane
RNPC3,GO:0006613,Cotranslational Protein Targeting To Membrane
ERGIC1,GO:0006613,Cotranslational Protein Targeting To Membrane
LHFPL6,GO:0006613,Cotranslational Protein Targeting To Membrane
STK32A,GO:0006613,Cotranslational Protein Targeting To Membrane
TSSK2,GO:0006613,Cotranslational Protein Targeting To Membrane
LPP,GO:0006613,Cotranslational Protein Targeting To Membrane
MAOA,GO:0060155,Platelet Dense Granule Organization
MAOB,GO:0060155,Platelet Dense Granule Organization
CPX-1910,GO:0060155,Platelet Dense Granule Organization
AGTR2,GO:0060155,Platelet Dense Granule Organization
ADRA1B,GO:0060155,Platelet Dense Granule Organization
ADRB1,GO:0060155,Platelet Dense Granule Organization
ADRA1D,GO:0060155,Platelet Dense Granule Organization
SSTR2,GO:0060155,Platelet Dense Granule Organization
CPX-3032,GO:0060155,Platelet Dense Granule Organization
CPX-3065,GO:0060155,Platelet Dense Granule Organization
ADORA1,GO:0060155,Platelet Dense Granule Organization
ADRA2C,GO:0060155,Platelet Dense Granule Organization
SLC18A2,GO:0060155,Platelet Dense Granule Organization
CPX-2808,GO:0060155,Platelet Dense Granule Organization
GRK5,GO:0060155,Platelet Dense Granule Organization
CPX-2531,GO:0060155,Platelet Dense Granule Organization
OPRD1,GO:0060155,Platelet Dense Granule Organization
SLC18A3,GO:0060155,Platelet Dense Granule Organization
PDE4B,GO:0060155,Platelet Dense Granule Organization
PRKCG,GO:0060155,Platelet Dense Granule Organization
MBNL1,GO:0060155,Platelet Dense Granule Organization
SV2A,GO:0060155,Platelet Dense Granule Organization
NSF,GO:0060155,Platelet Dense Granule Organization
PLP1,GO:0060155,Platelet Dense Granule Organization
NPSR1,GO:0060155,Platelet Dense Granule Organization
GCGR,GO:0060155,Platelet Dense Granule Organization
KNG1,GO:0060155,Platelet Dense Granule Organization
ARHGEF1,GO:0060155,Platelet Dense Granule Organization
NPY1R,GO:0060155,Platelet Dense Granule Organization
CPX-1773,GO:0060155,Platelet Dense Granule Organization
RAPGEF4,GO:0060155,Platelet Dense Granule Organization
RAPGEF3,GO:0060155,Platelet Dense Granule Organization
CA3,GO:0060155,Platelet Dense Granule Organization
GRIP1,GO:0060155,Platelet Dense Granule Organization
PRKG1,GO:0060155,Platelet Dense Granule Organization
KERA,GO:0060155,Platelet Dense Granule Organization
PURA,GO:0060155,Platelet Dense Granule Organization
CPX-6261,GO:0060155,Platelet Dense Granule Organization
STRA6,GO:0060155,Platelet Dense Granule Organization
GDAP1,GO:0060155,Platelet Dense Granule Organization
MYOT,GO:0060155,Platelet Dense Granule Organization
SELENON,GO:0060155,Platelet Dense Granule Organization
CPX-1771,GO:0060155,Platelet Dense Granule Organization
CPX-1781,GO:0060155,Platelet Dense Granule Organization
SHPK,GO:0060155,Platelet Dense Granule Organization
FGGY,GO:0060155,Platelet Dense Granule Organization
PRKAR1B,GO:0060155,Platelet Dense Granule Organization
CPE,GO:0060155,Platelet Dense Granule Organization
PHKA2,GO:0060155,Platelet Dense Granule Organization
CPX-5050,GO:0060155,Platelet Dense Granule Organization
UBAP2,GO:0060155,Platelet Dense Granule Organization
CPX-5048,GO:0060155,Platelet Dense Granule Organization
CPX-5049,GO:0060155,Platelet Dense Granule Organization
GARS1,GO:0060155,Platelet Dense Granule Organization
CPX-7841,GO:0060155,Platelet Dense Granule Organization
VAMP1,GO:0060155,Platelet Dense Granule Organization
TMEM240,GO:0060155,Platelet Dense Granule Organization
LMBRD1,GO:0060155,Platelet Dense Granule Organization
MLIP,GO:0060155,Platelet Dense Granule Organization
CPX-5053,GO:0060155,Platelet Dense Granule Organization
ATM,GO:0071712,ER-associated Misfolded Protein Catabolic Process
PRKDC,GO:0071712,ER-associated Misfolded Protein Catabolic Process
CPX-137,GO:0071712,ER-associated Misfolded Protein Catabolic Process
CPX-262,GO:0071712,ER-associated Misfolded Protein Catabolic Process
CPX-8095,GO:0071712,ER-associated Misfolded Protein Catabolic Process
CPX-8096,GO:0071712,ER-associated Misfolded Protein Catabolic Process
CPX-8101,GO:0071712,ER-associated Misfolded Protein Catabolic Process
CPX-8104,GO:0071712,ER-associated Misfolded Protein Catabolic Process
CPX-8105,GO:0071712,ER-associated Misfolded Protein Catabolic Process
CPX-8121,GO:0071712,ER-associated Misfolded Protein Catabolic Process
CPX-8124,GO:0071712,ER-associated Misfolded Protein Catabolic Process
CPX-8128,GO:0071712,ER-associated Misfolded Protein Catabolic Process
CPX-8129,GO:0071712,ER-associated Misfolded Protein Catabolic Process
CPX-8132,GO:0071712,ER-associated Misfolded Protein Catabolic Process
CPX-8133,GO:0071712,ER-associated Misfolded Protein Catabolic Process
CPX-8134,GO:0071712,ER-associated Misfolded Protein Catabolic Process
CPX-8570,GO:0071712,ER-associated Misfolded Protein Catabolic Process
CPX-8782,GO:0071712,ER-associated Misfolded Protein Catabolic Process
CPX-8783,GO:0071712,ER-associated Misfolded Protein Catabolic Process
CPX-2007,GO:0071712,ER-associated Misfolded Protein Catabolic Process
CPX-538,GO:0071712,ER-associated Misfolded Protein Catabolic Process
BMPR1B,GO:0071712,ER-associated Misfolded Protein Catabolic Process
DYRK2,GO:0071712,ER-associated Misfolded Protein Catabolic Process
ASPM,GO:0071712,ER-associated Misfolded Protein Catabolic Process
TRIM37,GO:0071712,ER-associated Misfolded Protein Catabolic Process
RARG,GO:1903311,Regulation Of mRNA Metabolic Process
TOP2B,GO:1903311,Regulation Of mRNA Metabolic Process
TOP1,GO:1903311,Regulation Of mRNA Metabolic Process
TOP2A,GO:1903311,Regulation Of mRNA Metabolic Process
TUBB,GO:1903311,Regulation Of mRNA Metabolic Process
EWSR1,GO:1903311,Regulation Of mRNA Metabolic Process
ATXN3,GO:1903311,Regulation Of mRNA Metabolic Process
HERC2,GO:1903311,Regulation Of mRNA Metabolic Process
KMT2E,GO:1903311,Regulation Of mRNA Metabolic Process
KDM5A,GO:1903311,Regulation Of mRNA Metabolic Process
TBL1X,GO:1903311,Regulation Of mRNA Metabolic Process
CPX-3227,GO:1903311,Regulation Of mRNA Metabolic Process
PLOD3,GO:1903311,Regulation Of mRNA Metabolic Process
PIWIL1,GO:1903311,Regulation Of mRNA Metabolic Process
UHRF2,GO:1903311,Regulation Of mRNA Metabolic Process
ZNF462,GO:1903311,Regulation Of mRNA Metabolic Process
PRMT7,GO:1903311,Regulation Of mRNA Metabolic Process
CPX-1032,GO:1903311,Regulation Of mRNA Metabolic Process
CPX-1080,GO:1903311,Regulation Of mRNA Metabolic Process
AURKB,GO:1903311,Regulation Of mRNA Metabolic Process
CPX-6036,GO:1903311,Regulation Of mRNA Metabolic Process
STK38,GO:1903311,Regulation Of mRNA Metabolic Process
MATR3,GO:1903311,Regulation Of mRNA Metabolic Process
CPX-222,GO:1903311,Regulation Of mRNA Metabolic Process
CPX-1921,GO:1903311,Regulation Of mRNA Metabolic Process
SRPK1,GO:1903311,Regulation Of mRNA Metabolic Process
AFF1,GO:1903311,Regulation Of mRNA Metabolic Process
TAL1,GO:1903311,Regulation Of mRNA Metabolic Process
PAX6,GO:1903311,Regulation Of mRNA Metabolic Process
WNK4,GO:1903311,Regulation Of mRNA Metabolic Process
SLC12A3,GO:1903311,Regulation Of mRNA Metabolic Process
AHR,GO:1903311,Regulation Of mRNA Metabolic Process
PAX3,GO:1903311,Regulation Of mRNA Metabolic Process
CPX-5991,GO:1903311,Regulation Of mRNA Metabolic Process
CPX-6642,GO:1903311,Regulation Of mRNA Metabolic Process
CPX-5989,GO:1903311,Regulation Of mRNA Metabolic Process
CPX-6082,GO:1903311,Regulation Of mRNA Metabolic Process
CPX-7441,GO:1903311,Regulation Of mRNA Metabolic Process
CPX-7442,GO:1903311,Regulation Of mRNA Metabolic Process
CPX-2653,GO:1903311,Regulation Of mRNA Metabolic Process
HOXB1,GO:1903311,Regulation Of mRNA Metabolic Process
EMD,GO:1903311,Regulation Of mRNA Metabolic Process
STK39,GO:1903311,Regulation Of mRNA Metabolic Process
SETBP1,GO:1903311,Regulation Of mRNA Metabolic Process
ZPR1,GO:1903311,Regulation Of mRNA Metabolic Process
CPX-1942,GO:1903311,Regulation Of mRNA Metabolic Process
CPX-680,GO:1903311,Regulation Of mRNA Metabolic Process
CPX-1941,GO:1903311,Regulation Of mRNA Metabolic Process
CPX-682,GO:1903311,Regulation Of mRNA Metabolic Process
SMARCAL1,GO:1903311,Regulation Of mRNA Metabolic Process
NR2F2,GO:1903311,Regulation Of mRNA Metabolic Process
CPX-7803,GO:1903311,Regulation Of mRNA Metabolic Process
CPX-7969,GO:1903311,Regulation Of mRNA Metabolic Process
CPX-7970,GO:1903311,Regulation Of mRNA Metabolic Process
ZNF687,GO:1903311,Regulation Of mRNA Metabolic Process
ANKRD11,GO:1903311,Regulation Of mRNA Metabolic Process
WNK1,GO:1903311,Regulation Of mRNA Metabolic Process
CPX-2394,GO:1903311,Regulation Of mRNA Metabolic Process
SETD5,GO:1903311,Regulation Of mRNA Metabolic Process
RNF146,GO:1903311,Regulation Of mRNA Metabolic Process
OXSR1,GO:1903311,Regulation Of mRNA Metabolic Process
WNK3,GO:1903311,Regulation Of mRNA Metabolic Process
FOXL2,GO:1903311,Regulation Of mRNA Metabolic Process
EYA1,GO:1903311,Regulation Of mRNA Metabolic Process
