min_cluster_size,min_samples,cluster_selection_epsilon,alpha,Num Clusters (valid),Num Ruido,Porcentaje Ruido,Silhouette Score,Davies-Bouldin Index,Calinski-Harabasz Index
40,40,0.0,1.5,8,4357,80.83487940630798,0.6787243370152706,0.4280899833216697,1706.833076918871
40,25,0.0,2.0,9,4363,80.94619666048237,0.6786009153760258,0.4354811032879958,1488.0063745696227
100,100,0.0,2.0,3,4271,79.23933209647495,0.674560953328671,0.4518521498975305,2597.2192839763325
150,100,0.0,2.0,3,4271,79.23933209647495,0.674560953328671,0.4518521498975305,2597.2192839763325
12,10,0.0,2.0,28,4314,80.03710575139146,0.6731420662523303,0.4052393470360997,1149.825598730734
10,10,0.0,2.0,30,4319,80.12987012987013,0.6704284015651037,0.4114193090376869,1134.9487449885987
200,100,0.0,2.0,2,4422,82.0408163265306,0.6700775559200675,0.4666515263764209,2974.0163769452533
4,4,0.0,2.0,66,4197,77.86641929499072,0.669719699777483,0.4552657904003162,966.1865614434068
12,9,0.0,2.0,29,4304,79.85157699443414,0.6685008920252145,0.40126948850817257,1110.0112604337846
8,8,0.0,2.0,32,4265,79.12801484230056,0.667053459867633,0.40956834223911004,1061.2486742755616
14,10,0.0,2.0,25,4337,80.46382189239331,0.6658883578528417,0.4247327521236833,1246.1810246689706
10,9,0.0,2.0,30,4293,79.64749536178107,0.6641790221954289,0.416659464208753,1087.8169706751353
200,75,0.0,2.0,2,4401,81.65120593692022,0.6637272208614479,0.47436684392905853,2898.308470053734
12,8,0.0,2.0,29,4278,79.36920222634508,0.661984417495626,0.4102124802607925,1055.002960210326
10,8,0.0,2.0,30,4268,79.18367346938776,0.6615836504920786,0.4137667833793269,1034.1500593368419
8,7,0.0,2.0,38,4207,78.05194805194805,0.6608549933455653,0.4408762102755543,1099.6976725774512
20,20,0.0,2.0,14,4307,79.90723562152134,0.6604873050976496,0.3896655463421377,1370.8174028320602
12,7,0.0,2.0,31,4245,78.75695732838591,0.6593209237704791,0.4386678256714292,1178.8961353666593
20,15,0.0,2.0,13,4231,78.49721706864564,0.6584400848282405,0.43520312224382945,1561.801780926133
16,10,0.0,2.0,20,4396,81.55844155844156,0.6574467894529623,0.44312788895671773,1468.2309151647873
30,15,0.0,2.0,12,4255,78.94248608534323,0.6571074966105155,0.4421299223531816,1618.8554443329572
30,30,0.0,2.0,10,4463,82.80148423005565,0.6563332170587574,0.4021333315581277,1103.7659953882978
10,7,0.0,2.0,32,4246,78.77551020408163,0.6562816560669723,0.4291258041963789,1204.3470706496519
50,35,0.0,1.5,7,4351,80.72356215213358,0.6554486141868642,0.46983274413467196,1770.4896523879006
60,35,0.0,1.5,7,4351,80.72356215213358,0.6554486141868642,0.46983274413467196,1770.4896523879006
16,15,0.0,2.0,14,4213,78.16326530612245,0.6547468571940717,0.43000085382920294,1473.7502916779006
18,15,0.0,2.0,14,4213,78.16326530612245,0.6547468571940717,0.43000085382920294,1473.7502916779006
40,35,0.0,1.5,9,4364,80.9647495361781,0.654626911359504,0.41320348965594733,1300.5246957995319
80,75,0.0,2.0,3,4202,77.9591836734694,0.6540704062908217,0.5056758787687028,2435.7722279020536
90,75,0.0,2.0,3,4202,77.9591836734694,0.6540704062908217,0.5056758787687028,2435.7722279020536
100,75,0.0,2.0,3,4202,77.9591836734694,0.6540704062908217,0.5056758787687028,2435.7722279020536
150,75,0.0,2.0,3,4202,77.9591836734694,0.6540704062908217,0.5056758787687028,2435.7722279020536
6,3,0.0,2.0,62,4171,77.38404452690168,0.6534014792060031,0.507993853731097,885.2892189419363
50,30,0.0,1.5,7,4339,80.50092764378479,0.6526556038599611,0.4745404045603709,1768.7159937153917
60,30,0.0,1.5,7,4339,80.50092764378479,0.6526556038599611,0.4745404045603709,1768.7159937153917
40,25,0.0,1.5,10,4203,77.97773654916512,0.652613785760001,0.4685578736275188,1493.185973819149
30,25,0.0,2.0,12,4345,80.61224489795919,0.652399253532204,0.41703604879340656,1169.7208007308514
40,30,0.0,1.0,10,4179,77.53246753246754,0.6523667897912024,0.4641974377964706,1844.1195987643648
14,9,0.0,2.0,24,4314,80.03710575139146,0.6514977812274604,0.4608855301096401,1236.7668236161028
14,7,0.0,2.0,25,4291,79.6103896103896,0.6508817936257166,0.4466958428908987,1387.5809984433424
40,25,0.0,1.0,11,4137,76.75324675324676,0.6504554526852453,0.46238327565666215,1645.4408581543657
40,20,0.0,2.0,10,4262,79.07235621521336,0.6498961269115202,0.5214173650238989,1305.872506267071
100,100,0.0,1.5,3,4122,76.47495361781075,0.6490233991515626,0.4915122506648588,2582.964111575545
150,100,0.0,1.5,3,4122,76.47495361781075,0.6490233991515626,0.4915122506648588,2582.964111575545
200,100,0.0,1.5,3,4122,76.47495361781075,0.6490233991515626,0.4915122506648588,2582.964111575545
18,9,0.0,2.0,19,4230,78.4786641929499,0.6489829666520887,0.46496258665391327,975.3818288923147
16,7,0.0,2.0,22,4173,77.42115027829314,0.6485270563649119,0.4566648108472023,939.7630570095064
30,30,0.0,1.5,12,4304,79.85157699443414,0.6485223199813986,0.413228466824263,1425.9810614904973
40,30,0.0,1.5,9,4346,80.63079777365492,0.6476105100920779,0.4201306902102779,1314.2683875674643
6,4,0.0,2.0,55,4153,77.05009276437848,0.6466700591607785,0.48440545738316654,847.1415300940018
18,8,0.0,2.0,19,4209,78.08905380333951,0.6465455248337901,0.4801375107489016,967.5763437117239
14,8,0.0,2.0,25,4299,79.75881261595548,0.6465455134509209,0.45802831276886397,1176.664921812343
50,25,0.0,1.5,7,4335,80.42671614100185,0.6459388173257796,0.4831782069561695,1737.684681956628
60,25,0.0,1.5,7,4335,80.42671614100185,0.6459388173257796,0.4831782069561695,1737.684681956628
8,4,0.0,2.0,48,4185,77.64378478664193,0.6458146375433796,0.5033739499412438,924.8669295601708
18,7,0.0,2.0,20,4184,77.6252319109462,0.6447852922968819,0.47767895698223206,983.8372924386568
60,20,0.0,1.0,7,4313,80.01855287569573,0.644625584538509,0.48105167283100136,1867.2525119483103
50,50,0.0,1.0,7,4294,79.6660482374768,0.6441099485040228,0.49020888052422507,1940.8637907962052
60,50,0.0,1.0,7,4294,79.6660482374768,0.6441099485040228,0.49020888052422507,1940.8637907962052
16,8,0.0,2.0,21,4176,77.47680890538034,0.644009180540795,0.480089644221852,912.0055044205303
4,3,0.0,2.0,81,4127,76.56771799628942,0.643126092807441,0.4832096839520641,803.8502044875222
16,9,0.0,2.0,22,4180,77.55102040816327,0.6427717788335453,0.46643490992131303,889.5648798947384
50,20,0.0,1.0,8,4261,79.05380333951763,0.6426826262612395,0.47560895971314343,1816.3595003078972
40,15,0.0,2.0,10,4263,79.0909090909091,0.6426789855841071,0.5381967245539435,1456.4835528316482
30,25,0.0,1.5,13,4242,78.70129870129871,0.6406755732528341,0.42482392440468364,1437.369342605083
60,35,0.0,2.0,4,4511,83.69202226345084,0.6392841301530523,0.4923024354972242,1297.151566897222
18,10,0.0,2.0,17,4265,79.12801484230056,0.6391165304935967,0.4846472907017243,1074.6615575604744
50,45,0.0,1.0,7,4278,79.36920222634508,0.6386580541575198,0.5003738605885352,1920.5711843245444
60,45,0.0,1.0,7,4278,79.36920222634508,0.6386580541575198,0.5003738605885352,1920.5711843245444
30,20,0.0,2.0,12,4299,79.75881261595548,0.6385952545087518,0.42235029647796335,1218.9207996973437
50,20,0.0,2.0,7,4387,81.39146567717997,0.6382463717909572,0.5767995849965023,1480.1486617563558
40,40,0.0,2.0,7,4393,81.50278293135436,0.6376277650337204,0.4740037670714354,967.3948754586174
40,7,0.0,2.0,13,4228,78.44155844155844,0.637182049849052,0.5285957463208659,1342.3697317198557
60,50,0.0,1.5,4,4441,82.39332096474953,0.6368397984606954,0.506153025259071,1534.490611846512
8,3,0.0,2.0,52,4132,76.6604823747681,0.6357728045299493,0.5300837920682263,967.812327070474
6,5,0.0,2.0,50,4119,76.41929499072356,0.6344105378685376,0.440556924533313,817.788171897562
16,15,0.0,1.5,23,4093,75.93692022263451,0.6339412433023148,0.44559215110572126,931.336562865704
40,30,0.0,2.0,7,4363,80.94619666048237,0.6336667119878886,0.49414336258072616,1002.5344500619633
50,15,0.0,2.0,7,4389,81.42857142857143,0.6324012438708478,0.5897828252767583,1653.9750115675065
18,15,0.0,1.5,19,4134,76.69758812615956,0.6313983914192582,0.45823986293340846,975.6597640183195
40,20,0.0,1.0,13,4133,76.67903525046383,0.6311010160648867,0.43741278774801384,1349.0441668355033
50,20,0.0,1.5,8,4254,78.92393320964749,0.6308085622497351,0.5185078382348749,1642.819097335399
60,20,0.0,1.5,8,4254,78.92393320964749,0.6308085622497351,0.5185078382348749,1642.819097335399
20,20,0.0,1.5,15,4160,77.1799628942486,0.6304215908135856,0.44472074879693296,1284.3467079174688
60,30,0.0,1.0,7,4261,79.05380333951763,0.630086771591325,0.5107229779871895,1816.2428521480756
20,10,0.0,2.0,15,4282,79.44341372912801,0.629919124860934,0.511597642569738,1197.843507102599
30,10,0.0,2.0,15,4282,79.44341372912801,0.629919124860934,0.511597642569738,1197.843507102599
40,35,0.0,2.0,7,4365,80.98330241187384,0.6295007917641743,0.4903221489171479,932.2035690391624
6,6,0.0,2.0,41,4136,76.73469387755102,0.6290051438328742,0.4734496987343826,913.2792827922175
70,20,0.0,1.5,5,4443,82.430426716141,0.6290013272242452,0.5188635212383002,1991.5353311206825
30,20,0.0,1.5,14,4181,77.569573283859,0.6284934145511393,0.4515537708258092,1337.4545304397993
20,7,0.0,2.0,18,4201,77.94063079777366,0.6281850813547272,0.5102809977297741,1074.4680875943088
50,40,0.0,2.0,6,4435,82.28200371057514,0.6281133192147912,0.48479763807134507,1075.8383797669474
50,30,0.0,1.0,8,4209,78.08905380333951,0.6278947989475869,0.5074187173809638,1744.9740071020958
10,4,0.0,2.0,39,4213,78.16326530612245,0.6276974172088283,0.5393439825117169,927.5873698691412
60,20,0.0,2.0,6,4440,82.3747680890538,0.6275755028468114,0.6150383278529018,1500.1253077751098
8,6,0.0,2.0,37,4150,76.99443413729128,0.6269278640551595,0.4773670878714061,936.5257422839228
40,20,0.0,1.5,11,4224,78.36734693877551,0.6264178331355499,0.4648641868107457,1278.378026070163
80,15,0.0,2.0,5,4514,83.74768089053804,0.6264065031636313,0.649351469903166,1821.2462900242606
90,15,0.0,2.0,5,4514,83.74768089053804,0.6264065031636313,0.649351469903166,1821.2462900242606
100,15,0.0,2.0,5,4514,83.74768089053804,0.6264065031636313,0.649351469903166,1821.2462900242606
6,6,0.0,1.5,55,4070,75.51020408163265,0.6251578191447461,0.5068367378267747,996.4516826397506
60,15,0.0,2.0,6,4444,82.44897959183673,0.6249434244229172,0.6233574585589613,1728.4918932538487
70,15,0.0,2.0,6,4444,82.44897959183673,0.6249434244229172,0.6233574585589613,1728.4918932538487
60,25,0.0,1.0,7,4253,78.90538033395175,0.6247955466168961,0.5086631161302945,1706.4835781277877
50,25,0.0,2.0,6,4390,81.44712430426716,0.6243710865481957,0.5169177547431496,1187.3050609757652
70,2,0.0,2.0,7,4390,81.44712430426716,0.6242691748742084,0.5519351866192035,1767.4064433261722
20,9,0.0,2.0,15,4265,79.12801484230056,0.6241304135123836,0.5294484012064158,1183.5401393242703
50,25,0.0,1.0,8,4200,77.92207792207793,0.6221901409039914,0.5075505427956601,1629.72727025579
20,8,0.0,2.0,15,4242,78.70129870129871,0.622145168115258,0.5434893533633451,1178.0516384757568
30,8,0.0,2.0,15,4242,78.70129870129871,0.622145168115258,0.5434893533633451,1178.0516384757568
30,7,0.0,2.0,15,4246,78.77551020408163,0.6220686892903129,0.5256897966570674,1227.0596551727479
40,10,0.0,1.5,12,4109,76.23376623376623,0.6207443790272474,0.5392098534572735,1311.0577922637124
12,6,0.0,2.0,31,4178,77.5139146567718,0.6203085286582316,0.49636536289432065,987.6372527729561
60,2,0.0,2.0,8,4327,80.278293135436,0.6190092402647032,0.5720302316000001,1610.425049685809
40,40,0.0,1.0,9,4146,76.92022263450835,0.6184851166867478,0.5576307854206719,1479.6016721416838
30,25,0.0,1.0,16,4118,76.40074211502782,0.6184658582464478,0.49663866855538236,1242.438797773824
50,6,0.0,2.0,10,4209,78.08905380333951,0.6174246385754197,0.57184683656523,1476.9060600219352
80,75,0.0,1.5,3,3972,73.69202226345084,0.6168742881239121,0.5559586957744829,2425.291708648945
90,75,0.0,1.5,3,3972,73.69202226345084,0.6168742881239121,0.5559586957744829,2425.291708648945
100,75,0.0,1.5,3,3972,73.69202226345084,0.6168742881239121,0.5559586957744829,2425.291708648945
150,75,0.0,1.5,3,3972,73.69202226345084,0.6168742881239121,0.5559586957744829,2425.291708648945
200,75,0.0,1.5,3,3972,73.69202226345084,0.6168742881239121,0.5559586957744829,2425.291708648945
60,25,0.0,2.0,5,4448,82.52319109461966,0.6164874319836977,0.547732831930466,1216.912632799034
10,6,0.0,2.0,33,4169,77.3469387755102,0.6161972835760036,0.48422501561709735,993.1227535725051
40,5,0.0,2.0,13,4145,76.90166975881262,0.6159540493707069,0.5692924678674767,1187.1094800035382
50,30,0.0,2.0,5,4453,82.61595547309834,0.6158363077796218,0.5396322221745505,1171.4595662656895
60,30,0.0,2.0,5,4453,82.61595547309834,0.6158363077796218,0.5396322221745505,1171.4595662656895
60,15,0.0,1.0,8,4172,77.40259740259741,0.6157663655106481,0.5458114493050996,1562.608368130667
100,100,0.0,1.0,3,3900,72.35621521335807,0.6154510905669636,0.5540313878058037,2661.5963847309986
150,100,0.0,1.0,3,3900,72.35621521335807,0.6154510905669636,0.5540313878058037,2661.5963847309986
50,10,0.0,1.5,11,4152,77.03153988868274,0.6152422596483995,0.5586505807228968,1367.8514162171005
80,15,0.0,1.5,6,4356,80.81632653061224,0.6151917265493059,0.6344197164051016,1723.5500888247245
20,15,0.0,1.5,17,4152,77.03153988868274,0.6150177977307699,0.49995795995578146,1072.1243614215398
40,15,0.0,1.5,10,4116,76.36363636363637,0.6149396392931666,0.5987656209328975,1467.1500656046608
40,8,0.0,2.0,13,4118,76.40074211502782,0.6148880127155523,0.5443839977030455,1370.4718058925953
90,15,0.0,1.5,5,4436,82.30055658627087,0.6148611714888684,0.6585573096498711,1871.271141215542
100,15,0.0,1.5,5,4436,82.30055658627087,0.6148611714888684,0.6585573096498711,1871.271141215542
50,50,0.0,1.5,6,4330,80.3339517625232,0.6144040503123616,0.5104057794312062,1222.6760311245139
8,5,0.0,2.0,40,4110,76.25231910946196,0.6142680427730534,0.5091594383456354,857.4166022180418
60,10,0.0,1.5,7,4248,78.81261595547309,0.6141327284453905,0.5449279261015033,1785.0166030702503
70,10,0.0,1.5,7,4248,78.81261595547309,0.6141327284453905,0.5449279261015033,1785.0166030702503
50,15,0.0,1.0,9,4117,76.38218923933209,0.6132379085059766,0.5420724983783006,1511.2905457976656
30,30,0.0,1.0,15,4097,76.01113172541744,0.6132344978093219,0.4708822357020461,1408.2091450423502
50,7,0.0,2.0,8,4298,79.74025974025975,0.6131384392987127,0.6012154798420454,1457.1501146981825
14,6,0.0,2.0,28,4202,77.9591836734694,0.6127090944690486,0.5219772033013539,1060.67145234729
10,5,0.0,2.0,34,4161,77.19851576994434,0.6126744303112331,0.5191302424687481,950.1995789220805
40,6,0.0,2.0,14,4139,76.79035250463822,0.6123269822750464,0.5964169629017497,1196.4058587061977
60,40,0.0,1.0,7,4238,78.62708719851577,0.6122418007029006,0.592563600839994,1697.2450018610987
80,20,0.0,1.5,4,4405,81.72541743970315,0.6119898548054641,0.56579157932239,1535.8895742463912
40,6,0.0,1.5,13,4056,75.25046382189238,0.6117367368862853,0.5405805254421676,1284.485884474859
50,35,0.0,2.0,5,4452,82.5974025974026,0.6115331483184729,0.5321589344182708,1094.2745616775803
12,5,0.0,2.0,32,4168,77.32838589981446,0.6110755819866819,0.5185851812623883,942.6445720554358
12,4,0.0,2.0,35,4143,76.86456400742115,0.6110249992739162,0.5420980841590197,974.0230845634039
6,4,0.0,1.5,69,3981,73.85899814471243,0.61066682336115,0.5350413988905574,786.9908342275436
50,40,0.0,1.0,8,4187,77.6808905380334,0.6100151876001013,0.5864511047969572,1604.0647786992367
50,15,0.0,1.5,9,4157,77.12430426716142,0.6096835340157385,0.6289366621398812,1573.1324016723586
40,15,0.0,1.0,13,4004,74.28571428571429,0.6082364134986346,0.5008543517324135,1440.0577531434449
60,15,0.0,1.5,8,4208,78.07050092764378,0.6080379770795503,0.6393287163468204,1620.6192395932555
70,15,0.0,1.5,8,4208,78.07050092764378,0.6080379770795503,0.6393287163468204,1620.6192395932555
8,4,0.0,1.5,59,4019,74.56400742115028,0.6080214071080093,0.5584345475333851,854.9344366579041
30,15,0.0,1.5,14,4202,77.9591836734694,0.6069693935173555,0.5211467344481925,1208.1036618735627
10,3,0.0,2.0,40,4084,75.7699443413729,0.6056484093681126,0.5511458592943608,902.0254318119752
18,6,0.0,2.0,25,4231,78.49721706864564,0.6056088827687852,0.5485700462937787,1148.6068334783758
16,6,0.0,2.0,26,4214,78.18181818181819,0.6052186242813797,0.5471258876847647,1127.7003134820293
6,2,0.0,2.0,71,4031,74.78664192949907,0.604251901682147,0.602452726817708,731.4000098731724
40,10,0.0,2.0,10,4177,77.49536178107607,0.6042506093821346,0.6072488159290584,1153.0789539606483
40,4,0.0,2.0,13,4095,75.97402597402598,0.6040866560101287,0.5938909374891918,1198.4414253603622
30,20,0.0,1.0,16,4098,76.02968460111316,0.6036768396139662,0.5102486753827313,1214.4876389272247
40,8,0.0,1.5,12,4074,75.58441558441558,0.6030741295630998,0.5744781904877143,1330.1556808583798
14,4,0.0,2.0,30,4178,77.5139146567718,0.6027483361880103,0.5636709061907204,1004.2748282648811
50,40,0.0,1.5,6,4289,79.57328385899814,0.6023099024131394,0.524177305631507,1163.5268344503468
60,40,0.0,1.5,6,4289,79.57328385899814,0.6023099024131394,0.524177305631507,1163.5268344503468
4,4,0.0,1.5,83,3983,73.8961038961039,0.6022246902784804,0.5084788056364377,774.0284685168215
20,7,0.0,1.5,26,3942,73.13543599257885,0.6020020917449745,0.5242589697335668,877.1001112546381
50,45,0.0,1.5,6,4290,79.59183673469387,0.6019994892637167,0.5255949804874814,1176.5085683007437
80,6,0.0,2.0,4,4503,83.54359925788498,0.6017062822963055,0.6545181483536627,2011.5687581829982
90,6,0.0,2.0,4,4503,83.54359925788498,0.6017062822963055,0.6545181483536627,2011.5687581829982
100,6,0.0,2.0,4,4503,83.54359925788498,0.6017062822963055,0.6545181483536627,2011.5687581829982
50,4,0.0,2.0,12,4141,76.82745825602967,0.6008476466294843,0.5995117153415771,1190.5936106448496
8,8,0.0,1.0,53,3986,73.95176252319109,0.600513608781029,0.5706631734241879,870.4652757907148
50,35,0.0,1.0,8,4136,76.73469387755102,0.5996668736904465,0.6084544967671124,1545.8611277164941
60,35,0.0,1.0,8,4136,76.73469387755102,0.5996668736904465,0.6084544967671124,1545.8611277164941
8,7,0.0,1.5,45,4029,74.74953617810762,0.5990834531893755,0.5137371700867531,879.9522180955825
90,7,0.0,1.0,5,4228,78.44155844155844,0.5988959732973748,0.591958602940298,1895.5657304932115
100,7,0.0,1.0,5,4228,78.44155844155844,0.5988959732973748,0.591958602940298,1895.5657304932115
30,6,0.0,2.0,15,4187,77.6808905380334,0.5984711432527708,0.5965271458440482,1104.668720507307
14,5,0.0,2.0,28,4190,77.73654916512059,0.5979389536779517,0.5316757778011851,1028.9762736287562
40,9,0.0,2.0,11,4124,76.51205936920222,0.5976979976132476,0.6287086900264583,1096.867988961942
8,8,0.0,1.5,40,3998,74.17439703153988,0.5976963119791378,0.49535747200707336,946.5490795991494
10,4,0.0,1.5,45,4025,74.67532467532467,0.5966974590897504,0.5716459428880799,989.2820037803681
10,8,0.0,1.5,37,4024,74.65677179962894,0.5964599211229814,0.4961755485877997,996.3022580489295
90,10,0.0,1.0,5,4248,78.81261595547309,0.5964413328771367,0.5977006154348968,1807.256305174479
16,10,0.0,1.5,24,3960,73.46938775510205,0.5957356072397595,0.5045024137582939,822.1742844380813
10,7,0.0,1.5,38,4032,74.8051948051948,0.5956549739994619,0.5176543323113144,987.4721922324655
30,9,0.0,2.0,14,4237,78.60853432282003,0.5954518896926847,0.5797338249994295,909.6621890653873
18,8,0.0,1.5,26,3911,72.56029684601113,0.5951203725107216,0.5215876859590528,857.0123329202244
50,10,0.0,2.0,7,4307,79.90723562152134,0.5949419342930647,0.6630248893567486,1318.7945124971623
60,10,0.0,2.0,7,4307,79.90723562152134,0.5949419342930647,0.6630248893567486,1318.7945124971623
18,10,0.0,1.5,23,3976,73.76623376623377,0.5947338946140756,0.5060573093185653,842.197392139656
16,15,0.0,1.0,27,3886,72.0964749536178,0.5943448933135717,0.5075645181997643,850.4410888539934
8,2,0.0,2.0,63,4045,75.04638218923934,0.5938145167155594,0.6429173952515008,789.4042210844084
14,8,0.0,1.5,29,4078,75.65862708719851,0.5935298462979159,0.5199745128959162,1123.1430407751045
18,15,0.0,1.0,26,3903,72.41187384044527,0.5934269192214205,0.5117885496542386,866.4490238341388
18,7,0.0,1.5,27,4097,76.01113172541744,0.5928392699031246,0.5368087990255428,1168.5703130449826
40,2,0.0,2.0,13,4146,76.92022263450835,0.5927861430352631,0.6326709289136836,1262.943169197005
4,3,0.0,1.5,106,3859,71.59554730983302,0.5927105351439269,0.5259803064013338,638.5035045803592
40,35,0.0,1.0,11,4101,76.08534322820037,0.5922365094762707,0.5395177033573287,1165.7874890352878
20,20,0.0,1.0,19,4028,74.73098330241187,0.592166740696616,0.5335095976106912,1080.9336157591679
60,45,0.0,1.5,5,4347,80.64935064935065,0.5921600207062163,0.5577135108228573,1220.9383323055933
16,8,0.0,1.5,27,4084,75.7699443413729,0.5920111910346535,0.5262659085772966,1186.7719865727934
40,7,0.0,1.5,11,4113,76.30797773654916,0.5916782683804857,0.5913660755132419,1174.5830364944147
12,8,0.0,1.5,33,4040,74.95361781076066,0.5914120292720176,0.5012807717494577,1025.6173609081025
50,9,0.0,2.0,7,4297,79.72170686456401,0.591045776506442,0.6700627486347833,1304.572016582465
60,9,0.0,2.0,7,4297,79.72170686456401,0.591045776506442,0.6700627486347833,1304.572016582465
70,9,0.0,2.0,6,4364,80.9647495361781,0.5909520817679851,0.6834002884352152,1364.4479352516732
16,5,0.0,2.0,27,4182,77.58812615955473,0.5907378704639403,0.5537724129000838,1069.037908570729
18,5,0.0,2.0,26,4199,77.9035250463822,0.5899458867951535,0.5522085118751969,1100.761163905713
6,3,0.0,1.5,77,3900,72.35621521335807,0.5896787770305238,0.5871424182691924,716.4906698334498
4,2,0.0,2.0,94,4008,74.35992578849722,0.5894742552511738,0.5656336776550345,705.1367742645793
10,8,0.0,1.0,46,3946,73.20964749536178,0.5893466225550488,0.5685279550993044,929.3204397668216
16,7,0.0,1.5,28,4081,75.71428571428571,0.5892589736178574,0.5535743372944995,1147.886324679022
50,6,0.0,1.5,10,4132,76.6604823747681,0.5891530138450952,0.622515470965394,1235.2114537305981
70,10,0.0,2.0,5,4443,82.430426716141,0.5889623678830753,0.7188887884691836,1455.801902401206
80,10,0.0,2.0,5,4443,82.430426716141,0.5889623678830753,0.7188887884691836,1455.801902401206
90,10,0.0,2.0,5,4443,82.430426716141,0.5889623678830753,0.7188887884691836,1455.801902401206
100,10,0.0,2.0,5,4443,82.430426716141,0.5889623678830753,0.7188887884691836,1455.801902401206
12,7,0.0,1.5,35,4026,74.6938775510204,0.5886917286913884,0.5376737564816908,970.8440913466984
60,9,0.0,1.5,7,4205,78.01484230055658,0.5884936028895347,0.5872176714095876,1462.0296199903723
12,3,0.0,1.5,39,4042,74.99072356215213,0.5871610039209516,0.60104290887262,943.1298559540016
60,6,0.0,2.0,7,4303,79.83302411873841,0.5870496446394322,0.5919520035807363,1511.2425803717579
30,7,0.0,1.5,17,4084,75.7699443413729,0.586415549347089,0.5388163089700647,1141.0533382442338
80,9,0.0,2.0,5,4434,82.26345083487941,0.5863811174908293,0.7244174351203676,1446.9064687450152
90,9,0.0,2.0,5,4434,82.26345083487941,0.5863811174908293,0.7244174351203676,1446.9064687450152
100,9,0.0,2.0,5,4434,82.26345083487941,0.5863811174908293,0.7244174351203676,1446.9064687450152
20,5,0.0,2.0,25,4217,78.23747680890538,0.5861220427660547,0.5598024807650845,1123.9893980750146
10,3,0.0,1.5,47,4034,74.84230055658627,0.586059833445821,0.5842100262691714,890.0027446362275
10,9,0.0,1.5,34,4042,74.99072356215213,0.585909495571464,0.4828326167208195,913.5127030715316
16,9,0.0,1.5,25,3927,72.85714285714285,0.5856698956449117,0.5181110054292272,771.8684497470853
18,9,0.0,1.5,25,3927,72.85714285714285,0.5856698956449117,0.5181110054292272,771.8684497470853
40,9,0.0,1.5,11,4081,75.71428571428571,0.5853428435300361,0.6177455626803482,1125.8616999502462
60,3,0.0,1.5,8,4139,76.79035250463822,0.585304494390637,0.6181877718846382,1473.0428648565494
50,5,0.0,2.0,9,4196,77.84786641929499,0.5852904521188943,0.6326490853789508,1167.9971375788707
12,9,0.0,1.5,33,4052,75.17625231910947,0.5850118004666746,0.48713589863030443,933.8650188067544
30,10,0.0,1.5,14,4141,76.82745825602967,0.584591477477864,0.5445435727994595,1124.3394742806718
6,5,0.0,1.5,60,3904,72.430426716141,0.5843968035833196,0.5119246197315795,720.7564786834187
50,2,0.0,2.0,10,4276,79.33209647495362,0.5841033587177327,0.6721962400864999,1368.2938257651206
50,7,0.0,1.5,10,4154,77.06864564007421,0.5840498795848562,0.6177949130920485,1238.8051290154121
60,5,0.0,1.5,8,4143,76.86456400742115,0.5840015178584442,0.6049190589436784,1473.2570305940658
12,2,0.0,2.0,41,4027,74.71243042671614,0.5839345587180013,0.6304149594791892,958.8362375978287
14,7,0.0,1.5,31,4063,75.38033395176252,0.5834244390055617,0.5609688746188091,1058.7784481667086
20,8,0.0,1.5,24,3914,72.61595547309832,0.5832964995136316,0.5421901112576745,836.7400107600168
20,6,0.0,2.0,19,4278,79.36920222634508,0.5829084938560959,0.593094615837267,1166.5021099442226
70,6,0.0,2.0,5,4433,82.24489795918367,0.5827880125524313,0.6376343262525184,1828.1749411783148
16,4,0.0,2.0,26,3998,74.17439703153988,0.5817438136024724,0.5881873244416389,790.7163981244048
18,4,0.0,2.0,26,3998,74.17439703153988,0.5817438136024724,0.5881873244416389,790.7163981244048
12,3,0.0,2.0,35,4049,75.12059369202227,0.5814188865568983,0.5674602532229461,811.8223020282613
10,10,0.0,1.5,32,4053,75.1948051948052,0.5809387458544967,0.48145367627310337,861.411473425029
20,10,0.0,1.5,21,3993,74.08163265306122,0.5800145609865012,0.5429471792698407,901.9851893131014
30,15,0.0,1.0,16,4045,75.04638218923934,0.5799857198748769,0.5558055853136016,1238.5024537298823
10,2,0.0,2.0,45,3987,73.97031539888684,0.5799044217027769,0.6428136053670874,898.1696210458003
8,5,0.0,1.5,47,3916,72.6530612244898,0.579761328930141,0.5484884001023401,844.9484206208969
30,5,0.0,2.0,15,4160,77.1799628942486,0.5796830199462271,0.5735457045848783,1059.1401804307222
12,10,0.0,1.5,31,4052,75.17625231910947,0.5796633256449304,0.4825541676922567,833.5858179424624
20,15,0.0,1.0,25,3879,71.96660482374769,0.5794096165403017,0.532181508615913,911.0585376857815
8,3,0.0,1.5,62,3934,72.98701298701299,0.5793325478405795,0.6001137098412551,742.3878849098774
2,1,0.0,2.0,362,3645,67.6252319109462,0.5791677778533398,0.5130844748727619,388.20593584704284
50,9,0.0,1.5,10,4122,76.47495361781075,0.5789677443926586,0.647152466095492,1188.4166760883618
70,3,0.0,2.0,8,4191,77.75510204081633,0.5789664957152793,0.6592901609030752,1408.553441583649
20,4,0.0,2.0,25,4016,74.50834879406308,0.5784869079885667,0.5943480757144939,808.706065438379
14,3,0.0,2.0,28,4107,76.19666048237477,0.578222232076553,0.5809572900090307,906.9814866754729
2,2,0.0,2.0,149,3946,73.20964749536178,0.5780596515485953,0.568962842260293,516.1105726172119
14,2,0.0,2.0,34,4080,75.69573283858998,0.5777857092234397,0.6229575417699116,993.3049315435934
10,5,0.0,1.5,39,3957,73.41372912801484,0.577781561509059,0.5623965444303212,962.3908840122145
12,5,0.0,1.5,38,3968,73.61781076066791,0.5775735703478291,0.5595787711524959,978.6945290919934
90,5,0.0,1.5,5,4284,79.48051948051949,0.5769571372608526,0.6508313587966574,1377.3763139404389
90,9,0.0,1.0,5,4206,78.03339517625231,0.5767351275734145,0.619654786023798,1627.6101730982512
100,9,0.0,1.0,5,4206,78.03339517625231,0.5767351275734145,0.619654786023798,1627.6101730982512
60,6,0.0,1.5,6,4260,79.0352504638219,0.5756403630280429,0.6364171665224045,1542.0050969540664
8,7,0.0,1.0,62,3869,71.78107606679035,0.5755515942708234,0.6295352323535249,810.2163863518498
16,2,0.0,2.0,31,4091,75.89981447124305,0.5753657942921404,0.6180585639718162,1057.16954768722
10,2,0.0,1.5,52,3980,73.8404452690167,0.5752354403482716,0.6230039811112741,853.400934059767
50,8,0.0,2.0,7,4264,79.10946196660483,0.5750565180504188,0.6953182178334504,1298.3994840726732
60,8,0.0,2.0,7,4264,79.10946196660483,0.5750565180504188,0.6953182178334504,1298.3994840726732
150,6,0.0,2.0,3,4611,85.54730983302412,0.5748439847031148,0.7604541163686923,1834.4055111618152
20,9,0.0,1.5,23,3946,73.20964749536178,0.5745189225139576,0.5403411884320468,807.927196548804
8,2,0.0,1.5,69,3882,72.02226345083488,0.5740690888988317,0.6433714783135975,784.9946093385914
60,2,0.0,1.5,8,4117,76.38218923933209,0.5740463743512482,0.6317035978515746,1437.3134805300417
20,10,0.0,1.0,25,3828,71.0204081632653,0.5735397771114811,0.5380372666710502,799.1498472447577
14,10,0.0,1.5,28,4077,75.64007421150278,0.5732897864734463,0.5008145414585358,898.7175242851093
50,5,0.0,1.5,10,4111,76.2708719851577,0.5729926303983055,0.6490045051931197,1306.2645430391788
80,7,0.0,1.0,6,4139,76.79035250463822,0.5727930946771342,0.6032411490591496,1790.550213171517
8,6,0.0,1.5,46,3930,72.91280148423006,0.5725271022977055,0.5480410841681022,829.0935952341524
10,7,0.0,1.0,51,3829,71.03896103896103,0.5722130697977547,0.6205720270946008,876.7424182482765
60,8,0.0,1.0,10,3887,72.11502782931353,0.5718243851664099,0.6045883228468989,1405.6184712892657
30,8,0.0,1.5,16,4036,74.87940630797773,0.570845456187602,0.5631325439575428,1075.2187477954064
14,4,0.0,1.5,33,4005,74.30426716141002,0.5707939982432082,0.5902483264982733,1023.0766117580497
80,8,0.0,1.0,6,4151,77.01298701298701,0.5707279194509085,0.5800283660211712,1722.6754852600786
12,7,0.0,1.0,46,3880,71.98515769944342,0.570514983003338,0.6245900798922476,926.8775707537303
50,50,0.0,2.0,3,4031,74.78664192949907,0.5704752602418519,0.6390051425560369,1490.6421000924834
60,50,0.0,2.0,3,4031,74.78664192949907,0.5704752602418519,0.6390051425560369,1490.6421000924834
70,50,0.0,2.0,3,4031,74.78664192949907,0.5704752602418519,0.6390051425560369,1490.6421000924834
80,50,0.0,2.0,3,4031,74.78664192949907,0.5704752602418519,0.6390051425560369,1490.6421000924834
90,50,0.0,2.0,3,4031,74.78664192949907,0.5704752602418519,0.6390051425560369,1490.6421000924834
100,50,0.0,2.0,3,4031,74.78664192949907,0.5704752602418519,0.6390051425560369,1490.6421000924834
150,50,0.0,2.0,3,4031,74.78664192949907,0.5704752602418519,0.6390051425560369,1490.6421000924834
200,50,0.0,2.0,3,4031,74.78664192949907,0.5704752602418519,0.6390051425560369,1490.6421000924834
12,4,0.0,1.5,36,3981,73.85899814471243,0.5703927933495595,0.5757711228648592,964.0278172474082
6,2,0.0,1.5,94,3748,69.53617810760669,0.5702653421627427,0.6384964697941634,655.4388154632047
8,6,0.0,1.0,68,3796,70.42671614100186,0.5697198483328785,0.6059172776440966,756.6115232005749
70,8,0.0,2.0,5,4397,81.57699443413729,0.5695820678533624,0.7589198807036339,1462.2672950204017
80,8,0.0,2.0,5,4397,81.57699443413729,0.5695820678533624,0.7589198807036339,1462.2672950204017
90,8,0.0,2.0,5,4397,81.57699443413729,0.5695820678533624,0.7589198807036339,1462.2672950204017
100,8,0.0,2.0,5,4397,81.57699443413729,0.5695820678533624,0.7589198807036339,1462.2672950204017
20,2,0.0,2.0,25,4022,74.61966604823748,0.5695528485485893,0.6328840283785416,901.6055651373518
30,4,0.0,2.0,16,4084,75.7699443413729,0.5694292159122363,0.5840019462919468,1033.6399827542816
60,4,0.0,1.5,7,4138,76.77179962894249,0.5692439114739772,0.6197628237038347,1556.0041210358836
60,8,0.0,1.5,7,4162,77.21706864564007,0.5690707958133744,0.6274812675582959,1326.906299454855
40,3,0.0,2.0,13,3994,74.10018552875695,0.5690693292172906,0.7002270593540193,1154.815670659823
70,7,0.0,1.0,8,3992,74.06307977736549,0.5690155634799293,0.5967370390882951,1553.188775511339
18,5,0.0,1.5,26,4056,75.25046382189238,0.5689233257936769,0.5675471842434664,1063.181103540058
16,3,0.0,2.0,26,4095,75.97402597402598,0.5685518124601121,0.6094530380917563,952.460802118341
10,6,0.0,1.5,41,3961,73.48794063079778,0.5683854205862192,0.5686297103790672,899.1366185878221
6,6,0.0,1.0,76,3773,70.0,0.5682809902649684,0.6148988850072548,714.0214974826465
16,5,0.0,1.5,29,4027,74.71243042671614,0.568197016685319,0.5578612475682462,983.88636211698
14,5,0.0,1.5,33,3989,74.00742115027829,0.5681485885418774,0.5814342154866533,1009.3647927687803
50,10,0.0,1.0,10,3878,71.94805194805195,0.568090807104533,0.6534941666681142,1385.7730281214906
40,5,0.0,1.5,12,4028,74.73098330241187,0.5680328480150172,0.6269962641798988,1217.4253143852384
70,8,0.0,1.0,8,4007,74.34137291280149,0.5677342628735388,0.6132641017192138,1486.2351067170016
14,9,0.0,1.5,28,4063,75.38033395176252,0.5675533209690677,0.5216033961968989,872.7172470791057
80,10,0.0,1.0,7,4077,75.64007421150278,0.5671682506792665,0.6569634971823641,1594.7914348299892
16,4,0.0,1.5,30,4024,74.65677179962894,0.5667102796396234,0.57507006864104,1018.8615982903814
60,10,0.0,1.0,9,3935,73.00556586270872,0.5664946649098059,0.6578557855413651,1430.2927957186998
70,10,0.0,1.0,9,3935,73.00556586270872,0.5664946649098059,0.6578557855413651,1430.2927957186998
60,3,0.0,2.0,10,4062,75.36178107606679,0.5663175416446213,0.71245168052269,1292.0622011217517
30,9,0.0,1.5,14,4116,76.36363636363637,0.5659085731895722,0.5652776541014578,1076.945892271712
20,5,0.0,1.5,24,4093,75.93692022263451,0.5658411392807833,0.5820207236636543,1106.7114078752115
50,2,0.0,1.5,11,3953,73.3395176252319,0.5655576012065986,0.639167857268748,1313.0989954009729
18,4,0.0,1.5,28,4039,74.93506493506493,0.5654593720477883,0.5862612822637964,1068.7320340976928
90,4,0.0,1.5,5,4219,78.27458256029685,0.565345236420819,0.668792132231828,1413.090201728549
100,4,0.0,1.5,5,4219,78.27458256029685,0.565345236420819,0.668792132231828,1413.090201728549
50,3,0.0,2.0,12,4040,74.95361781076066,0.5649506479965379,0.7150658602669723,1153.3557367890883
80,5,0.0,1.0,7,4031,74.78664192949907,0.5641986733632108,0.6124056263477817,1830.8756705595442
18,10,0.0,1.0,26,3810,70.68645640074212,0.5641623467761808,0.5435335234254995,780.0968771837516
18,3,0.0,2.0,25,3924,72.80148423005566,0.564129194474567,0.6124994800630366,777.9626133273839
80,50,0.0,1.0,3,3742,69.42486085343228,0.564025810241501,0.6436996157093606,2070.825019291541
90,50,0.0,1.0,3,3742,69.42486085343228,0.564025810241501,0.6436996157093606,2070.825019291541
100,50,0.0,1.0,3,3742,69.42486085343228,0.564025810241501,0.6436996157093606,2070.825019291541
150,50,0.0,1.0,3,3742,69.42486085343228,0.564025810241501,0.6436996157093606,2070.825019291541
200,50,0.0,1.0,3,3742,69.42486085343228,0.564025810241501,0.6436996157093606,2070.825019291541
50,3,0.0,1.5,11,4027,74.71243042671614,0.56371795612098,0.6624873402038044,1254.1357436650549
12,6,0.0,1.5,38,3924,72.80148423005566,0.5634505521138246,0.5720551169467579,892.4945126451842
50,8,0.0,1.5,11,4032,74.8051948051948,0.5631201590138775,0.6650053251449316,1020.9921758499598
60,7,0.0,2.0,6,4343,80.57513914656772,0.5623326213332869,0.730907857080549,1461.4331541531774
80,2,0.0,2.0,5,4354,80.77922077922078,0.5622950781229954,0.6502857485369091,1063.3182597127322
90,2,0.0,2.0,5,4354,80.77922077922078,0.5622950781229954,0.6502857485369091,1063.3182597127322
80,75,0.0,1.0,3,3740,69.38775510204081,0.5614600185111799,0.6416404275961868,2032.836918300427
90,75,0.0,1.0,3,3740,69.38775510204081,0.5614600185111799,0.6416404275961868,2032.836918300427
100,75,0.0,1.0,3,3740,69.38775510204081,0.5614600185111799,0.6416404275961868,2032.836918300427
150,75,0.0,1.0,3,3740,69.38775510204081,0.5614600185111799,0.6416404275961868,2032.836918300427
200,75,0.0,1.0,3,3740,69.38775510204081,0.5614600185111799,0.6416404275961868,2032.836918300427
20,3,0.0,2.0,24,3943,73.15398886827458,0.5613356124840627,0.6182942585709034,797.3169266293019
50,5,0.0,1.0,11,3759,69.74025974025973,0.5612020801807135,0.6048861535300509,1509.6226986759418
60,5,0.0,1.0,11,3759,69.74025974025973,0.5612020801807135,0.6048861535300509,1509.6226986759418
70,7,0.0,2.0,5,4412,81.85528756957329,0.5610126298357757,0.7778783494249173,1547.3707550271483
80,7,0.0,2.0,5,4412,81.85528756957329,0.5610126298357757,0.7778783494249173,1547.3707550271483
90,7,0.0,2.0,5,4412,81.85528756957329,0.5610126298357757,0.7778783494249173,1547.3707550271483
100,7,0.0,2.0,5,4412,81.85528756957329,0.5610126298357757,0.7778783494249173,1547.3707550271483
12,6,0.0,1.0,45,3862,71.65120593692022,0.560962365488936,0.6187644024299122,937.5705524509301
50,8,0.0,1.0,11,3918,72.69016697588127,0.5607656497856578,0.6369188670533112,1261.595495393664
6,5,0.0,1.0,89,3688,68.42300556586271,0.5602837671838965,0.6668085500461182,643.5644559852785
40,4,0.0,1.5,12,3972,73.69202226345084,0.5602137016779511,0.632319862872735,1183.0591890830424
50,4,0.0,1.5,10,4057,75.26901669758813,0.5598317402074666,0.6604920694046406,1276.1709593499465
70,5,0.0,1.0,9,3885,72.07792207792207,0.5595418184895673,0.6074085408777287,1592.919921916592
60,7,0.0,1.0,10,3872,71.83673469387755,0.5593468222395469,0.6321082456628753,1457.673804130339
40,2,0.0,1.5,13,3869,71.78107606679035,0.5593166629605851,0.6433419801308138,1171.954807934386
14,6,0.0,1.5,30,3972,73.69202226345084,0.558140999745939,0.5931846785082795,948.8600701361825
40,10,0.0,1.0,13,3806,70.61224489795919,0.5574915239455406,0.6024943745338611,1305.6675947860078
16,6,0.0,1.5,29,3986,73.95176252319109,0.557312596971129,0.5971072208698242,973.8001106104616
18,2,0.0,2.0,28,4086,75.80705009276438,0.5568832443304399,0.633051562837073,981.1347255469269
10,6,0.0,1.0,54,3789,70.29684601113173,0.5568430698761123,0.6355359340604281,827.3424791854792
20,4,0.0,1.5,25,4074,75.58441558441558,0.5564285978767418,0.6094394594166473,1012.2672800337406
40,8,0.0,1.0,14,3853,71.48423005565863,0.5562039506491869,0.5929254192716489,1278.1124281238158
18,6,0.0,1.5,27,3995,74.11873840445269,0.5554460941954104,0.5926071240236537,1034.493680334004
70,4,0.0,2.0,6,4286,79.51762523191096,0.5552381145655962,0.6635631243313407,1484.3820485198153
80,45,0.0,1.0,3,3740,69.38775510204081,0.5547480247313639,0.6624508481363928,1917.3720876945338
90,45,0.0,1.0,3,3740,69.38775510204081,0.5547480247313639,0.6624508481363928,1917.3720876945338
100,45,0.0,1.0,3,3740,69.38775510204081,0.5547480247313639,0.6624508481363928,1917.3720876945338
150,45,0.0,1.0,3,3740,69.38775510204081,0.5547480247313639,0.6624508481363928,1917.3720876945338
200,45,0.0,1.0,3,3740,69.38775510204081,0.5547480247313639,0.6624508481363928,1917.3720876945338
80,9,0.0,1.0,6,4121,76.45640074211502,0.5545173777691331,0.6420423478077328,1516.5895014399189
20,8,0.0,1.0,24,3762,69.79591836734694,0.5541947401034787,0.5659037447039662,854.8421526986926
70,3,0.0,1.5,6,4189,77.71799628942486,0.5537681781331175,0.6739661858535616,1313.0916281977038
14,2,0.0,1.5,36,3975,73.74768089053804,0.5532541765288491,0.6547751149241664,1049.4665249315087
70,45,0.0,1.0,5,3779,70.1113172541744,0.5524935648946889,0.5717219141535762,1216.6433436925045
14,8,0.0,1.0,35,3961,73.48794063079778,0.5520996930417253,0.6145000848895477,1017.5075308066602
20,6,0.0,1.5,26,4014,74.4712430426716,0.5520306496803192,0.597684129571224,1056.3177052943279
70,5,0.0,1.5,6,4199,77.9035250463822,0.5511216707984178,0.6927194735065968,1305.5379179898057
80,5,0.0,1.5,6,4199,77.9035250463822,0.5511216707984178,0.6927194735065968,1305.5379179898057
60,4,0.0,2.0,8,4152,77.03153988868274,0.5507324924115271,0.6669755784589642,1358.3691782916826
40,7,0.0,1.0,16,3739,69.36920222634508,0.5505132845773332,0.6273002873308449,1186.0073791348573
14,3,0.0,1.5,32,3942,73.13543599257885,0.5502777370030875,0.6182011356701309,960.2500762568852
18,9,0.0,1.0,28,3747,69.51762523191096,0.5501988260067276,0.568686732469783,729.5546612072276
50,7,0.0,1.0,11,3909,72.52319109461966,0.5497236187525275,0.658028101036074,1307.8896576310456
70,7,0.0,1.5,5,4295,79.68460111317253,0.5496298071429854,0.6994084232325177,1624.4464456688693
60,9,0.0,1.0,10,3841,71.26159554730982,0.5491799501371399,0.6898798262093426,1244.6260217423326
30,3,0.0,2.0,17,4011,74.41558441558442,0.5483496697845899,0.6371000979019219,1017.3387584934585
2,2,0.0,1.5,225,3688,68.42300556586271,0.5482329477568625,0.6105681431511245,462.9639211689669
60,7,0.0,1.5,6,4233,78.5343228200371,0.5479968924203349,0.6791419415715162,1441.601904612111
70,9,0.0,1.0,9,3901,72.3747680890538,0.547789375522464,0.6948809674170043,1283.36216372888
100,40,0.0,1.0,3,3740,69.38775510204081,0.547349961615438,0.6746185500253663,1797.1353134800788
150,40,0.0,1.0,3,3740,69.38775510204081,0.547349961615438,0.6746185500253663,1797.1353134800788
200,40,0.0,1.0,3,3740,69.38775510204081,0.547349961615438,0.6746185500253663,1797.1353134800788
16,2,0.0,1.5,32,3980,73.8404452690167,0.5470557214821946,0.6587163548837234,1037.264818339174
8,5,0.0,1.0,71,3728,69.16512059369202,0.5468885451405057,0.6890832056384432,720.1750782951694
30,2,0.0,2.0,17,4099,76.04823747680891,0.5465426144554225,0.645130870960518,1064.6910297414913
6,1,0.0,2.0,87,3739,69.36920222634508,0.5461629958256677,0.72283549006914,560.4755211019132
60,5,0.0,2.0,8,4165,77.27272727272727,0.5460378916033983,0.712776067008539,1179.877453080464
80,6,0.0,1.0,7,3999,74.19294990723562,0.5451801747232997,0.6867304838565608,1519.9227671188314
90,6,0.0,1.0,7,3999,74.19294990723562,0.5451801747232997,0.6867304838565608,1519.9227671188314
40,3,0.0,1.5,14,3897,72.30055658627087,0.5450527828971342,0.6427250361341389,1124.3739886950195
16,3,0.0,1.5,30,3949,73.26530612244898,0.5450196528850035,0.6481876619441728,1008.8185885696877
60,45,0.0,2.0,3,3956,73.3951762523191,0.544608476935222,0.6777715853762903,1333.5410302386492
70,45,0.0,2.0,3,3956,73.3951762523191,0.544608476935222,0.6777715853762903,1333.5410302386492
80,45,0.0,2.0,3,3956,73.3951762523191,0.544608476935222,0.6777715853762903,1333.5410302386492
90,45,0.0,2.0,3,3956,73.3951762523191,0.544608476935222,0.6777715853762903,1333.5410302386492
100,45,0.0,2.0,3,3956,73.3951762523191,0.544608476935222,0.6777715853762903,1333.5410302386492
150,45,0.0,2.0,3,3956,73.3951762523191,0.544608476935222,0.6777715853762903,1333.5410302386492
200,45,0.0,2.0,3,3956,73.3951762523191,0.544608476935222,0.6777715853762903,1333.5410302386492
12,10,0.0,1.0,37,3863,71.66975881261595,0.5444105189786482,0.5600357494288635,855.8167979363346
16,10,0.0,1.0,30,3913,72.59740259740259,0.5443030924480825,0.5425572704275248,935.8162456164454
70,50,0.0,1.5,3,3870,71.79962894248608,0.5435227124753895,0.6798844399665288,1497.3358844230004
80,50,0.0,1.5,3,3870,71.79962894248608,0.5435227124753895,0.6798844399665288,1497.3358844230004
90,50,0.0,1.5,3,3870,71.79962894248608,0.5435227124753895,0.6798844399665288,1497.3358844230004
100,50,0.0,1.5,3,3870,71.79962894248608,0.5435227124753895,0.6798844399665288,1497.3358844230004
150,50,0.0,1.5,3,3870,71.79962894248608,0.5435227124753895,0.6798844399665288,1497.3358844230004
200,50,0.0,1.5,3,3870,71.79962894248608,0.5435227124753895,0.6798844399665288,1497.3358844230004
16,9,0.0,1.0,32,3682,68.31168831168831,0.543506762846384,0.5761709538882965,679.1871443647525
30,6,0.0,1.5,20,3885,72.07792207792207,0.5430897069821045,0.6003536334796056,1001.8624924802848
80,3,0.0,2.0,6,4253,78.90538033395175,0.5423910586339081,0.7613120380568704,1441.7662588975527
40,9,0.0,1.0,14,3820,70.87198515769944,0.5423548761769821,0.6400638450962729,1181.4601581857287
10,1,0.0,2.0,57,3822,70.9090909090909,0.5423241533558879,0.73377044272322,689.5231556931403
10,10,0.0,1.0,39,3842,71.28014842300556,0.5411015005945103,0.5713183134192678,824.188698595753
100,100,0.0,0.5,3,3545,65.7699443413729,0.5410768223936558,0.6633067925033632,2247.9211954473985
150,100,0.0,0.5,3,3545,65.7699443413729,0.5410768223936558,0.6633067925033632,2247.9211954473985
200,100,0.0,0.5,3,3545,65.7699443413729,0.5410768223936558,0.6633067925033632,2247.9211954473985
8,1,0.0,2.0,70,3772,69.98144712430427,0.5405236937162955,0.7543422256026101,627.2890865399886
18,3,0.0,1.5,29,3943,73.15398886827458,0.540499457280834,0.6435881686813488,968.4603394132105
80,10,0.0,1.5,4,4287,79.53617810760669,0.5402937357765228,0.6872838097616322,1225.8826510452775
90,10,0.0,1.5,4,4287,79.53617810760669,0.5402937357765228,0.6872838097616322,1225.8826510452775
100,10,0.0,1.5,4,4287,79.53617810760669,0.5402937357765228,0.6872838097616322,1225.8826510452775
20,9,0.0,1.0,25,3751,69.59183673469389,0.5401960444884975,0.5739243623627399,806.0045229499946
4,2,0.0,1.5,128,3683,68.33024118738405,0.5401831357746886,0.6196768671029642,561.82679698477
14,10,0.0,1.0,34,3855,71.5213358070501,0.5396280101378585,0.5583312767118267,868.1986228395298
70,4,0.0,1.5,6,4130,76.62337662337663,0.5389237411839048,0.711092742361401,1335.3403982752104
80,4,0.0,1.5,6,4130,76.62337662337663,0.5389237411839048,0.711092742361401,1335.3403982752104
50,9,0.0,1.0,11,3873,71.85528756957328,0.5388811827400037,0.7164171256722055,1110.1005534811336
90,3,0.0,2.0,5,4342,80.55658627087199,0.5387355888355193,0.8026266630121486,1547.6389636105866
100,3,0.0,2.0,5,4342,80.55658627087199,0.5387355888355193,0.8026266630121486,1547.6389636105866
10,5,0.0,1.0,55,3716,68.94248608534322,0.5374711595186151,0.6813663902004476,787.4413066348009
12,1,0.0,2.0,49,3863,71.66975881261595,0.536915027998274,0.7290560629962389,714.2646291379534
18,8,0.0,1.0,27,3705,68.73840445269018,0.5367539776783592,0.6055001009894592,791.7493442931458
40,6,0.0,1.0,14,3637,67.47680890538034,0.5364533708928082,0.6754753581288987,1202.2664797686086
30,10,0.0,1.0,19,3811,70.70500927643785,0.5363494613061364,0.6072797984464053,1001.7950870499294
80,5,0.0,2.0,4,4364,80.9647495361781,0.5359463484364297,0.754950089295847,1286.9481172460983
90,5,0.0,2.0,4,4364,80.9647495361781,0.5359463484364297,0.754950089295847,1286.9481172460983
100,5,0.0,2.0,4,4364,80.9647495361781,0.5359463484364297,0.754950089295847,1286.9481172460983
150,5,0.0,2.0,4,4364,80.9647495361781,0.5359463484364297,0.754950089295847,1286.9481172460983
70,6,0.0,1.0,9,3843,71.29870129870129,0.5340212250602874,0.6991852186463491,1354.7474862668546
70,40,0.0,1.0,5,3720,69.01669758812616,0.5333040621647672,0.6599263378981355,1153.37023750325
80,40,0.0,1.0,5,3720,69.01669758812616,0.5333040621647672,0.6599263378981355,1153.37023750325
20,3,0.0,1.5,26,3974,73.7291280148423,0.5329374963909443,0.651167551510875,990.6666964394
8,4,0.0,1.0,80,3641,67.55102040816327,0.532522152566797,0.7188785534576515,682.4259867833116
70,45,0.0,1.5,3,3847,71.37291280148423,0.5324781586595875,0.7042814637873214,1437.5299977423415
80,45,0.0,1.5,3,3847,71.37291280148423,0.5324781586595875,0.7042814637873214,1437.5299977423415
90,45,0.0,1.5,3,3847,71.37291280148423,0.5324781586595875,0.7042814637873214,1437.5299977423415
100,45,0.0,1.5,3,3847,71.37291280148423,0.5324781586595875,0.7042814637873214,1437.5299977423415
150,45,0.0,1.5,3,3847,71.37291280148423,0.5324781586595875,0.7042814637873214,1437.5299977423415
200,45,0.0,1.5,3,3847,71.37291280148423,0.5324781586595875,0.7042814637873214,1437.5299977423415
70,8,0.0,1.5,6,4148,76.95732838589981,0.5324568260605326,0.6761628779443075,1135.9647731554094
80,8,0.0,1.5,6,4148,76.95732838589981,0.5324568260605326,0.6761628779443075,1135.9647731554094
6,4,0.0,1.0,98,3562,66.08534322820037,0.5318098138910206,0.7118978657022045,602.4949380158396
30,8,0.0,1.0,19,3775,70.03710575139146,0.5316107031271978,0.6145406254670499,1019.1863545426123
30,9,0.0,1.0,19,3792,70.35250463821893,0.5309429992998717,0.6152105571234149,985.351671697952
30,5,0.0,1.5,18,3927,72.85714285714285,0.5307257669658031,0.5930334183893694,1032.1931096018309
60,3,0.0,1.0,12,3705,68.73840445269018,0.530699903921206,0.6760587990632992,1508.339749243967
10,9,0.0,1.0,41,3799,70.48237476808904,0.52992653185939,0.5626447181611127,763.6556732534624
50,6,0.0,1.0,12,3719,68.99814471243043,0.5294366020885872,0.7059460555979219,1310.9180776122878
30,3,0.0,1.5,20,3820,70.87198515769944,0.5292276676154852,0.6487556233778065,881.4150171454312
30,2,0.0,1.5,21,3814,70.76066790352505,0.5290291853102493,0.636285915353048,885.1800343940147
4,1,0.0,2.0,134,3690,68.46011131725417,0.5286449972273666,0.7181117374102562,486.68059355027964
30,7,0.0,1.0,19,3745,69.48051948051948,0.5286291498407386,0.6214220188317644,1033.6315973454846
40,5,0.0,1.0,16,3539,65.65862708719851,0.5285431957530634,0.6519610791746584,1185.1975248304677
12,9,0.0,1.0,38,3811,70.70500927643785,0.5285207179206373,0.5845827013328814,817.9233921784363
20,7,0.0,1.0,27,3657,67.84786641929499,0.5270233120717812,0.6522106073740314,810.2807225714854
70,50,0.0,1.0,4,3670,68.08905380333951,0.5268414060848126,0.6596692925934418,1528.6389914038857
16,7,0.0,1.0,35,3575,66.3265306122449,0.5264205338227288,0.6711902261119144,679.4482246372618
60,40,0.0,2.0,3,3896,72.28200371057514,0.525946404849758,0.7100959342706706,1263.6796227124626
70,40,0.0,2.0,3,3896,72.28200371057514,0.525946404849758,0.7100959342706706,1263.6796227124626
80,40,0.0,2.0,3,3896,72.28200371057514,0.525946404849758,0.7100959342706706,1263.6796227124626
90,40,0.0,2.0,3,3896,72.28200371057514,0.525946404849758,0.7100959342706706,1263.6796227124626
100,40,0.0,2.0,3,3896,72.28200371057514,0.525946404849758,0.7100959342706706,1263.6796227124626
150,40,0.0,2.0,3,3896,72.28200371057514,0.525946404849758,0.7100959342706706,1263.6796227124626
200,40,0.0,2.0,3,3896,72.28200371057514,0.525946404849758,0.7100959342706706,1263.6796227124626
14,7,0.0,1.0,39,3845,71.33580705009277,0.5259417300683623,0.6710964850346798,938.5035577191453
10,4,0.0,1.0,59,3690,68.46011131725417,0.5250786688017886,0.7107651286520373,815.7955331066722
60,6,0.0,1.0,11,3719,68.99814471243043,0.5247818299829916,0.7177319419873128,1290.5206083899925
2,1,0.0,1.5,533,3184,59.07235621521336,0.5247296557147584,0.589826975422464,326.76976378611147
12,4,0.0,1.0,50,3715,68.92393320964749,0.5246550971040013,0.7082166096754916,815.5651063279573
40,3,0.0,1.0,16,3509,65.10204081632654,0.5241682331000982,0.6668090655941847,1254.8797433514185
60,1,0.0,2.0,10,3974,73.7291280148423,0.5234768306090593,0.6824715938822322,1227.4522239417709
20,2,0.0,1.5,28,3885,72.07792207792207,0.5234261579681456,0.6390494770846497,976.2039806875517
18,7,0.0,1.0,29,3620,67.16141001855289,0.5233848146505233,0.6526779173852717,773.3327131538489
30,4,0.0,1.5,17,3887,72.11502782931353,0.522755453137449,0.6111428701603386,975.0753838653172
12,8,0.0,1.0,41,3754,69.64749536178107,0.522119383831718,0.5937178072598575,768.0743955899844
40,4,0.0,1.0,16,3518,65.26901669758813,0.5218015652997656,0.6742258826407066,1136.0203482869122
60,50,0.0,0.5,11,3692,68.49721706864564,0.5216973986738149,0.7279853018715235,1508.2478294904336
14,4,0.0,1.0,42,3755,69.6660482374768,0.5213806111149097,0.7088303702632446,934.8633983548011
18,2,0.0,1.5,29,3866,71.72541743970315,0.5203502055513463,0.6560776880612001,960.5781777820583
100,2,0.0,1.5,4,3826,70.98330241187384,0.5202258576119504,0.6289996924775727,1234.1397424729437
16,8,0.0,1.0,33,3809,70.66790352504638,0.5196530871539314,0.5990371207677401,850.8819757622948
14,9,0.0,1.0,35,3803,70.55658627087199,0.5186718988808532,0.6001933469437946,828.2782640436714
18,1,0.0,2.0,34,3674,68.16326530612244,0.5183766507311769,0.7246985614888974,727.064142628736
50,3,0.0,1.0,14,3593,66.6604823747681,0.5174370530054341,0.6947199861765252,1350.8451870466447
100,6,0.0,1.0,5,3673,68.14471243042671,0.5170834842063241,0.7772667635180877,1402.7693450087093
70,5,0.0,2.0,6,4215,78.20037105751392,0.5168684280646351,0.7669677928224204,1024.371005666322
50,45,0.0,2.0,4,3904,72.430426716141,0.5166838210108259,0.6558274413392293,985.4492175973223
12,2,0.0,1.5,42,3813,70.74211502782931,0.5163177795036358,0.6634479148178942,776.8486798195921
18,5,0.0,1.0,31,3574,66.30797773654916,0.515470123192658,0.6591451997461949,716.1433185925803
50,4,0.0,1.0,13,3640,67.53246753246754,0.5154350772023356,0.7100218995335121,1275.5430633874373
16,6,0.0,1.0,34,3545,65.7699443413729,0.515200214829952,0.665508985516534,672.6383651332782
14,6,0.0,1.0,38,3821,70.89053803339517,0.5149063644909818,0.6679350372208831,919.1113138835505
70,40,0.0,1.5,3,3787,70.25974025974025,0.5146687170103368,0.7310071075889425,1359.2226497193403
80,40,0.0,1.5,3,3787,70.25974025974025,0.5146687170103368,0.7310071075889425,1359.2226497193403
90,40,0.0,1.5,3,3787,70.25974025974025,0.5146687170103368,0.7310071075889425,1359.2226497193403
100,40,0.0,1.5,3,3787,70.25974025974025,0.5146687170103368,0.7310071075889425,1359.2226497193403
150,40,0.0,1.5,3,3787,70.25974025974025,0.5146687170103368,0.7310071075889425,1359.2226497193403
200,40,0.0,1.5,3,3787,70.25974025974025,0.5146687170103368,0.7310071075889425,1359.2226497193403
30,1,0.0,2.0,19,3880,71.98515769944342,0.514316420292731,0.6681305159073049,929.158680393395
20,1,0.0,2.0,32,3680,68.27458256029685,0.513935345513994,0.7248451391935695,721.7966168371563
4,4,0.0,1.0,131,3496,64.860853432282,0.513877802508111,0.6945583718978675,526.1015900356269
80,4,0.0,2.0,5,4206,78.03339517625231,0.5135765782632877,0.7712038557331258,1112.2418333040707
12,1,0.0,1.5,53,3714,68.90538033395175,0.5134913021808629,0.7780827203962979,684.3227830099006
60,4,0.0,1.0,10,3678,68.23747680890538,0.5134486150362231,0.7278985075297172,1196.2972017000932
16,1,0.0,2.0,38,3628,67.30983302411873,0.5131664133261727,0.7336421121346849,664.7352382853144
50,50,0.0,0.5,14,3523,65.36178107606679,0.5131544361217081,0.7226818551024092,1328.3600158976153
16,5,0.0,1.0,34,3526,65.41743970315399,0.5131308117913687,0.6480625169732136,677.7496871616003
30,4,0.0,1.0,20,3664,67.97773654916513,0.5128799243210128,0.6385391911528966,988.9081053948624
14,1,0.0,2.0,40,3749,69.55473098330242,0.5127880235819419,0.7208446362192834,842.091941381005
50,1,0.0,2.0,12,4004,74.28571428571429,0.5118568757439411,0.6598939832034486,1101.1937157750203
60,45,0.0,0.5,12,3573,66.28942486085343,0.5116827963878624,0.7306903463222136,1428.0823449634365
20,6,0.0,1.0,28,3596,66.71614100185529,0.5116694244495158,0.6716730855149926,775.2997429849308
90,4,0.0,2.0,4,4290,79.59183673469387,0.5101941575143444,0.82595814255365,1236.6690106260025
100,4,0.0,2.0,4,4290,79.59183673469387,0.5101941575143444,0.82595814255365,1236.6690106260025
150,4,0.0,2.0,4,4290,79.59183673469387,0.5101941575143444,0.82595814255365,1236.6690106260025
10,3,0.0,1.0,74,3536,65.60296846011133,0.5091325653743477,0.7503476463826477,654.3812640470636
30,6,0.0,1.0,19,3673,68.14471243042671,0.5091176083563249,0.6539928991555468,988.649759987395
70,9,0.0,1.5,6,4123,76.49350649350649,0.5089184331281704,0.7006748533501185,993.1690413383749
30,5,0.0,1.0,20,3651,67.73654916512059,0.506703605742037,0.6554781961339942,970.4770192671532
8,3,0.0,1.0,94,3444,63.896103896103895,0.5066128579760387,0.7666848356357442,598.1406668558895
70,35,0.0,2.0,3,3803,70.55658627087199,0.506544515413144,0.7407593479613513,1225.8628371264836
80,35,0.0,2.0,3,3803,70.55658627087199,0.506544515413144,0.7407593479613513,1225.8628371264836
90,35,0.0,2.0,3,3803,70.55658627087199,0.506544515413144,0.7407593479613513,1225.8628371264836
100,35,0.0,2.0,3,3803,70.55658627087199,0.506544515413144,0.7407593479613513,1225.8628371264836
150,35,0.0,2.0,3,3803,70.55658627087199,0.506544515413144,0.7407593479613513,1225.8628371264836
200,35,0.0,2.0,3,3803,70.55658627087199,0.506544515413144,0.7407593479613513,1225.8628371264836
80,2,0.0,1.5,5,3728,69.16512059369202,0.5061959027436684,0.6609527835192491,1124.9230215982582
90,2,0.0,1.5,5,3728,69.16512059369202,0.5061959027436684,0.6609527835192491,1124.9230215982582
70,2,0.0,1.5,6,3657,67.84786641929499,0.5060117872267456,0.6841342677702325,1034.1072312666627
18,4,0.0,1.0,32,3502,64.9721706864564,0.5058097965757181,0.7351893090230183,735.1782440656477
90,40,0.0,1.0,4,3645,67.6252319109462,0.5055801291237809,0.7946466193015597,1339.9246102542857
80,75,0.0,0.5,3,3429,63.6178107606679,0.5052459487742476,0.7231563510464883,1897.3049774735482
90,75,0.0,0.5,3,3429,63.6178107606679,0.5052459487742476,0.7231563510464883,1897.3049774735482
100,75,0.0,0.5,3,3429,63.6178107606679,0.5052459487742476,0.7231563510464883,1897.3049774735482
150,75,0.0,0.5,3,3429,63.6178107606679,0.5052459487742476,0.7231563510464883,1897.3049774735482
200,75,0.0,0.5,3,3429,63.6178107606679,0.5052459487742476,0.7231563510464883,1897.3049774735482
18,6,0.0,1.0,30,3558,66.01113172541744,0.5049395149794874,0.7056709093297381,745.1012590555492
50,45,0.0,0.5,14,3459,64.17439703153988,0.5035501552206308,0.7336049088093747,1320.3203607420874
80,35,0.0,1.5,3,3762,69.79591836734694,0.5034876881483343,0.7448126177633769,1265.66631524153
90,35,0.0,1.5,3,3762,69.79591836734694,0.5034876881483343,0.7448126177633769,1265.66631524153
100,35,0.0,1.5,3,3762,69.79591836734694,0.5034876881483343,0.7448126177633769,1265.66631524153
150,35,0.0,1.5,3,3762,69.79591836734694,0.5034876881483343,0.7448126177633769,1265.66631524153
200,35,0.0,1.5,3,3762,69.79591836734694,0.5034876881483343,0.7448126177633769,1265.66631524153
20,5,0.0,1.0,28,3540,65.67717996289424,0.5032463364051742,0.6612528775450185,765.5646539990064
70,35,0.0,1.5,4,3807,70.63079777365492,0.5029149543987693,0.6488158850006485,932.5642553261481
70,30,0.0,2.0,3,3836,71.16883116883118,0.5025515192452875,0.7451651336032122,1157.4095221957646
80,30,0.0,2.0,3,3836,71.16883116883118,0.5025515192452875,0.7451651336032122,1157.4095221957646
90,30,0.0,2.0,3,3836,71.16883116883118,0.5025515192452875,0.7451651336032122,1157.4095221957646
100,30,0.0,2.0,3,3836,71.16883116883118,0.5025515192452875,0.7451651336032122,1157.4095221957646
150,30,0.0,2.0,3,3836,71.16883116883118,0.5025515192452875,0.7451651336032122,1157.4095221957646
200,30,0.0,2.0,3,3836,71.16883116883118,0.5025515192452875,0.7451651336032122,1157.4095221957646
16,4,0.0,1.0,37,3441,63.8404452690167,0.5020589617719672,0.7153970120026653,676.2875628616794
10,1,0.0,1.5,67,3630,67.3469387755102,0.5020240860896815,0.7957447832928602,612.1900945843432
20,4,0.0,1.0,31,3499,64.9165120593692,0.5019587433193599,0.730995416877472,731.9771693519276
100,1,0.0,2.0,4,3882,72.02226345083488,0.5015876099597674,0.6583316583370702,1096.5812418707403
80,9,0.0,1.5,5,4201,77.94063079777366,0.5014870221345352,0.7316537606912339,1052.1731153351222
60,40,0.0,0.5,13,3470,64.37847866419295,0.5002655596770412,0.7354524756629615,1403.0084945822177
40,2,0.0,1.0,16,3345,62.05936920222634,0.4987546270228654,0.7348792893217635,1207.4452457098098
6,1,0.0,1.5,113,3456,64.11873840445269,0.4985846886509602,0.789864908622175,483.4450387911267
12,3,0.0,1.0,54,3572,66.2708719851577,0.4984937785301019,0.7503035259129693,727.8846841499692
80,30,0.0,1.5,3,3793,70.37105751391466,0.4979894005791081,0.7526164176738878,1175.8316947688998
90,30,0.0,1.5,3,3793,70.37105751391466,0.4979894005791081,0.7526164176738878,1175.8316947688998
100,30,0.0,1.5,3,3793,70.37105751391466,0.4979894005791081,0.7526164176738878,1175.8316947688998
150,30,0.0,1.5,3,3793,70.37105751391466,0.4979894005791081,0.7526164176738878,1175.8316947688998
200,30,0.0,1.5,3,3793,70.37105751391466,0.4979894005791081,0.7526164176738878,1175.8316947688998
60,2,0.0,1.0,14,3437,63.76623376623377,0.49636906447700163,0.7400616959245928,1332.1837303690947
8,1,0.0,1.5,84,3532,65.52875695732838,0.4961265585108512,0.8012235421436616,553.8797796686176
70,30,0.0,1.5,4,3799,70.48237476808904,0.49566634151912964,0.6624097326466918,915.6129705043583
50,40,0.0,0.5,14,3413,63.32096474953618,0.49552704817725923,0.7477076336241775,1318.3749407944279
80,7,0.0,1.5,4,4195,77.82931354359926,0.4945490554226824,0.816716768978804,1079.986889706004
60,35,0.0,0.5,13,3442,63.85899814471243,0.49414901851445825,0.7444973747384047,1390.1789848843666
14,1,0.0,1.5,44,3694,68.5343228200371,0.49395497287734874,0.7968205076995397,803.5543701715906
70,25,0.0,2.0,3,3818,70.83487940630798,0.4937431704397016,0.7563411301711688,1100.5362694861283
80,25,0.0,2.0,3,3818,70.83487940630798,0.4937431704397016,0.7563411301711688,1100.5362694861283
90,25,0.0,2.0,3,3818,70.83487940630798,0.4937431704397016,0.7563411301711688,1100.5362694861283
100,25,0.0,2.0,3,3818,70.83487940630798,0.4937431704397016,0.7563411301711688,1100.5362694861283
150,25,0.0,2.0,3,3818,70.83487940630798,0.4937431704397016,0.7563411301711688,1100.5362694861283
200,25,0.0,2.0,3,3818,70.83487940630798,0.4937431704397016,0.7563411301711688,1100.5362694861283
100,5,0.0,1.0,4,3632,67.38404452690166,0.49335646178371295,0.7275921693962031,1346.840635424659
90,1,0.0,2.0,5,3784,70.20408163265306,0.492977009258865,0.6537810712481328,1020.6301893584939
6,3,0.0,1.0,112,3394,62.968460111317256,0.4923295935545211,0.7692392596936369,568.7535398729888
50,2,0.0,1.0,15,3386,62.82003710575139,0.4922775343314843,0.7547780835063751,1256.8730294895495
80,25,0.0,1.5,3,3767,69.8886827458256,0.49076982446476414,0.7607923898606134,1164.411582549
90,25,0.0,1.5,3,3767,69.8886827458256,0.49076982446476414,0.7607923898606134,1164.411582549
100,25,0.0,1.5,3,3767,69.8886827458256,0.49076982446476414,0.7607923898606134,1164.411582549
150,25,0.0,1.5,3,3767,69.8886827458256,0.49076982446476414,0.7607923898606134,1164.411582549
200,25,0.0,1.5,3,3767,69.8886827458256,0.49076982446476414,0.7607923898606134,1164.411582549
18,1,0.0,1.5,37,3446,63.93320964749536,0.4896345854896978,0.7816798012788978,625.0192498695967
90,30,0.0,1.0,3,3705,68.73840445269018,0.48938233540854487,0.7639527087081847,1227.4178959548594
100,30,0.0,1.0,3,3705,68.73840445269018,0.48938233540854487,0.7639527087081847,1227.4178959548594
150,30,0.0,1.0,3,3705,68.73840445269018,0.48938233540854487,0.7639527087081847,1227.4178959548594
200,30,0.0,1.0,3,3705,68.73840445269018,0.48938233540854487,0.7639527087081847,1227.4178959548594
150,35,0.0,1.0,3,3649,67.69944341372913,0.4891944117349013,0.7665790740147204,1298.3317670155207
200,35,0.0,1.0,3,3649,67.69944341372913,0.4891944117349013,0.7665790740147204,1298.3317670155207
60,30,0.0,0.5,14,3358,62.30055658627087,0.48778367567067804,0.7454989092510028,1339.097826763217
70,25,0.0,1.5,4,3790,70.31539888682747,0.48769760768966464,0.6687245184439183,874.0512406579193
40,1,0.0,2.0,16,3834,71.13172541743971,0.4876930606869329,0.6855556260071043,966.9288657131915
50,35,0.0,0.5,15,3333,61.836734693877546,0.48762761667233695,0.749319713484739,1260.677132523594
16,1,0.0,1.5,39,3414,63.33951762523191,0.48647058512466235,0.7784483859833171,608.6829740860619
80,1,0.0,2.0,6,3696,68.57142857142857,0.48631272125739755,0.6440795371717078,928.5781906017646
50,1,0.0,1.5,14,3593,66.6604823747681,0.48593199589931013,0.8494895277194036,1030.1331610823331
60,1,0.0,1.5,14,3593,66.6604823747681,0.48593199589931013,0.8494895277194036,1030.1331610823331
30,3,0.0,1.0,23,3524,65.38033395176252,0.4857612089562589,0.7841123568015264,965.3749131453724
80,30,0.0,1.0,4,3722,69.05380333951763,0.4855533844961344,0.6786997870057362,942.6793369445488
60,25,0.0,0.5,14,3313,61.465677179962896,0.4840886057661204,0.7529053177170651,1342.619963492505
14,3,0.0,1.0,46,3557,65.99257884972171,0.48406106606254945,0.772421699865398,805.7888991545282
40,40,0.0,0.5,17,3347,62.09647495361781,0.4836610857687269,0.7295458502354881,1192.9730198909865
4,3,0.0,1.0,179,3355,62.244897959183675,0.4833871978887818,0.7376207813308944,461.96593550299207
50,30,0.0,0.5,15,3301,61.2430426716141,0.48336271670644615,0.7577071966857918,1265.129021896027
16,3,0.0,1.0,43,3601,66.80890538033395,0.48321657136663887,0.7779535513412097,840.1968400199535
90,20,0.0,1.5,3,3712,68.86827458256029,0.48090481225061193,0.7767819770951978,1136.7268511880732
100,20,0.0,1.5,3,3712,68.86827458256029,0.48090481225061193,0.7767819770951978,1136.7268511880732
150,20,0.0,1.5,3,3712,68.86827458256029,0.48090481225061193,0.7767819770951978,1136.7268511880732
200,20,0.0,1.5,3,3712,68.86827458256029,0.48090481225061193,0.7767819770951978,1136.7268511880732
50,25,0.0,0.5,15,3256,60.40816326530612,0.47972622854060665,0.7660730396668491,1268.6689743724428
30,2,0.0,1.0,22,3466,64.30426716141002,0.4794734917420506,0.7557586730776529,908.5063125078073
70,30,0.0,1.0,5,3651,67.73654916512059,0.47942716800211316,0.6542194326765527,797.42213805959
60,20,0.0,0.5,14,3297,61.168831168831176,0.47926008846541246,0.7609603288867641,1340.9079922237936
70,20,0.0,0.5,14,3297,61.168831168831176,0.47926008846541246,0.7609603288867641,1340.9079922237936
70,1,0.0,1.5,7,3632,67.38404452690166,0.47854111550628897,0.8523469661470455,1119.6863610225746
80,1,0.0,1.5,7,3632,67.38404452690166,0.47854111550628897,0.8523469661470455,1119.6863610225746
20,1,0.0,1.5,33,3462,64.23005565862708,0.4782862754910135,0.8113428507864349,635.2543029441933
60,15,0.0,0.5,14,3286,60.96474953617811,0.47748510521107396,0.7644157489252362,1340.424767015186
70,15,0.0,0.5,14,3286,60.96474953617811,0.47748510521107396,0.7644157489252362,1340.424767015186
18,3,0.0,1.0,36,3393,62.94990723562152,0.47709630360729116,0.8044770839228749,726.9323383952824
40,35,0.0,0.5,18,3271,60.68645640074212,0.47650790036601715,0.7321995047144026,1152.9164808634828
60,1,0.0,0.5,14,3280,60.85343228200371,0.4764262292612713,0.7655165934128655,1337.93169241026
60,1,0.0,1.0,14,3280,60.85343228200371,0.4764262292612713,0.7655165934128655,1337.93169241026
60,2,0.0,0.5,14,3280,60.85343228200371,0.4764262292612713,0.7655165934128655,1337.93169241026
60,3,0.0,0.5,14,3280,60.85343228200371,0.4764262292612713,0.7655165934128655,1337.93169241026
60,4,0.0,0.5,14,3280,60.85343228200371,0.4764262292612713,0.7655165934128655,1337.93169241026
60,5,0.0,0.5,14,3280,60.85343228200371,0.4764262292612713,0.7655165934128655,1337.93169241026
60,6,0.0,0.5,14,3280,60.85343228200371,0.4764262292612713,0.7655165934128655,1337.93169241026
60,7,0.0,0.5,14,3280,60.85343228200371,0.4764262292612713,0.7655165934128655,1337.93169241026
60,8,0.0,0.5,14,3280,60.85343228200371,0.4764262292612713,0.7655165934128655,1337.93169241026
60,9,0.0,0.5,14,3280,60.85343228200371,0.4764262292612713,0.7655165934128655,1337.93169241026
60,10,0.0,0.5,14,3280,60.85343228200371,0.4764262292612713,0.7655165934128655,1337.93169241026
70,1,0.0,0.5,14,3280,60.85343228200371,0.4764262292612713,0.7655165934128655,1337.93169241026
70,1,0.0,1.0,14,3280,60.85343228200371,0.4764262292612713,0.7655165934128655,1337.93169241026
70,2,0.0,0.5,14,3280,60.85343228200371,0.4764262292612713,0.7655165934128655,1337.93169241026
70,3,0.0,0.5,14,3280,60.85343228200371,0.4764262292612713,0.7655165934128655,1337.93169241026
70,4,0.0,0.5,14,3280,60.85343228200371,0.4764262292612713,0.7655165934128655,1337.93169241026
70,5,0.0,0.5,14,3280,60.85343228200371,0.4764262292612713,0.7655165934128655,1337.93169241026
70,6,0.0,0.5,14,3280,60.85343228200371,0.4764262292612713,0.7655165934128655,1337.93169241026
70,7,0.0,0.5,14,3280,60.85343228200371,0.4764262292612713,0.7655165934128655,1337.93169241026
70,8,0.0,0.5,14,3280,60.85343228200371,0.4764262292612713,0.7655165934128655,1337.93169241026
70,9,0.0,0.5,14,3280,60.85343228200371,0.4764262292612713,0.7655165934128655,1337.93169241026
70,10,0.0,0.5,14,3280,60.85343228200371,0.4764262292612713,0.7655165934128655,1337.93169241026
20,3,0.0,1.0,33,3399,63.06122448979592,0.4758767852535934,0.8087647417923298,739.928453505784
50,20,0.0,0.5,15,3240,60.1113172541744,0.4750782211766243,0.7735910500919015,1267.374287129651
150,9,0.0,2.0,3,3869,71.78107606679035,0.4750402862815516,0.7443851138154213,924.7865809350907
14,5,0.0,1.0,37,3624,67.23562152133582,0.47388896396964664,0.6551521899658737,774.0918284920938
90,25,0.0,1.0,3,3566,66.1595547309833,0.47351818384392236,0.7842237662714311,1267.6020248008404
100,25,0.0,1.0,3,3566,66.1595547309833,0.47351818384392236,0.7842237662714311,1267.6020248008404
150,25,0.0,1.0,3,3566,66.1595547309833,0.47351818384392236,0.7842237662714311,1267.6020248008404
200,25,0.0,1.0,3,3566,66.1595547309833,0.47351818384392236,0.7842237662714311,1267.6020248008404
50,15,0.0,0.5,15,3229,59.90723562152134,0.47338502819441836,0.7768203707574262,1267.031576455568
40,1,0.0,1.5,17,3464,64.26716141001856,0.47312152259785123,0.8583742537449621,906.5986781584579
50,1,0.0,0.5,15,3223,59.795918367346935,0.4723641902492656,0.7778315334744248,1264.8217750441027
50,1,0.0,1.0,15,3223,59.795918367346935,0.4723641902492656,0.7778315334744248,1264.8217750441027
50,2,0.0,0.5,15,3223,59.795918367346935,0.4723641902492656,0.7778315334744248,1264.8217750441027
50,3,0.0,0.5,15,3223,59.795918367346935,0.4723641902492656,0.7778315334744248,1264.8217750441027
50,4,0.0,0.5,15,3223,59.795918367346935,0.4723641902492656,0.7778315334744248,1264.8217750441027
50,5,0.0,0.5,15,3223,59.795918367346935,0.4723641902492656,0.7778315334744248,1264.8217750441027
50,6,0.0,0.5,15,3223,59.795918367346935,0.4723641902492656,0.7778315334744248,1264.8217750441027
50,7,0.0,0.5,15,3223,59.795918367346935,0.4723641902492656,0.7778315334744248,1264.8217750441027
50,8,0.0,0.5,15,3223,59.795918367346935,0.4723641902492656,0.7778315334744248,1264.8217750441027
50,9,0.0,0.5,15,3223,59.795918367346935,0.4723641902492656,0.7778315334744248,1264.8217750441027
50,10,0.0,0.5,15,3223,59.795918367346935,0.4723641902492656,0.7778315334744248,1264.8217750441027
80,3,0.0,1.5,5,3663,67.9591836734694,0.4720583673899307,0.7385379161159699,1014.0199019228118
90,3,0.0,1.5,5,3663,67.9591836734694,0.4720583673899307,0.7385379161159699,1014.0199019228118
40,30,0.0,0.5,18,3236,60.037105751391465,0.4711667337414706,0.7421489656935107,1151.6689880031995
70,35,0.0,1.0,5,3574,66.30797773654916,0.47097576518429024,0.7295908915787624,848.5394266127053
80,35,0.0,1.0,5,3574,66.30797773654916,0.47097576518429024,0.7295908915787624,848.5394266127053
12,5,0.0,1.0,44,3550,65.86270871985158,0.4694016318447876,0.6950311135643387,686.6017901973695
70,25,0.0,1.0,4,3606,66.90166975881262,0.4682018922911515,0.697251857650338,939.8999116797838
80,25,0.0,1.0,4,3606,66.90166975881262,0.4682018922911515,0.697251857650338,939.8999116797838
90,5,0.0,1.0,5,3537,65.62152133580706,0.4675433381750029,0.7201988146787152,1198.8690829800491
40,25,0.0,0.5,18,3191,59.20222634508349,0.4673297972837931,0.7502534400742754,1151.4179304424822
150,15,0.0,2.0,2,4082,75.73283858998144,0.4667402939059974,0.7594036974254985,915.9343462609494
200,15,0.0,2.0,2,4082,75.73283858998144,0.4667402939059974,0.7594036974254985,915.9343462609494
150,50,0.0,0.5,3,3225,59.83302411873841,0.4663449535258044,0.7851222381510703,1644.41341637169
200,50,0.0,0.5,3,3225,59.83302411873841,0.4663449535258044,0.7851222381510703,1644.41341637169
150,8,0.0,2.0,3,3810,70.68645640074212,0.46452350862871644,0.756840773061826,922.8970943980939
4,1,0.0,1.5,186,3322,61.63265306122449,0.4644272348433717,0.78004481774366,385.5079784630252
40,20,0.0,0.5,18,3175,58.90538033395176,0.46270430175053645,0.7576940941765259,1149.095825974244
80,20,0.0,1.0,3,3529,65.47309833024119,0.4626465845395286,0.7951386837375057,1199.9684508602973
90,20,0.0,1.0,3,3529,65.47309833024119,0.4626465845395286,0.7951386837375057,1199.9684508602973
100,20,0.0,1.0,3,3529,65.47309833024119,0.4626465845395286,0.7951386837375057,1199.9684508602973
150,20,0.0,1.0,3,3529,65.47309833024119,0.4626465845395286,0.7951386837375057,1199.9684508602973
200,20,0.0,1.0,3,3529,65.47309833024119,0.4626465845395286,0.7951386837375057,1199.9684508602973
150,45,0.0,0.5,3,3202,59.40630797773655,0.4621223568292126,0.7924781184942192,1619.3023851294884
200,45,0.0,0.5,3,3202,59.40630797773655,0.4621223568292126,0.7924781184942192,1619.3023851294884
200,8,0.0,2.0,2,3978,73.80333951762523,0.4619406396551629,0.7687692868220122,1017.1232518246001
70,1,0.0,2.0,8,3547,65.80705009276437,0.4614704530702965,0.6688534814253454,832.5536129808484
90,50,0.0,0.5,4,3299,61.20593692022263,0.4612413662829363,0.7726745955159153,1525.5637252693268
100,50,0.0,0.5,4,3299,61.20593692022263,0.4612413662829363,0.7726745955159153,1525.5637252693268
90,45,0.0,0.5,4,3273,60.72356215213358,0.45864432703976665,0.7814700628852468,1528.9819850155586
100,45,0.0,0.5,4,3273,60.72356215213358,0.45864432703976665,0.7814700628852468,1528.9819850155586
100,4,0.0,1.0,5,3518,65.26901669758813,0.458351519686258,0.8199849581736827,1182.7390566832723
70,20,0.0,2.0,4,3744,69.46196660482374,0.45828224625361275,0.8523947054958174,804.7121019341116
80,20,0.0,2.0,4,3744,69.46196660482374,0.45828224625361275,0.8523947054958174,804.7121019341116
90,20,0.0,2.0,4,3744,69.46196660482374,0.45828224625361275,0.8523947054958174,804.7121019341116
90,40,0.0,0.5,5,3394,62.968460111317256,0.45817519448706673,0.7201873611933294,1257.4573116340257
10,2,0.0,1.0,84,3327,61.72541743970316,0.45754326182941846,0.8697531707973447,610.2169648349305
70,45,0.0,0.5,10,3157,58.57142857142858,0.4564507506903272,0.7475052969910454,1063.8055895481566
90,35,0.0,0.5,5,3368,62.486085343228204,0.4561431771138284,0.7245535193917458,1248.4552456445856
80,4,0.0,1.0,6,3423,63.50649350649351,0.456073667992624,0.7990433732763159,1089.4721954205183
90,4,0.0,1.0,6,3423,63.50649350649351,0.456073667992624,0.7990433732763159,1089.4721954205183
150,3,0.0,1.0,3,3405,63.172541743970314,0.4545746648319171,0.8461056856782041,1344.9010491306599
200,3,0.0,1.0,3,3405,63.172541743970314,0.4545746648319171,0.8461056856782041,1344.9010491306599
12,2,0.0,1.0,67,3435,63.729128014842296,0.4544866620633383,0.8585389554430425,598.3086479085066
40,15,0.0,0.5,19,3123,57.94063079777365,0.4542855394098976,0.8091687745863108,1115.170179087994
40,1,0.0,0.5,19,3117,57.829313543599255,0.45333389937842994,0.8101595578815782,1112.775226647854
40,1,0.0,1.0,19,3117,57.829313543599255,0.45333389937842994,0.8101595578815782,1112.775226647854
40,2,0.0,0.5,19,3117,57.829313543599255,0.45333389937842994,0.8101595578815782,1112.775226647854
40,3,0.0,0.5,19,3117,57.829313543599255,0.45333389937842994,0.8101595578815782,1112.775226647854
40,4,0.0,0.5,19,3117,57.829313543599255,0.45333389937842994,0.8101595578815782,1112.775226647854
40,5,0.0,0.5,19,3117,57.829313543599255,0.45333389937842994,0.8101595578815782,1112.775226647854
40,6,0.0,0.5,19,3117,57.829313543599255,0.45333389937842994,0.8101595578815782,1112.775226647854
40,7,0.0,0.5,19,3117,57.829313543599255,0.45333389937842994,0.8101595578815782,1112.775226647854
40,8,0.0,0.5,19,3117,57.829313543599255,0.45333389937842994,0.8101595578815782,1112.775226647854
40,9,0.0,0.5,19,3117,57.829313543599255,0.45333389937842994,0.8101595578815782,1112.775226647854
40,10,0.0,0.5,19,3117,57.829313543599255,0.45333389937842994,0.8101595578815782,1112.775226647854
70,40,0.0,0.5,10,3121,57.903525046382185,0.45331081848163984,0.7570499148680307,1068.2304837605207
30,30,0.0,0.5,23,3351,62.17068645640074,0.45259499295535327,0.765798691415184,880.2198790886127
30,25,0.0,0.5,23,3324,61.66975881261596,0.45238739842970394,0.770308988553478,876.4051199950878
100,10,0.0,1.0,3,3535,65.5844155844156,0.45165177005413043,0.7874933297796107,1085.4579995029037
150,10,0.0,1.0,3,3535,65.5844155844156,0.45165177005413043,0.7874933297796107,1085.4579995029037
30,20,0.0,0.5,23,3312,61.44712430426716,0.45131525047418286,0.775568855230686,879.1426759347969
100,20,0.0,2.0,3,3740,69.38775510204081,0.45117145229355693,0.8806096996485969,1007.7233826539907
150,20,0.0,2.0,3,3740,69.38775510204081,0.45117145229355693,0.8806096996485969,1007.7233826539907
200,20,0.0,2.0,3,3740,69.38775510204081,0.45117145229355693,0.8806096996485969,1007.7233826539907
80,40,0.0,0.5,9,3196,59.29499072356216,0.4509740397353526,0.769110381985422,1106.1770993175708
200,5,0.0,2.0,3,3738,69.35064935064935,0.4507335506246132,0.8328560497333924,939.2146318763312
90,35,0.0,1.0,4,3537,65.62152133580706,0.45058037818644386,0.8676689507645636,1000.885091729871
100,35,0.0,1.0,4,3537,65.62152133580706,0.45058037818644386,0.8676689507645636,1000.885091729871
70,4,0.0,1.0,8,3276,60.77922077922078,0.4505001825078405,0.7654710816222396,932.3367851794798
30,15,0.0,0.5,23,3299,61.20593692022263,0.44980250922042303,0.78254113116779,879.6114036481221
8,2,0.0,1.0,110,3283,60.909090909090914,0.44921818747599046,0.8749089643592475,534.4178556447442
30,1,0.0,0.5,23,3294,61.113172541743964,0.44918457300755676,0.7827029842165983,878.3510026564916
30,1,0.0,1.0,23,3294,61.113172541743964,0.44918457300755676,0.7827029842165983,878.3510026564916
30,2,0.0,0.5,23,3294,61.113172541743964,0.44918457300755676,0.7827029842165983,878.3510026564916
30,3,0.0,0.5,23,3294,61.113172541743964,0.44918457300755676,0.7827029842165983,878.3510026564916
30,4,0.0,0.5,23,3294,61.113172541743964,0.44918457300755676,0.7827029842165983,878.3510026564916
30,5,0.0,0.5,23,3294,61.113172541743964,0.44918457300755676,0.7827029842165983,878.3510026564916
30,6,0.0,0.5,23,3294,61.113172541743964,0.44918457300755676,0.7827029842165983,878.3510026564916
30,7,0.0,0.5,23,3294,61.113172541743964,0.44918457300755676,0.7827029842165983,878.3510026564916
30,8,0.0,0.5,23,3294,61.113172541743964,0.44918457300755676,0.7827029842165983,878.3510026564916
30,9,0.0,0.5,23,3294,61.113172541743964,0.44918457300755676,0.7827029842165983,878.3510026564916
30,10,0.0,0.5,23,3294,61.113172541743964,0.44918457300755676,0.7827029842165983,878.3510026564916
90,6,0.0,1.5,3,3584,66.49350649350649,0.4484745979395248,0.781553571667157,1031.7944616624868
100,6,0.0,1.5,3,3584,66.49350649350649,0.4484745979395248,0.781553571667157,1031.7944616624868
150,6,0.0,1.5,3,3584,66.49350649350649,0.4484745979395248,0.781553571667157,1031.7944616624868
70,35,0.0,0.5,10,3085,57.23562152133581,0.44810133505583066,0.7648393423212084,1058.340598042371
150,9,0.0,1.0,3,3481,64.58256029684601,0.44689684628322046,0.8126575130294311,1120.3378184821659
200,9,0.0,1.0,3,3481,64.58256029684601,0.44689684628322046,0.8126575130294311,1120.3378184821659
80,35,0.0,0.5,9,3163,58.682745825602964,0.4464715603449253,0.7750927047506176,1097.5450789866377
70,15,0.0,1.0,3,3395,62.98701298701299,0.44637548193117543,0.8169285776076558,1259.4110061326423
80,15,0.0,1.0,3,3395,62.98701298701299,0.44637548193117543,0.8169285776076558,1259.4110061326423
90,15,0.0,1.0,3,3395,62.98701298701299,0.44637548193117543,0.8169285776076558,1259.4110061326423
100,15,0.0,1.0,3,3395,62.98701298701299,0.44637548193117543,0.8169285776076558,1259.4110061326423
150,15,0.0,1.0,3,3395,62.98701298701299,0.44637548193117543,0.8169285776076558,1259.4110061326423
200,15,0.0,1.0,3,3395,62.98701298701299,0.44637548193117543,0.8169285776076558,1259.4110061326423
80,3,0.0,1.0,5,3488,64.71243042671614,0.4454953773078928,0.7553411002309911,1159.7534884051574
90,3,0.0,1.0,5,3488,64.71243042671614,0.4454953773078928,0.7553411002309911,1159.7534884051574
100,3,0.0,1.0,5,3488,64.71243042671614,0.4454953773078928,0.7553411002309911,1159.7534884051574
70,30,0.0,0.5,11,2996,55.58441558441558,0.4454276305142686,0.7631020754785133,1036.4208339798777
6,2,0.0,1.0,141,3171,58.83116883116883,0.44516665670343286,0.8615308003403168,469.33666109822843
100,2,0.0,2.0,3,3837,71.18738404452691,0.444839420331468,0.8341093937115988,941.3830824630272
150,2,0.0,2.0,3,3837,71.18738404452691,0.444839420331468,0.8341093937115988,941.3830824630272
200,2,0.0,2.0,3,3837,71.18738404452691,0.444839420331468,0.8341093937115988,941.3830824630272
80,30,0.0,0.5,9,3144,58.33024118738405,0.44465637390930646,0.7803852143551782,1103.0008505478347
70,3,0.0,1.0,8,3263,60.53803339517625,0.44326711481210446,0.7677118168397455,906.8324044106813
30,1,0.0,1.5,20,3580,66.41929499072357,0.442394516491164,0.8552170869633645,779.5357871094621
18,2,0.0,1.0,36,3225,59.83302411873841,0.4417491023434764,0.8316880255412603,688.2172458523921
90,30,0.0,0.5,5,3322,61.63265306122449,0.44166868226778766,0.7439618577077286,1156.4308460533882
90,2,0.0,1.0,5,3411,63.283858998144716,0.4385879554555767,0.7366985272621538,1039.8436423136693
200,40,0.0,0.5,3,3141,58.27458256029685,0.4376396277534815,0.8689921275275977,1466.6761233573854
20,2,0.0,1.0,32,3229,59.90723562152134,0.4369100551163566,0.8206178811362274,726.7084172179506
4,2,0.0,1.0,231,3019,56.01113172541744,0.43676505338267985,0.842886051990473,367.8084815329474
100,40,0.0,0.5,4,3217,59.68460111317254,0.4360877764209005,0.818888084376291,1367.447149413931
150,40,0.0,0.5,4,3217,59.68460111317254,0.4360877764209005,0.818888084376291,1367.447149413931
16,2,0.0,1.0,42,3154,58.51576994434138,0.436051079541282,0.859090649612795,624.3414290402529
90,25,0.0,0.5,5,3293,61.09461966604823,0.43466995931083136,0.7521272204134697,1127.8127647474075
100,25,0.0,0.5,5,3293,61.09461966604823,0.43466995931083136,0.7521272204134697,1127.8127647474075
80,6,0.0,1.5,4,3503,64.99072356215213,0.4332591533411361,0.7343022181784646,830.0178742196372
70,20,0.0,1.0,4,3453,64.06307977736549,0.4329610872973108,0.7864683809688933,905.0003991535509
100,35,0.0,0.5,4,3175,58.90538033395176,0.4324686842559689,0.829429002319835,1365.8576290455815
150,35,0.0,0.5,4,3175,58.90538033395176,0.4324686842559689,0.829429002319835,1365.8576290455815
90,8,0.0,1.5,3,3484,64.63821892393321,0.431769665201067,0.8718469284755629,1072.496487761209
100,8,0.0,1.5,3,3484,64.63821892393321,0.431769665201067,0.8718469284755629,1072.496487761209
150,8,0.0,1.5,3,3484,64.63821892393321,0.431769665201067,0.8718469284755629,1072.496487761209
200,8,0.0,1.5,3,3484,64.63821892393321,0.431769665201067,0.8718469284755629,1072.496487761209
90,8,0.0,1.0,3,3363,62.393320964749535,0.43103076383033956,0.8457652789848539,1144.1046084048498
100,8,0.0,1.0,3,3363,62.393320964749535,0.43103076383033956,0.8457652789848539,1144.1046084048498
150,8,0.0,1.0,3,3363,62.393320964749535,0.43103076383033956,0.8457652789848539,1144.1046084048498
200,8,0.0,1.0,3,3363,62.393320964749535,0.43103076383033956,0.8457652789848539,1144.1046084048498
90,20,0.0,0.5,5,3277,60.79777365491651,0.42965842531403303,0.7558680608756283,1100.9315535159137
100,20,0.0,0.5,5,3277,60.79777365491651,0.42965842531403303,0.7558680608756283,1100.9315535159137
90,15,0.0,0.5,5,3268,60.63079777365492,0.4276630365696882,0.7606550538227029,1094.2523695613938
100,15,0.0,0.5,5,3268,60.63079777365492,0.4276630365696882,0.7606550538227029,1094.2523695613938
90,1,0.0,0.5,5,3265,60.575139146567714,0.427343286960249,0.7610515158541828,1094.5240658946907
90,1,0.0,1.0,5,3265,60.575139146567714,0.427343286960249,0.7610515158541828,1094.5240658946907
90,2,0.0,0.5,5,3265,60.575139146567714,0.427343286960249,0.7610515158541828,1094.5240658946907
90,3,0.0,0.5,5,3265,60.575139146567714,0.427343286960249,0.7610515158541828,1094.5240658946907
90,4,0.0,0.5,5,3265,60.575139146567714,0.427343286960249,0.7610515158541828,1094.5240658946907
90,5,0.0,0.5,5,3265,60.575139146567714,0.427343286960249,0.7610515158541828,1094.5240658946907
90,6,0.0,0.5,5,3265,60.575139146567714,0.427343286960249,0.7610515158541828,1094.5240658946907
90,7,0.0,0.5,5,3265,60.575139146567714,0.427343286960249,0.7610515158541828,1094.5240658946907
90,8,0.0,0.5,5,3265,60.575139146567714,0.427343286960249,0.7610515158541828,1094.5240658946907
90,9,0.0,0.5,5,3265,60.575139146567714,0.427343286960249,0.7610515158541828,1094.5240658946907
90,10,0.0,0.5,5,3265,60.575139146567714,0.427343286960249,0.7610515158541828,1094.5240658946907
100,1,0.0,0.5,5,3265,60.575139146567714,0.427343286960249,0.7610515158541828,1094.5240658946907
100,1,0.0,1.0,5,3265,60.575139146567714,0.427343286960249,0.7610515158541828,1094.5240658946907
100,2,0.0,0.5,5,3265,60.575139146567714,0.427343286960249,0.7610515158541828,1094.5240658946907
100,3,0.0,0.5,5,3265,60.575139146567714,0.427343286960249,0.7610515158541828,1094.5240658946907
100,4,0.0,0.5,5,3265,60.575139146567714,0.427343286960249,0.7610515158541828,1094.5240658946907
100,5,0.0,0.5,5,3265,60.575139146567714,0.427343286960249,0.7610515158541828,1094.5240658946907
100,6,0.0,0.5,5,3265,60.575139146567714,0.427343286960249,0.7610515158541828,1094.5240658946907
100,7,0.0,0.5,5,3265,60.575139146567714,0.427343286960249,0.7610515158541828,1094.5240658946907
100,8,0.0,0.5,5,3265,60.575139146567714,0.427343286960249,0.7610515158541828,1094.5240658946907
100,9,0.0,0.5,5,3265,60.575139146567714,0.427343286960249,0.7610515158541828,1094.5240658946907
100,10,0.0,0.5,5,3265,60.575139146567714,0.427343286960249,0.7610515158541828,1094.5240658946907
70,6,0.0,1.5,5,3425,63.54359925788498,0.42685659314553076,0.7231119222712554,705.5779729828595
150,10,0.0,1.5,3,3499,64.9165120593692,0.4261531563138985,0.8853392578446191,1062.078564446805
200,10,0.0,1.5,3,3499,64.9165120593692,0.4261531563138985,0.8853392578446191,1062.078564446805
150,5,0.0,1.0,3,3324,61.66975881261596,0.4256885771502576,0.849182259538445,1143.1443528277327
200,5,0.0,1.0,3,3324,61.66975881261596,0.4256885771502576,0.849182259538445,1143.1443528277327
80,45,0.0,0.5,8,3173,58.868274582560296,0.42500796924304524,0.7335956253969766,954.3680495422581
200,35,0.0,0.5,3,3083,57.198515769944336,0.4240391772382973,0.8968559142717649,1401.123194623622
70,2,0.0,1.0,11,3069,56.93877551020409,0.42049936432563634,0.7560403375662468,842.0561802342712
150,4,0.0,1.0,3,3260,60.48237476808905,0.41970280416863087,0.8564744922626457,1166.08171401152
200,4,0.0,1.0,3,3260,60.48237476808905,0.41970280416863087,0.8564744922626457,1166.08171401152
150,3,0.0,2.0,3,3598,66.75324675324676,0.41900052989689845,0.8725708222799217,994.9733983898341
200,3,0.0,2.0,3,3598,66.75324675324676,0.41900052989689845,0.8725708222799217,994.9733983898341
100,30,0.0,0.5,4,3129,58.05194805194805,0.4182975697186566,0.8587650649093007,1278.1266835378867
150,30,0.0,0.5,4,3129,58.05194805194805,0.4182975697186566,0.8587650649093007,1278.1266835378867
200,30,0.0,0.5,3,3058,56.734693877551024,0.4180039514281988,0.9102020669689902,1375.0883908914032
80,2,0.0,1.0,8,3168,58.77551020408164,0.41697170099190256,0.7138598575611099,835.9999553536845
70,50,0.0,0.5,8,3118,57.84786641929499,0.4169631453886207,0.8893540558994137,1053.9304993462063
8,1,0.0,0.5,125,3035,56.30797773654916,0.41658450499937033,0.92845862460072,481.95038972165787
8,1,0.0,1.0,125,3035,56.30797773654916,0.41658450499937033,0.92845862460072,481.95038972165787
8,2,0.0,0.5,125,3035,56.30797773654916,0.41658450499937033,0.92845862460072,481.95038972165787
8,3,0.0,0.5,125,3035,56.30797773654916,0.41658450499937033,0.92845862460072,481.95038972165787
8,4,0.0,0.5,125,3035,56.30797773654916,0.41658450499937033,0.92845862460072,481.95038972165787
8,5,0.0,0.5,125,3035,56.30797773654916,0.41658450499937033,0.92845862460072,481.95038972165787
8,6,0.0,0.5,125,3035,56.30797773654916,0.41658450499937033,0.92845862460072,481.95038972165787
8,7,0.0,0.5,125,3035,56.30797773654916,0.41658450499937033,0.92845862460072,481.95038972165787
8,8,0.0,0.5,125,3035,56.30797773654916,0.41658450499937033,0.92845862460072,481.95038972165787
70,25,0.0,0.5,12,2869,53.22820037105751,0.4162551853892168,0.7654077201992844,910.3232262490128
20,20,0.0,0.5,36,3022,56.06679035250464,0.416175786345527,0.8761554899270895,678.592475537474
14,1,0.0,0.5,66,3221,59.75881261595547,0.41615868679993084,0.9732267693048238,586.1488414611792
14,1,0.0,1.0,66,3221,59.75881261595547,0.41615868679993084,0.9732267693048238,586.1488414611792
14,2,0.0,0.5,66,3221,59.75881261595547,0.41615868679993084,0.9732267693048238,586.1488414611792
14,3,0.0,0.5,66,3221,59.75881261595547,0.41615868679993084,0.9732267693048238,586.1488414611792
14,4,0.0,0.5,66,3221,59.75881261595547,0.41615868679993084,0.9732267693048238,586.1488414611792
14,5,0.0,0.5,66,3221,59.75881261595547,0.41615868679993084,0.9732267693048238,586.1488414611792
14,6,0.0,0.5,66,3221,59.75881261595547,0.41615868679993084,0.9732267693048238,586.1488414611792
14,7,0.0,0.5,66,3221,59.75881261595547,0.41615868679993084,0.9732267693048238,586.1488414611792
14,8,0.0,0.5,66,3221,59.75881261595547,0.41615868679993084,0.9732267693048238,586.1488414611792
14,9,0.0,0.5,66,3221,59.75881261595547,0.41615868679993084,0.9732267693048238,586.1488414611792
14,10,0.0,0.5,66,3221,59.75881261595547,0.41615868679993084,0.9732267693048238,586.1488414611792
90,7,0.0,1.5,3,3429,63.6178107606679,0.4160719195888927,0.9185715378650195,1053.8839087578856
100,7,0.0,1.5,3,3429,63.6178107606679,0.4160719195888927,0.9185715378650195,1053.8839087578856
150,7,0.0,1.5,3,3429,63.6178107606679,0.4160719195888927,0.9185715378650195,1053.8839087578856
200,7,0.0,1.5,3,3429,63.6178107606679,0.4160719195888927,0.9185715378650195,1053.8839087578856
150,2,0.0,1.0,3,3150,58.44155844155844,0.41580848578997326,0.9174044931443105,1281.438540978492
200,2,0.0,1.0,3,3150,58.44155844155844,0.41580848578997326,0.9174044931443105,1281.438540978492
100,2,0.0,1.0,4,3221,59.75881261595547,0.41461252678631483,0.8652699314270864,1171.2543911144596
20,15,0.0,0.5,36,3008,55.80705009276438,0.41459634317137656,0.8792835877369728,678.6250408144849
20,1,0.0,0.5,36,3001,55.67717996289425,0.4138413119592243,0.8801617930976072,678.2527337484871
20,1,0.0,1.0,36,3001,55.67717996289425,0.4138413119592243,0.8801617930976072,678.2527337484871
20,2,0.0,0.5,36,3001,55.67717996289425,0.4138413119592243,0.8801617930976072,678.2527337484871
20,3,0.0,0.5,36,3001,55.67717996289425,0.4138413119592243,0.8801617930976072,678.2527337484871
20,4,0.0,0.5,36,3001,55.67717996289425,0.4138413119592243,0.8801617930976072,678.2527337484871
20,5,0.0,0.5,36,3001,55.67717996289425,0.4138413119592243,0.8801617930976072,678.2527337484871
20,6,0.0,0.5,36,3001,55.67717996289425,0.4138413119592243,0.8801617930976072,678.2527337484871
20,7,0.0,0.5,36,3001,55.67717996289425,0.4138413119592243,0.8801617930976072,678.2527337484871
20,8,0.0,0.5,36,3001,55.67717996289425,0.4138413119592243,0.8801617930976072,678.2527337484871
20,9,0.0,0.5,36,3001,55.67717996289425,0.4138413119592243,0.8801617930976072,678.2527337484871
20,10,0.0,0.5,36,3001,55.67717996289425,0.4138413119592243,0.8801617930976072,678.2527337484871
80,25,0.0,0.5,10,3017,55.97402597402598,0.4136978664469902,0.7812827672212526,950.500695559275
12,1,0.0,0.5,77,3163,58.682745825602964,0.41267515977293284,0.926718992229078,605.2499156045977
12,1,0.0,1.0,77,3163,58.682745825602964,0.41267515977293284,0.926718992229078,605.2499156045977
12,2,0.0,0.5,77,3163,58.682745825602964,0.41267515977293284,0.926718992229078,605.2499156045977
12,3,0.0,0.5,77,3163,58.682745825602964,0.41267515977293284,0.926718992229078,605.2499156045977
12,4,0.0,0.5,77,3163,58.682745825602964,0.41267515977293284,0.926718992229078,605.2499156045977
12,5,0.0,0.5,77,3163,58.682745825602964,0.41267515977293284,0.926718992229078,605.2499156045977
12,6,0.0,0.5,77,3163,58.682745825602964,0.41267515977293284,0.926718992229078,605.2499156045977
12,7,0.0,0.5,77,3163,58.682745825602964,0.41267515977293284,0.926718992229078,605.2499156045977
12,8,0.0,0.5,77,3163,58.682745825602964,0.41267515977293284,0.926718992229078,605.2499156045977
12,9,0.0,0.5,77,3163,58.682745825602964,0.41267515977293284,0.926718992229078,605.2499156045977
12,10,0.0,0.5,77,3163,58.682745825602964,0.41267515977293284,0.926718992229078,605.2499156045977
10,1,0.0,0.5,92,3103,57.569573283859,0.41261964138989926,0.9367333912795637,575.4754285928432
10,1,0.0,1.0,92,3103,57.569573283859,0.41261964138989926,0.9367333912795637,575.4754285928432
10,2,0.0,0.5,92,3103,57.569573283859,0.41261964138989926,0.9367333912795637,575.4754285928432
10,3,0.0,0.5,92,3103,57.569573283859,0.41261964138989926,0.9367333912795637,575.4754285928432
10,4,0.0,0.5,92,3103,57.569573283859,0.41261964138989926,0.9367333912795637,575.4754285928432
10,5,0.0,0.5,92,3103,57.569573283859,0.41261964138989926,0.9367333912795637,575.4754285928432
10,6,0.0,0.5,92,3103,57.569573283859,0.41261964138989926,0.9367333912795637,575.4754285928432
10,7,0.0,0.5,92,3103,57.569573283859,0.41261964138989926,0.9367333912795637,575.4754285928432
10,8,0.0,0.5,92,3103,57.569573283859,0.41261964138989926,0.9367333912795637,575.4754285928432
10,9,0.0,0.5,92,3103,57.569573283859,0.41261964138989926,0.9367333912795637,575.4754285928432
10,10,0.0,0.5,92,3103,57.569573283859,0.41261964138989926,0.9367333912795637,575.4754285928432
2,2,0.0,1.0,448,2786,51.688311688311686,0.4117883536169306,0.8171814619073139,284.2166327334775
150,25,0.0,0.5,4,3098,57.47680890538034,0.4114672439020716,0.8713746409187172,1251.6332258182772
200,25,0.0,0.5,3,3026,56.14100185528756,0.41040037550285025,0.9242760935861432,1347.3596413680693
150,20,0.0,0.5,4,3076,57.06864564007421,0.40684314525094906,0.8792083128626431,1235.4041099825033
100,5,0.0,1.5,3,3514,65.1948051948052,0.40663090263896695,0.8579929183063312,882.8412909374671
150,5,0.0,1.5,3,3514,65.1948051948052,0.40663090263896695,0.8579929183063312,882.8412909374671
200,5,0.0,1.5,3,3514,65.1948051948052,0.40663090263896695,0.8579929183063312,882.8412909374671
200,20,0.0,0.5,3,3003,55.714285714285715,0.4063551118960707,0.9302705313017655,1339.51997713636
16,15,0.0,0.5,48,2914,54.063079777365495,0.40598059363916617,0.9289771387333315,572.8220119869706
150,15,0.0,0.5,4,3069,56.93877551020409,0.40548416738281856,0.8815488928179633,1230.2254465537096
80,20,0.0,0.5,10,2987,55.417439703153995,0.4054690745163799,0.7875092204971128,912.6780157778439
200,15,0.0,0.5,3,2998,55.621521335807046,0.40544805527740874,0.9319353187224683,1335.8028419207508
16,1,0.0,0.5,49,2888,53.58070500927644,0.40540380577145996,0.923992902517725,566.4528004748354
16,1,0.0,1.0,49,2888,53.58070500927644,0.40540380577145996,0.923992902517725,566.4528004748354
16,2,0.0,0.5,49,2888,53.58070500927644,0.40540380577145996,0.923992902517725,566.4528004748354
16,3,0.0,0.5,49,2888,53.58070500927644,0.40540380577145996,0.923992902517725,566.4528004748354
16,4,0.0,0.5,49,2888,53.58070500927644,0.40540380577145996,0.923992902517725,566.4528004748354
16,5,0.0,0.5,49,2888,53.58070500927644,0.40540380577145996,0.923992902517725,566.4528004748354
16,6,0.0,0.5,49,2888,53.58070500927644,0.40540380577145996,0.923992902517725,566.4528004748354
16,7,0.0,0.5,49,2888,53.58070500927644,0.40540380577145996,0.923992902517725,566.4528004748354
16,8,0.0,0.5,49,2888,53.58070500927644,0.40540380577145996,0.923992902517725,566.4528004748354
16,9,0.0,0.5,49,2888,53.58070500927644,0.40540380577145996,0.923992902517725,566.4528004748354
16,10,0.0,0.5,49,2888,53.58070500927644,0.40540380577145996,0.923992902517725,566.4528004748354
150,1,0.0,0.5,4,3066,56.88311688311688,0.4053046218796441,0.8819081999722505,1231.2652075576145
150,1,0.0,1.0,4,3066,56.88311688311688,0.4053046218796441,0.8819081999722505,1231.2652075576145
150,2,0.0,0.5,4,3066,56.88311688311688,0.4053046218796441,0.8819081999722505,1231.2652075576145
150,3,0.0,0.5,4,3066,56.88311688311688,0.4053046218796441,0.8819081999722505,1231.2652075576145
150,4,0.0,0.5,4,3066,56.88311688311688,0.4053046218796441,0.8819081999722505,1231.2652075576145
150,5,0.0,0.5,4,3066,56.88311688311688,0.4053046218796441,0.8819081999722505,1231.2652075576145
150,6,0.0,0.5,4,3066,56.88311688311688,0.4053046218796441,0.8819081999722505,1231.2652075576145
150,7,0.0,0.5,4,3066,56.88311688311688,0.4053046218796441,0.8819081999722505,1231.2652075576145
150,8,0.0,0.5,4,3066,56.88311688311688,0.4053046218796441,0.8819081999722505,1231.2652075576145
150,9,0.0,0.5,4,3066,56.88311688311688,0.4053046218796441,0.8819081999722505,1231.2652075576145
150,10,0.0,0.5,4,3066,56.88311688311688,0.4053046218796441,0.8819081999722505,1231.2652075576145
200,1,0.0,0.5,3,2995,55.56586270871985,0.40520327917861276,0.932326616973317,1337.4903815812415
200,1,0.0,1.0,3,2995,55.56586270871985,0.40520327917861276,0.932326616973317,1337.4903815812415
200,2,0.0,0.5,3,2995,55.56586270871985,0.40520327917861276,0.932326616973317,1337.4903815812415
200,3,0.0,0.5,3,2995,55.56586270871985,0.40520327917861276,0.932326616973317,1337.4903815812415
200,4,0.0,0.5,3,2995,55.56586270871985,0.40520327917861276,0.932326616973317,1337.4903815812415
200,5,0.0,0.5,3,2995,55.56586270871985,0.40520327917861276,0.932326616973317,1337.4903815812415
200,6,0.0,0.5,3,2995,55.56586270871985,0.40520327917861276,0.932326616973317,1337.4903815812415
200,7,0.0,0.5,3,2995,55.56586270871985,0.40520327917861276,0.932326616973317,1337.4903815812415
200,8,0.0,0.5,3,2995,55.56586270871985,0.40520327917861276,0.932326616973317,1337.4903815812415
200,9,0.0,0.5,3,2995,55.56586270871985,0.40520327917861276,0.932326616973317,1337.4903815812415
200,10,0.0,0.5,3,2995,55.56586270871985,0.40520327917861276,0.932326616973317,1337.4903815812415
18,15,0.0,0.5,41,2964,54.990723562152134,0.4048173970217781,0.9254311197181581,633.4624037661805
90,9,0.0,1.5,3,3386,62.82003710575139,0.40480580309497066,0.9169787938187057,1024.8120708022045
100,9,0.0,1.5,3,3386,62.82003710575139,0.40480580309497066,0.9169787938187057,1024.8120708022045
150,9,0.0,1.5,3,3386,62.82003710575139,0.40480580309497066,0.9169787938187057,1024.8120708022045
200,9,0.0,1.5,3,3386,62.82003710575139,0.40480580309497066,0.9169787938187057,1024.8120708022045
150,1,0.0,2.0,2,3822,70.9090909090909,0.4037440647513973,0.8746311996432744,863.4964779629074
200,1,0.0,2.0,2,3822,70.9090909090909,0.4037440647513973,0.8746311996432744,863.4964779629074
18,1,0.0,0.5,41,2956,54.84230055658627,0.40359900948437444,0.9278457877177851,633.2960956049712
18,1,0.0,1.0,41,2956,54.84230055658627,0.40359900948437444,0.9278457877177851,633.2960956049712
18,2,0.0,0.5,41,2956,54.84230055658627,0.40359900948437444,0.9278457877177851,633.2960956049712
18,3,0.0,0.5,41,2956,54.84230055658627,0.40359900948437444,0.9278457877177851,633.2960956049712
18,4,0.0,0.5,41,2956,54.84230055658627,0.40359900948437444,0.9278457877177851,633.2960956049712
18,5,0.0,0.5,41,2956,54.84230055658627,0.40359900948437444,0.9278457877177851,633.2960956049712
18,6,0.0,0.5,41,2956,54.84230055658627,0.40359900948437444,0.9278457877177851,633.2960956049712
18,7,0.0,0.5,41,2956,54.84230055658627,0.40359900948437444,0.9278457877177851,633.2960956049712
18,8,0.0,0.5,41,2956,54.84230055658627,0.40359900948437444,0.9278457877177851,633.2960956049712
18,9,0.0,0.5,41,2956,54.84230055658627,0.40359900948437444,0.9278457877177851,633.2960956049712
18,10,0.0,0.5,41,2956,54.84230055658627,0.40359900948437444,0.9278457877177851,633.2960956049712
80,15,0.0,0.5,10,2973,55.15769944341373,0.40310037080016203,0.7914778730260681,902.7997402009235
80,1,0.0,0.5,10,2971,55.12059369202227,0.4028696606179614,0.791636307899621,902.7749513431166
80,1,0.0,1.0,10,2971,55.12059369202227,0.4028696606179614,0.791636307899621,902.7749513431166
80,2,0.0,0.5,10,2971,55.12059369202227,0.4028696606179614,0.791636307899621,902.7749513431166
80,3,0.0,0.5,10,2971,55.12059369202227,0.4028696606179614,0.791636307899621,902.7749513431166
80,4,0.0,0.5,10,2971,55.12059369202227,0.4028696606179614,0.791636307899621,902.7749513431166
80,5,0.0,0.5,10,2971,55.12059369202227,0.4028696606179614,0.791636307899621,902.7749513431166
80,6,0.0,0.5,10,2971,55.12059369202227,0.4028696606179614,0.791636307899621,902.7749513431166
80,7,0.0,0.5,10,2971,55.12059369202227,0.4028696606179614,0.791636307899621,902.7749513431166
80,8,0.0,0.5,10,2971,55.12059369202227,0.4028696606179614,0.791636307899621,902.7749513431166
80,9,0.0,0.5,10,2971,55.12059369202227,0.4028696606179614,0.791636307899621,902.7749513431166
80,10,0.0,0.5,10,2971,55.12059369202227,0.4028696606179614,0.791636307899621,902.7749513431166
200,4,0.0,2.0,3,3606,66.90166975881262,0.4023890634392104,0.9021833295941607,836.8885398930245
200,2,0.0,1.5,2,3689,68.44155844155844,0.4000464145322311,0.8831255982473163,933.5932349043736
150,2,0.0,1.5,3,3533,65.54730983302412,0.39761144983796215,0.8166922148750736,810.9616441149831
150,1,0.0,1.5,3,3244,60.18552875695733,0.3972186151330011,0.8952025422714961,1063.9382032610686
200,1,0.0,1.5,3,3244,60.18552875695733,0.3972186151330011,0.8952025422714961,1063.9382032610686
80,50,0.0,0.5,6,3136,58.18181818181818,0.3967383060448305,0.8279557809770365,1066.4237809691363
6,1,0.0,0.5,181,2838,52.6530612244898,0.393551183598378,0.963047620689805,393.5374846885916
6,1,0.0,1.0,181,2838,52.6530612244898,0.393551183598378,0.963047620689805,393.5374846885916
6,2,0.0,0.5,181,2838,52.6530612244898,0.393551183598378,0.963047620689805,393.5374846885916
6,3,0.0,0.5,181,2838,52.6530612244898,0.393551183598378,0.963047620689805,393.5374846885916
6,4,0.0,0.5,181,2838,52.6530612244898,0.393551183598378,0.963047620689805,393.5374846885916
6,5,0.0,0.5,181,2838,52.6530612244898,0.393551183598378,0.963047620689805,393.5374846885916
6,6,0.0,0.5,181,2838,52.6530612244898,0.393551183598378,0.963047620689805,393.5374846885916
200,100,0.0,1.0,2,2666,49.46196660482375,0.39173271271126714,0.8971337924865267,990.6703633597488
150,4,0.0,1.5,3,3392,62.931354359925784,0.3915515453898771,0.8776513617954956,895.1136045989541
200,4,0.0,1.5,3,3392,62.931354359925784,0.3915515453898771,0.8776513617954956,895.1136045989541
150,15,0.0,1.5,2,3826,70.98330241187384,0.3853189724902468,0.9047687261710606,710.142835533092
200,15,0.0,1.5,2,3826,70.98330241187384,0.3853189724902468,0.9047687261710606,710.142835533092
100,3,0.0,1.5,3,3354,62.22634508348794,0.38149450616910907,0.8801104129199979,883.715683804601
150,3,0.0,1.5,3,3354,62.22634508348794,0.38149450616910907,0.8801104129199979,883.715683804601
200,3,0.0,1.5,3,3354,62.22634508348794,0.38149450616910907,0.8801104129199979,883.715683804601
200,9,0.0,2.0,2,3851,71.44712430426716,0.3804264768536638,0.90231468418505,672.4106766916879
150,7,0.0,2.0,2,3788,70.27829313543599,0.37079816727748766,0.9174349049266145,669.3587669818364
200,7,0.0,2.0,2,3788,70.27829313543599,0.37079816727748766,0.9174349049266145,669.3587669818364
4,4,0.0,0.5,303,2534,47.01298701298701,0.37068035231990387,0.9622791946162935,294.6487540653389
4,1,0.0,0.5,304,2535,47.031539888682744,0.3705923640604373,0.9606173355021128,293.61921355859135
4,1,0.0,1.0,304,2535,47.031539888682744,0.3705923640604373,0.9606173355021128,293.61921355859135
4,2,0.0,0.5,304,2535,47.031539888682744,0.3705923640604373,0.9606173355021128,293.61921355859135
4,3,0.0,0.5,304,2535,47.031539888682744,0.3705923640604373,0.9606173355021128,293.61921355859135
90,1,0.0,1.5,5,3171,58.83116883116883,0.36807132153325506,0.8460414115227447,644.4126063882683
100,1,0.0,1.5,5,3171,58.83116883116883,0.36807132153325506,0.8460414115227447,644.4126063882683
14,2,0.0,1.0,47,3081,57.16141001855287,0.3678447709765639,0.8760815874251172,580.3483652476574
2,2,0.0,0.5,1087,1743,32.33766233766234,0.35407303974424714,0.8330346646598671,173.48812419760634
2,1,0.0,0.5,1095,1745,32.3747680890538,0.3520107503167154,0.8324367716473365,171.70108282142147
2,1,0.0,1.0,1095,1745,32.3747680890538,0.3520107503167154,0.8324367716473365,171.70108282142147
150,10,0.0,2.0,2,3775,70.03710575139146,0.33820355879136427,0.9771528598868143,571.2488737760522
200,10,0.0,2.0,2,3775,70.03710575139146,0.33820355879136427,0.9771528598868143,571.2488737760522
200,6,0.0,2.0,2,3747,69.51762523191096,0.33726881587308893,0.9780750070480522,584.3792916007769
200,10,0.0,1.0,2,3282,60.89053803339518,0.298353731512076,1.0979652051234035,666.4010482979297
150,7,0.0,1.0,2,3222,59.7773654916512,0.2890057219454996,1.1087666013401902,651.2804535643464
200,7,0.0,1.0,2,3222,59.7773654916512,0.2890057219454996,1.1087666013401902,651.2804535643464
150,6,0.0,1.0,2,3163,58.682745825602964,0.2847145770653737,1.121484589363708,660.5590944823399
200,6,0.0,1.0,2,3163,58.682745825602964,0.2847145770653737,1.121484589363708,660.5590944823399
200,6,0.0,1.5,2,3281,60.87198515769945,0.27492700995117164,1.115741010812286,582.9096679877821
