GO_term,Term_Name_Clean
GO:0006468,Protein Phosphorylation
GO:0016310,Phosphorylation
GO:0045893,Positive Regulation Of DNA-templated Transcription
GO:1903508,Positive Regulation Of Nucleic Acid-Templated Transcription
GO:0036211,Protein Modification Process
GO:0006412,Translation
GO:0046777,Protein Autophosphorylation
GO:0018105,Peptidyl-Serine Phosphorylation
GO:0045944,Positive Regulation Of Transcription By RNA Polymerase II
GO:0018209,Peptidyl-Serine Modification
GO:0006355,Regulation Of DNA-templated Transcription
GO:0010467,Gene Expression
GO:0032543,Mitochondrial Translation
GO:0009059,Macromolecule Biosynthetic Process
GO:0006974,DNA Damage Response
GO:0006357,Regulation Of Transcription By RNA Polymerase II
GO:0043043,Peptide Biosynthetic Process
GO:0140053,Mitochondrial Gene Expression
GO:0006338,Chromatin Remodeling
GO:0042127,Regulation Of Cell Population Proliferation
GO:0042981,Regulation Of Apoptotic Process
GO:0006281,DNA Repair
GO:0002181,Cytoplasmic Translation
GO:0006282,Regulation Of DNA Repair
GO:0006259,DNA Metabolic Process
GO:0010628,Positive Regulation Of Gene Expression
GO:0048522,Positive Regulation Of Cellular Process
GO:0010468,Regulation Of Gene Expression
GO:0008284,Positive Regulation Of Cell Population Proliferation
GO:0015986,Proton Motive Force-Driven ATP Synthesis
GO:0051726,Regulation Of Cell Cycle
GO:0042776,Proton Motive Force-Driven Mitochondrial ATP Synthesis
GO:0010604,Positive Regulation Of Macromolecule Metabolic Process
GO:0042775,Mitochondrial ATP Synthesis Coupled Electron Transport
GO:0045892,Negative Regulation Of DNA-templated Transcription
GO:0019646,Aerobic Electron Transport Chain
GO:0016570,Histone Modification
GO:0065003,Protein-Containing Complex Assembly
GO:1903507,Negative Regulation Of Nucleic Acid-Templated Transcription
GO:0043161,Proteasome-Mediated Ubiquitin-Dependent Protein Catabolic Process
GO:0018107,Peptidyl-Threonine Phosphorylation
GO:0045333,Cellular Respiration
GO:0006325,Chromatin Organization
GO:0051240,Positive Regulation Of Multicellular Organismal Process
GO:0006119,Oxidative Phosphorylation
GO:0051094,Positive Regulation Of Developmental Process
GO:0051347,Positive Regulation Of Transferase Activity
GO:0043066,Negative Regulation Of Apoptotic Process
GO:0001934,Positive Regulation Of Protein Phosphorylation
GO:0018108,Peptidyl-Tyrosine Phosphorylation
GO:0009967,Positive Regulation Of Signal Transduction
GO:0000122,Negative Regulation Of Transcription By RNA Polymerase II
GO:0051052,Regulation Of DNA Metabolic Process
GO:1902533,Positive Regulation Of Intracellular Signal Transduction
GO:0043069,Negative Regulation Of Programmed Cell Death
GO:0042327,Positive Regulation Of Phosphorylation
GO:0016573,Histone Acetylation
GO:1901701,Cellular Response To Oxygen-Containing Compound
GO:0050954,Sensory Perception Of Mechanical Stimulus
GO:0018210,Peptidyl-Threonine Modification
GO:0007605,Sensory Perception Of Sound
GO:0008202,Steroid Metabolic Process
GO:0000724,Double-Strand Break Repair Via Homologous Recombination
GO:0006302,Double-Strand Break Repair
GO:0030098,Lymphocyte Differentiation
GO:0045596,Negative Regulation Of Cell Differentiation
GO:0080135,Regulation Of Cellular Response To Stress
GO:1902459,Positive Regulation Of Stem Cell Population Maintenance
GO:0001932,Regulation Of Protein Phosphorylation
GO:0060261,Positive Regulation Of Transcription Initiation By RNA Polymerase II
GO:0045595,Regulation Of Cell Differentiation
GO:2000779,Regulation Of Double-Strand Break Repair
GO:0007169,Transmembrane Receptor Protein Tyrosine Kinase Signaling Pathway
GO:0043549,Regulation Of Kinase Activity
GO:0048523,Negative Regulation Of Cellular Process
GO:2000144,Positive Regulation Of DNA-templated Transcription Initiation
GO:2000036,Regulation Of Stem Cell Population Maintenance
GO:0006120,"Mitochondrial Electron Transport, NADH To Ubiquinone"
GO:0045739,Positive Regulation Of DNA Repair
GO:2000781,Positive Regulation Of Double-Strand Break Repair
GO:0010498,Proteasomal Protein Catabolic Process
GO:0030334,Regulation Of Cell Migration
GO:0007417,Central Nervous System Development
GO:0098655,Monoatomic Cation Transmembrane Transport
GO:0010506,Regulation Of Autophagy
GO:0008285,Negative Regulation Of Cell Population Proliferation
GO:0098662,Inorganic Cation Transmembrane Transport
GO:0006366,Transcription By RNA Polymerase II
GO:0043967,Histone H4 Acetylation
GO:0010257,NADH Dehydrogenase Complex Assembly
GO:0032981,Mitochondrial Respiratory Chain Complex I Assembly
GO:0070925,Organelle Assembly
GO:0006418,tRNA Aminoacylation For Protein Translation
GO:0051054,Positive Regulation Of DNA Metabolic Process
GO:0006261,DNA-templated DNA Replication
GO:0060260,Regulation Of Transcription Initiation By RNA Polymerase II
GO:0045597,Positive Regulation Of Cell Differentiation
GO:0009060,Aerobic Respiration
GO:0018212,Peptidyl-Tyrosine Modification
GO:0042274,Ribosomal Small Subunit Biogenesis
GO:0043065,Positive Regulation Of Apoptotic Process
GO:0031146,SCF-dependent Proteasomal Ubiquitin-Dependent Protein Catabolic Process
GO:0007507,Heart Development
GO:0007268,Chemical Synaptic Transmission
GO:0042113,B Cell Activation
GO:0010629,Negative Regulation Of Gene Expression
GO:0034470,ncRNA Processing
GO:0050953,Sensory Perception Of Light Stimulus
GO:0043933,Protein-Containing Complex Organization
GO:0031401,Positive Regulation Of Protein Modification Process
GO:0007259,Receptor Signaling Pathway Via JAK-STAT
GO:0071407,Cellular Response To Organic Cyclic Compound
GO:1902099,Regulation Of Metaphase/Anaphase Transition Of Cell Cycle
GO:0030071,Regulation Of Mitotic Metaphase/Anaphase Transition
GO:0000723,Telomere Maintenance
GO:0033674,Positive Regulation Of Kinase Activity
GO:0046651,Lymphocyte Proliferation
GO:0006511,Ubiquitin-Dependent Protein Catabolic Process
GO:0007601,Visual Perception
GO:0051091,Positive Regulation Of DNA-binding Transcription Factor Activity
GO:0006915,Apoptotic Process
GO:0022607,Cellular Component Assembly
GO:0098916,Anterograde Trans-Synaptic Signaling
GO:0098586,Cellular Response To Virus
GO:0000165,MAPK Cascade
GO:0007420,Brain Development
GO:0032206,Positive Regulation Of Telomere Maintenance
GO:0030183,B Cell Differentiation
GO:0043966,Histone H3 Acetylation
GO:0060048,Cardiac Muscle Contraction
GO:0000725,Recombinational Repair
GO:0071363,Cellular Response To Growth Factor Stimulus
GO:0098659,Inorganic Cation Import Across Plasma Membrane
GO:0030335,Positive Regulation Of Cell Migration
GO:2000819,Regulation Of Nucleotide-Excision Repair
GO:0032200,Telomere Organization
GO:0006289,Nucleotide-Excision Repair
GO:0001501,Skeletal System Development
GO:0060047,Heart Contraction
GO:1901990,Regulation Of Mitotic Cell Cycle Phase Transition
GO:0010569,Regulation Of Double-Strand Break Repair Via Homologous Recombination
GO:0006275,Regulation Of DNA Replication
GO:0034243,Regulation Of Transcription Elongation By RNA Polymerase II
GO:0043254,Regulation Of Protein-Containing Complex Assembly
GO:0010605,Negative Regulation Of Macromolecule Metabolic Process
GO:0006476,Protein Deacetylation
GO:0051247,Positive Regulation Of Protein Metabolic Process
GO:0071345,Cellular Response To Cytokine Stimulus
GO:0001819,Positive Regulation Of Cytokine Production
GO:0030326,Embryonic Limb Morphogenesis
GO:0097696,Receptor Signaling Pathway Via STAT
GO:2000045,Regulation Of G1/S Transition Of Mitotic Cell Cycle
GO:0033108,Mitochondrial Respiratory Chain Complex Assembly
GO:0140888,Interferon-Mediated Signaling Pathway
GO:0034599,Cellular Response To Oxidative Stress
GO:0017015,Regulation Of Transforming Growth Factor Beta Receptor Signaling Pathway
GO:0048015,Phosphatidylinositol-Mediated Signaling
GO:0097553,Calcium Ion Transmembrane Import Into Cytosol
GO:0035522,Monoubiquitinated Histone H2A Deubiquitination
GO:0035521,Monoubiquitinated Histone Deubiquitination
GO:0032508,DNA Duplex Unwinding
GO:0035520,Monoubiquitinated Protein Deubiquitination
GO:0007167,Enzyme-Linked Receptor Protein Signaling Pathway
GO:0000302,Response To Reactive Oxygen Species
GO:1903241,U2-type Prespliceosome Assembly
GO:0072359,Circulatory System Development
GO:2000573,Positive Regulation Of DNA Biosynthetic Process
GO:0043068,Positive Regulation Of Programmed Cell Death
GO:0010564,Regulation Of Cell Cycle Process
GO:0034614,Cellular Response To Reactive Oxygen Species
GO:0033138,Positive Regulation Of Peptidyl-Serine Phosphorylation
GO:0043039,tRNA Aminoacylation
GO:1903506,Regulation Of Nucleic Acid-Templated Transcription
GO:0018393,Internal Peptidyl-Lysine Acetylation
GO:0045621,Positive Regulation Of Lymphocyte Differentiation
GO:0050821,Protein Stabilization
GO:0042100,B Cell Proliferation
GO:0032870,Cellular Response To Hormone Stimulus
GO:0048732,Gland Development
GO:0006367,Transcription Initiation At RNA Polymerase II Promoter
GO:0043408,Regulation Of MAPK Cascade
GO:2000026,Regulation Of Multicellular Organismal Development
GO:0070897,Transcription Preinitiation Complex Assembly
GO:0051093,Negative Regulation Of Developmental Process
GO:0007187,"G Protein-Coupled Receptor Signaling Pathway, Coupled To Cyclic Nucleotide Second Messenger"
GO:0030097,Hemopoiesis
GO:0042254,Ribosome Biogenesis
GO:2001252,Positive Regulation Of Chromosome Organization
GO:0050871,Positive Regulation Of B Cell Activation
GO:0042789,mRNA Transcription By RNA Polymerase II
GO:0060271,Cilium Assembly
GO:0061024,Membrane Organization
GO:0051123,RNA Polymerase II Preinitiation Complex Assembly
GO:1901653,Cellular Response To Peptide
GO:0031328,Positive Regulation Of Cellular Biosynthetic Process
GO:0030003,Intracellular Monoatomic Cation Homeostasis
GO:0042110,T Cell Activation
GO:1900182,Positive Regulation Of Protein Localization To Nucleus
GO:0031098,Stress-Activated Protein Kinase Signaling Cascade
GO:0007399,Nervous System Development
GO:0006941,Striated Muscle Contraction
GO:0061337,Cardiac Conduction
GO:0098930,Axonal Transport
GO:0051169,Nuclear Transport
GO:0043410,Positive Regulation Of MAPK Cascade
GO:0071763,Nuclear Membrane Organization
GO:0016578,Histone Deubiquitination
GO:2000147,Positive Regulation Of Cell Motility
GO:0040029,Epigenetic Regulation Of Gene Expression
GO:0019221,Cytokine-Mediated Signaling Pathway
GO:0001822,Kidney Development
GO:0006913,Nucleocytoplasmic Transport
GO:0022618,protein-RNA Complex Assembly
GO:0033043,Regulation Of Organelle Organization
GO:0009411,Response To UV
GO:0016575,Histone Deacetylation
GO:0031396,Regulation Of Protein Ubiquitination
GO:0009299,mRNA Transcription
GO:0032786,"Positive Regulation Of DNA-templated Transcription, Elongation"
GO:0043280,Positive Regulation Of Cysteine-Type Endopeptidase Activity Involved In Apoptotic Process
GO:0043433,Negative Regulation Of DNA-binding Transcription Factor Activity
GO:0090068,Positive Regulation Of Cell Cycle Process
GO:0022613,Ribonucleoprotein Complex Biogenesis
GO:0044782,Cilium Organization
GO:2001056,Positive Regulation Of Cysteine-Type Endopeptidase Activity
GO:0045580,Regulation Of T Cell Differentiation
GO:1902806,Regulation Of Cell Cycle G1/S Phase Transition
GO:0006364,rRNA Processing
GO:0070316,Regulation Of G0 To G1 Transition
GO:0071705,Nitrogen Compound Transport
GO:0051896,Regulation Of Protein Kinase B Signaling
GO:0006754,ATP Biosynthetic Process
GO:0007346,Regulation Of Mitotic Cell Cycle
GO:0045911,Positive Regulation Of DNA Recombination
GO:0120031,Plasma Membrane Bounded Cell Projection Assembly
GO:0048666,Neuron Development
GO:0001558,Regulation Of Cell Growth
GO:0048514,Blood Vessel Morphogenesis
GO:0086002,Cardiac Muscle Cell Action Potential Involved In Contraction
GO:0016236,Macroautophagy
GO:0051128,Regulation Of Cellular Component Organization
GO:0043067,Regulation Of Programmed Cell Death
GO:0032438,Melanosome Organization
GO:0065002,Intracellular Protein Transmembrane Transport
GO:0071417,Cellular Response To Organonitrogen Compound
GO:0031063,Regulation Of Histone Deacetylation
GO:0086091,Regulation Of Heart Rate By Cardiac Conduction
GO:0001654,Eye Development
GO:0006351,DNA-templated Transcription
GO:0045582,Positive Regulation Of T Cell Differentiation
GO:0032968,Positive Regulation Of Transcription Elongation By RNA Polymerase II
GO:0033044,Regulation Of Chromosome Organization
GO:0071396,Cellular Response To Lipid
GO:0043406,Positive Regulation Of MAP Kinase Activity
GO:0071902,Positive Regulation Of Protein Serine/Threonine Kinase Activity
GO:0009267,Cellular Response To Starvation
GO:0071375,Cellular Response To Peptide Hormone Stimulus
GO:1905168,Positive Regulation Of Double-Strand Break Repair Via Homologous Recombination
GO:0010595,Positive Regulation Of Endothelial Cell Migration
GO:0051130,Positive Regulation Of Cellular Component Organization
GO:0034504,Protein Localization To Nucleus
GO:0035987,Endodermal Cell Differentiation
GO:0032210,Regulation Of Telomere Maintenance Via Telomerase
GO:0048584,Positive Regulation Of Response To Stimulus
GO:0006260,DNA Replication
GO:0002573,Myeloid Leukocyte Differentiation
GO:0030099,Myeloid Cell Differentiation
GO:0006352,DNA-templated Transcription Initiation
GO:0000082,G1/S Transition Of Mitotic Cell Cycle
GO:0097193,Intrinsic Apoptotic Signaling Pathway
GO:0000398,"mRNA Splicing, Via Spliceosome"
GO:0031175,Neuron Projection Development
GO:0006997,Nucleus Organization
GO:0033365,Protein Localization To Organelle
GO:0007215,Glutamate Receptor Signaling Pathway
GO:1904358,Positive Regulation Of Telomere Maintenance Via Telomere Lengthening
GO:0031324,Negative Regulation Of Cellular Metabolic Process
GO:0045765,Regulation Of Angiogenesis
GO:0032006,Regulation Of TOR Signaling
GO:0097435,Supramolecular Fiber Organization
GO:0008015,Blood Circulation
GO:0006996,Organelle Organization
GO:0006298,Mismatch Repair
GO:0033363,Secretory Granule Organization
GO:0032984,Protein-Containing Complex Disassembly
GO:1902774,Late Endosome To Lysosome Transport
GO:0050727,Regulation Of Inflammatory Response
GO:0044772,Mitotic Cell Cycle Phase Transition
GO:0008089,Anterograde Axonal Transport
GO:1902531,Regulation Of Intracellular Signal Transduction
GO:0019722,Calcium-Mediated Signaling
GO:0051302,Regulation Of Cell Division
GO:0032101,Regulation Of Response To External Stimulus
GO:0043393,Regulation Of Protein Binding
GO:0060155,Platelet Dense Granule Organization
GO:0016241,Regulation Of Macroautophagy
GO:0014065,Phosphatidylinositol 3-Kinase Signaling
GO:0032212,Positive Regulation Of Telomere Maintenance Via Telomerase
GO:0034644,Cellular Response To UV
GO:0045807,Positive Regulation Of Endocytosis
GO:0018205,Peptidyl-Lysine Modification
GO:0060828,Regulation Of Canonical Wnt Signaling Pathway
GO:0015980,Energy Derivation By Oxidation Of Organic Compounds
GO:1904645,Response To Amyloid-Beta
GO:0010975,Regulation Of Neuron Projection Development
GO:0014066,Regulation Of Phosphatidylinositol 3-Kinase Signaling
GO:1901216,Positive Regulation Of Neuron Death
GO:0008016,Regulation Of Heart Contraction
GO:0043434,Response To Peptide Hormone
GO:0086001,Cardiac Muscle Cell Action Potential
GO:0090100,Positive Regulation Of Transmembrane Receptor Protein Serine/Threonine Kinase Signaling Pathway
GO:0060429,Epithelium Development
GO:0090148,Membrane Fission
GO:1901652,Response To Peptide
GO:0051092,Positive Regulation Of NF-kappaB Transcription Factor Activity
GO:0034502,Protein Localization To Chromosome
GO:0032510,Endosome To Lysosome Transport Via Multivesicular Body Sorting Pathway
GO:0043981,Histone H4-K5 Acetylation
GO:0043982,Histone H4-K8 Acetylation
GO:1904505,Regulation Of Telomere Maintenance In Response To DNA Damage
GO:0003143,Embryonic Heart Tube Morphogenesis
GO:0070372,Regulation Of ERK1 And ERK2 Cascade
GO:0043968,Histone H2A Acetylation
GO:0031334,Positive Regulation Of Protein-Containing Complex Assembly
GO:0030888,Regulation Of B Cell Proliferation
GO:0034097,Response To Cytokine
GO:0030217,T Cell Differentiation
GO:0007034,Vacuolar Transport
GO:0045762,Positive Regulation Of Adenylate Cyclase Activity
GO:0086004,Regulation Of Cardiac Muscle Cell Contraction
GO:0086003,Cardiac Muscle Cell Contraction
GO:0045995,Regulation Of Embryonic Development
GO:0032102,Negative Regulation Of Response To External Stimulus
GO:0120161,Regulation Of Cold-Induced Thermogenesis
GO:0055010,Ventricular Cardiac Muscle Tissue Morphogenesis
GO:0007041,Lysosomal Transport
GO:0043523,Regulation Of Neuron Apoptotic Process
GO:0006886,Intracellular Protein Transport
GO:0072001,Renal System Development
GO:1900180,Regulation Of Protein Localization To Nucleus
GO:0002221,Pattern Recognition Receptor Signaling Pathway
GO:0050731,Positive Regulation Of Peptidyl-Tyrosine Phosphorylation
GO:0071702,Organic Substance Transport
GO:0001889,Liver Development
GO:0006821,Chloride Transport
GO:0055080,Monoatomic Cation Homeostasis
GO:0016192,Vesicle-Mediated Transport
GO:0090316,Positive Regulation Of Intracellular Protein Transport
GO:1902532,Negative Regulation Of Intracellular Signal Transduction
GO:0051241,Negative Regulation Of Multicellular Organismal Process
GO:2000146,Negative Regulation Of Cell Motility
GO:0051348,Negative Regulation Of Transferase Activity
GO:0060337,Type I Interferon-Mediated Signaling Pathway
GO:0035270,Endocrine System Development
GO:1903053,Regulation Of Extracellular Matrix Organization
GO:0014068,Positive Regulation Of Phosphatidylinositol 3-Kinase Signaling
GO:0042176,Regulation Of Protein Catabolic Process
GO:0007409,Axonogenesis
GO:0048863,Stem Cell Differentiation
GO:0098661,Inorganic Anion Transmembrane Transport
GO:1901992,Positive Regulation Of Mitotic Cell Cycle Phase Transition
GO:0033135,Regulation Of Peptidyl-Serine Phosphorylation
GO:0070588,Calcium Ion Transmembrane Transport
GO:0000070,Mitotic Sister Chromatid Segregation
GO:0006626,Protein Targeting To Mitochondrion
GO:0032479,Regulation Of Type I Interferon Production
GO:0008104,Protein Localization
GO:0042770,Signal Transduction In Response To DNA Damage
GO:0016072,rRNA Metabolic Process
GO:0045814,"Negative Regulation Of Gene Expression, Epigenetic"
GO:0008589,Regulation Of Smoothened Signaling Pathway
GO:1904507,Positive Regulation Of Telomere Maintenance In Response To DNA Damage
GO:0051569,Regulation Of Histone H3-K4 Methylation
GO:0006268,DNA Unwinding Involved In DNA Replication
GO:0035751,Regulation Of Lysosomal Lumen pH
GO:0043331,Response To dsRNA
GO:0010508,Positive Regulation Of Autophagy
GO:0042733,Embryonic Digit Morphogenesis
GO:0033141,Positive Regulation Of Peptidyl-Serine Phosphorylation Of STAT Protein
GO:1904872,Regulation Of Telomerase RNA Localization To Cajal Body
GO:0043405,Regulation Of MAP Kinase Activity
GO:0046034,ATP Metabolic Process
GO:0007224,Smoothened Signaling Pathway
GO:0000377,"RNA Splicing, Via Transesterification Reactions With Bulged Adenosine As Nucleophile"
GO:0006936,Muscle Contraction
GO:0031348,Negative Regulation Of Defense Response
GO:0071900,Regulation Of Protein Serine/Threonine Kinase Activity
GO:0090114,COPII-coated Vesicle Budding
GO:0006284,Base-Excision Repair
GO:0036297,Interstrand Cross-Link Repair
GO:0050777,Negative Regulation Of Immune Response
GO:1905114,Cell Surface Receptor Signaling Pathway Involved In Cell-Cell Signaling
GO:1902275,Regulation Of Chromatin Organization
GO:0071357,Cellular Response To Type I Interferon
GO:0001947,Heart Looping
GO:0045663,Positive Regulation Of Myoblast Differentiation
GO:0032204,Regulation Of Telomere Maintenance
GO:0030001,Metal Ion Transport
GO:0045860,Positive Regulation Of Protein Kinase Activity
GO:0009416,Response To Light Stimulus
GO:0016125,Sterol Metabolic Process
GO:0043085,Positive Regulation Of Catalytic Activity
GO:0001959,Regulation Of Cytokine-Mediated Signaling Pathway
GO:0048568,Embryonic Organ Development
GO:0030512,Negative Regulation Of Transforming Growth Factor Beta Receptor Signaling Pathway
GO:0030500,Regulation Of Bone Mineralization
GO:0006310,DNA Recombination
GO:1990573,Potassium Ion Import Across Plasma Membrane
GO:1901215,Negative Regulation Of Neuron Death
GO:0097352,Autophagosome Maturation
GO:0032784,Regulation Of DNA-templated Transcription Elongation
GO:0045661,Regulation Of Myoblast Differentiation
GO:0006898,Receptor-Mediated Endocytosis
GO:0032787,Monocarboxylic Acid Metabolic Process
GO:0031347,Regulation Of Defense Response
GO:0048738,Cardiac Muscle Tissue Development
GO:0031297,Replication Fork Processing
GO:0042542,Response To Hydrogen Peroxide
GO:1902476,Chloride Transmembrane Transport
GO:0050852,T Cell Receptor Signaling Pathway
GO:0010634,Positive Regulation Of Epithelial Cell Migration
GO:0031331,Positive Regulation Of Cellular Catabolic Process
GO:1905515,Non-Motile Cilium Assembly
GO:0030163,Protein Catabolic Process
GO:0035725,Sodium Ion Transmembrane Transport
GO:0006874,Intracellular Calcium Ion Homeostasis
GO:0051099,Positive Regulation Of Binding
GO:0050778,Positive Regulation Of Immune Response
GO:0071482,Cellular Response To Light Stimulus
GO:0006417,Regulation Of Translation
GO:0038083,Peptidyl-Tyrosine Autophosphorylation
GO:0031281,Positive Regulation Of Cyclase Activity
GO:0010453,Regulation Of Cell Fate Commitment
GO:0006744,Ubiquinone Biosynthetic Process
GO:0033628,Regulation Of Cell Adhesion Mediated By Integrin
GO:0062197,Cellular Response To Chemical Stress
GO:0001933,Negative Regulation Of Protein Phosphorylation
GO:0055117,Regulation Of Cardiac Muscle Contraction
GO:0006123,"Mitochondrial Electron Transport, Cytochrome C To Oxygen"
GO:0060382,Regulation Of DNA Strand Elongation
GO:0003007,Heart Morphogenesis
GO:0098703,Calcium Ion Import Across Plasma Membrane
GO:1904705,Regulation Of Vascular Associated Smooth Muscle Cell Proliferation
GO:0150104,Transport Across Blood-Brain Barrier
GO:0051568,Histone H3-K4 Methylation
GO:0097306,Cellular Response To Alcohol
GO:0006839,Mitochondrial Transport
GO:0009895,Negative Regulation Of Catabolic Process
GO:0019932,Second-Messenger-Mediated Signaling
GO:0045778,Positive Regulation Of Ossification
GO:1902600,Proton Transmembrane Transport
GO:0010232,Vascular Transport
GO:0045732,Positive Regulation Of Protein Catabolic Process
GO:0006901,Vesicle Coating
GO:0009896,Positive Regulation Of Catabolic Process
GO:0050851,Antigen Receptor-Mediated Signaling Pathway
GO:0032481,Positive Regulation Of Type I Interferon Production
GO:0050776,Regulation Of Immune Response
GO:0048844,Artery Morphogenesis
GO:0000245,Spliceosomal Complex Assembly
GO:0050728,Negative Regulation Of Inflammatory Response
GO:0030155,Regulation Of Cell Adhesion
GO:0034968,Histone Lysine Methylation
GO:0044743,Protein Transmembrane Import Into Intracellular Organelle
GO:0043281,Regulation Of Cysteine-Type Endopeptidase Activity Involved In Apoptotic Process
GO:0051262,Protein Tetramerization
GO:0031468,Nuclear Membrane Reassembly
GO:0043525,Positive Regulation Of Neuron Apoptotic Process
GO:0032434,Regulation Of Proteasomal Ubiquitin-Dependent Protein Catabolic Process
GO:0050679,Positive Regulation Of Epithelial Cell Proliferation
GO:1903232,Melanosome Assembly
GO:0033139,Regulation Of Peptidyl-Serine Phosphorylation Of STAT Protein
GO:0090311,Regulation Of Protein Deacetylation
GO:0043535,Regulation Of Blood Vessel Endothelial Cell Migration
GO:0030198,Extracellular Matrix Organization
GO:0050870,Positive Regulation Of T Cell Activation
GO:0051248,Negative Regulation Of Protein Metabolic Process
GO:0007193,Adenylate Cyclase-Inhibiting G Protein-Coupled Receptor Signaling Pathway
GO:0030162,Regulation Of Proteolysis
GO:0032728,Positive Regulation Of Interferon-Beta Production
GO:0034976,Response To Endoplasmic Reticulum Stress
GO:0006694,Steroid Biosynthetic Process
GO:0030490,Maturation Of SSU-rRNA
GO:0071709,Membrane Assembly
GO:0120162,Positive Regulation Of Cold-Induced Thermogenesis
GO:0022616,DNA Strand Elongation
GO:0006271,DNA Strand Elongation Involved In DNA Replication
GO:0051571,Positive Regulation Of Histone H3-K4 Methylation
GO:1901663,Quinone Biosynthetic Process
GO:1900095,Regulation Of Dosage Compensation By Inactivation Of X Chromosome
GO:0019935,Cyclic-Nucleotide-Mediated Signaling
GO:0006767,Water-Soluble Vitamin Metabolic Process
GO:0003208,Cardiac Ventricle Morphogenesis
GO:0030199,Collagen Fibril Organization
GO:0061371,Determination Of Heart Left/Right Asymmetry
GO:0006919,Activation Of Cysteine-Type Endopeptidase Activity Involved In Apoptotic Process
GO:0006816,Calcium Ion Transport
GO:0045766,Positive Regulation Of Angiogenesis
GO:0071880,Adenylate Cyclase-Activating Adrenergic Receptor Signaling Pathway
GO:0048490,Anterograde Synaptic Vesicle Transport
GO:0099517,Synaptic Vesicle Transport Along Microtubule
GO:0042593,Glucose Homeostasis
GO:0046328,Regulation Of JNK Cascade
GO:0033993,Response To Lipid
GO:0007229,Integrin-Mediated Signaling Pathway
GO:1903829,Positive Regulation Of Protein Localization
GO:0045667,Regulation Of Osteoblast Differentiation
GO:1901021,Positive Regulation Of Calcium Ion Transmembrane Transporter Activity
GO:0010557,Positive Regulation Of Macromolecule Biosynthetic Process
GO:1902455,Negative Regulation Of Stem Cell Population Maintenance
GO:0006006,Glucose Metabolic Process
GO:0000281,Mitotic Cytokinesis
GO:0030336,Negative Regulation Of Cell Migration
GO:0030890,Positive Regulation Of B Cell Proliferation
GO:1901385,Regulation Of Voltage-Gated Calcium Channel Activity
GO:0010556,Regulation Of Macromolecule Biosynthetic Process
GO:0090101,Negative Regulation Of Transmembrane Receptor Protein Serine/Threonine Kinase Signaling Pathway
GO:0031327,Negative Regulation Of Cellular Biosynthetic Process
GO:0071805,Potassium Ion Transmembrane Transport
GO:0007178,Transmembrane Receptor Protein Serine/Threonine Kinase Signaling Pathway
GO:0060562,Epithelial Tube Morphogenesis
GO:0050804,Modulation Of Chemical Synaptic Transmission
GO:0002323,Natural Killer Cell Activation Involved In Immune Response
GO:2000463,Positive Regulation Of Excitatory Postsynaptic Potential
GO:0099623,Regulation Of Cardiac Muscle Cell Membrane Repolarization
GO:1902075,Cellular Response To Salt
GO:0043330,Response To Exogenous dsRNA
GO:2000736,Regulation Of Stem Cell Differentiation
GO:0051972,Regulation Of Telomerase Activity
GO:0003180,Aortic Valve Morphogenesis
GO:0045005,DNA-templated DNA Replication Maintenance Of Fidelity
GO:0016239,Positive Regulation Of Macroautophagy
GO:0048565,Digestive Tract Development
GO:0009584,Detection Of Visible Light
GO:0015919,Peroxisomal Membrane Transport
GO:0036003,Positive Regulation Of Transcription From RNA Polymerase II Promoter In Response To Stress
GO:0090043,Regulation Of Tubulin Deacetylation
GO:0086005,Ventricular Cardiac Muscle Cell Action Potential
GO:2001235,Positive Regulation Of Apoptotic Signaling Pathway
GO:0055092,Sterol Homeostasis
GO:0014074,Response To Purine-Containing Compound
GO:0007043,Cell-Cell Junction Assembly
GO:0002237,Response To Molecule Of Bacterial Origin
GO:0031325,Positive Regulation Of Cellular Metabolic Process
GO:0036092,Phosphatidylinositol-3-Phosphate Biosynthetic Process
GO:0098911,Regulation Of Ventricular Cardiac Muscle Cell Action Potential
GO:0048384,Retinoic Acid Receptor Signaling Pathway
GO:0051603,Proteolysis Involved In Protein Catabolic Process
GO:0045088,Regulation Of Innate Immune Response
GO:0035518,Histone H2A Monoubiquitination
GO:0086013,Membrane Repolarization During Cardiac Muscle Cell Action Potential
GO:0051349,Positive Regulation Of Lyase Activity
GO:1904874,Positive Regulation Of Telomerase RNA Localization To Cajal Body
GO:0035994,Response To Muscle Stretch
GO:0006743,Ubiquinone Metabolic Process
GO:0035088,Establishment Or Maintenance Of Apical/Basal Cell Polarity
GO:0032770,Positive Regulation Of Monooxygenase Activity
GO:0010833,Telomere Maintenance Via Telomere Lengthening
GO:0098656,Monoatomic Anion Transmembrane Transport
GO:0097191,Extrinsic Apoptotic Signaling Pathway
GO:0009893,Positive Regulation Of Metabolic Process
GO:0044843,Cell Cycle G1/S Phase Transition
GO:0006278,RNA-templated DNA Biosynthetic Process
GO:0006783,Heme Biosynthetic Process
GO:0031062,Positive Regulation Of Histone Methylation
GO:0007004,Telomere Maintenance Via Telomerase
GO:0045787,Positive Regulation Of Cell Cycle
GO:0010543,Regulation Of Platelet Activation
GO:0010942,Positive Regulation Of Cell Death
GO:0032648,Regulation Of Interferon-Beta Production
GO:0008033,tRNA Processing
GO:0071260,Cellular Response To Mechanical Stimulus
GO:0043524,Negative Regulation Of Neuron Apoptotic Process
GO:0000462,"Maturation Of SSU-rRNA From Tricistronic rRNA Transcript (SSU-rRNA, 5.8S rRNA, LSU-rRNA)"
GO:0043266,Regulation Of Potassium Ion Transport
GO:0043536,Positive Regulation Of Blood Vessel Endothelial Cell Migration
GO:0016925,Protein Sumoylation
GO:0006900,Vesicle Budding From Membrane
GO:1904018,Positive Regulation Of Vasculature Development
GO:0042632,Cholesterol Homeostasis
GO:0010507,Negative Regulation Of Autophagy
GO:0070374,Positive Regulation Of ERK1 And ERK2 Cascade
GO:0048754,Branching Morphogenesis Of An Epithelial Tube
GO:0042149,Cellular Response To Glucose Starvation
GO:1901617,Organic Hydroxy Compound Biosynthetic Process
GO:0032088,Negative Regulation Of NF-kappaB Transcription Factor Activity
GO:1904646,Cellular Response To Amyloid-Beta
GO:1903522,Regulation Of Blood Circulation
GO:0003176,Aortic Valve Development
GO:0022408,Negative Regulation Of Cell-Cell Adhesion
GO:1902808,Positive Regulation Of Cell Cycle G1/S Phase Transition
GO:0043270,Positive Regulation Of Monoatomic Ion Transport
GO:0071248,Cellular Response To Metal Ion
GO:0097746,Blood Vessel Diameter Maintenance
GO:0009063,Amino Acid Catabolic Process
GO:1904036,Negative Regulation Of Epithelial Cell Apoptotic Process
GO:0042306,Regulation Of Protein Import Into Nucleus
GO:0010594,Regulation Of Endothelial Cell Migration
GO:1902893,Regulation Of miRNA Transcription
GO:2001237,Negative Regulation Of Extrinsic Apoptotic Signaling Pathway
GO:0031326,Regulation Of Cellular Biosynthetic Process
GO:0007423,Sensory Organ Development
GO:0055074,Calcium Ion Homeostasis
GO:0051129,Negative Regulation Of Cellular Component Organization
GO:1905477,Positive Regulation Of Protein Localization To Membrane
GO:0032868,Response To Insulin
GO:0006270,DNA Replication Initiation
GO:0006779,Porphyrin-Containing Compound Biosynthetic Process
GO:0090090,Negative Regulation Of Canonical Wnt Signaling Pathway
GO:0051897,Positive Regulation Of Protein Kinase B Signaling
GO:0009152,Purine Ribonucleotide Biosynthetic Process
GO:0045859,Regulation Of Protein Kinase Activity
GO:0031398,Positive Regulation Of Protein Ubiquitination
GO:0045598,Regulation Of Fat Cell Differentiation
GO:0198738,Cell-Cell Signaling By Wnt
GO:0003197,Endocardial Cushion Development
GO:0061008,Hepaticobiliary System Development
GO:0002285,Lymphocyte Activation Involved In Immune Response
GO:0046605,Regulation Of Centrosome Cycle
GO:0032874,Positive Regulation Of Stress-Activated MAPK Cascade
GO:0031623,Receptor Internalization
GO:0060548,Negative Regulation Of Cell Death
GO:0042325,Regulation Of Phosphorylation
GO:0006814,Sodium Ion Transport
GO:0006635,Fatty Acid Beta-Oxidation
GO:0006631,Fatty Acid Metabolic Process
GO:0071560,Cellular Response To Transforming Growth Factor Beta Stimulus
GO:0006406,mRNA Export From Nucleus
GO:0033673,Negative Regulation Of Kinase Activity
GO:0003161,Cardiac Conduction System Development
GO:1901796,Regulation Of Signal Transduction By P53 Class Mediator
GO:0010243,Response To Organonitrogen Compound
GO:1902652,Secondary Alcohol Metabolic Process
GO:0071901,Negative Regulation Of Protein Serine/Threonine Kinase Activity
GO:0032465,Regulation Of Cytokinesis
GO:0006397,mRNA Processing
GO:0030101,Natural Killer Cell Activation
GO:0002286,T Cell Activation Involved In Immune Response
GO:0048013,Ephrin Receptor Signaling Pathway
GO:0070169,Positive Regulation Of Biomineral Tissue Development
GO:0016558,Protein Import Into Peroxisome Matrix
GO:1901606,Alpha-Amino Acid Catabolic Process
GO:0035633,Maintenance Of Blood-Brain Barrier
GO:0002009,Morphogenesis Of An Epithelium
GO:1901362,Organic Cyclic Compound Biosynthetic Process
GO:0034765,Regulation Of Monoatomic Ion Transmembrane Transport
GO:0006942,Regulation Of Striated Muscle Contraction
GO:0006303,Double-Strand Break Repair Via Nonhomologous End Joining
GO:0150063,Visual System Development
GO:1901214,Regulation Of Neuron Death
GO:0050764,Regulation Of Phagocytosis
GO:0071358,Cellular Response To Type III Interferon
GO:0034058,Endosomal Vesicle Fusion
GO:0044154,Histone H3-K14 Acetylation
GO:0048009,Insulin-Like Growth Factor Receptor Signaling Pathway
GO:1903599,Positive Regulation Of Autophagy Of Mitochondrion
GO:1990440,Positive Regulation Of Transcription From RNA Polymerase II Promoter In Response To Endoplasmic Reticulum Stress
GO:1905664,Regulation Of Calcium Ion Import Across Plasma Membrane
GO:0070203,Regulation Of Establishment Of Protein Localization To Telomere
GO:0038196,Type III Interferon-Mediated Signaling Pathway
GO:0097576,Vacuole Fusion
GO:0072594,Establishment Of Protein Localization To Organelle
GO:0009057,Macromolecule Catabolic Process
GO:0071875,Adrenergic Receptor Signaling Pathway
GO:0007042,Lysosomal Lumen Acidification
GO:0051457,Maintenance Of Protein Location In Nucleus
GO:1902410,Mitotic Cytokinetic Process
GO:0051984,Positive Regulation Of Chromosome Segregation
GO:2000059,Negative Regulation Of Ubiquitin-Dependent Protein Catabolic Process
GO:2001244,Positive Regulation Of Intrinsic Apoptotic Signaling Pathway
GO:0045428,Regulation Of Nitric Oxide Biosynthetic Process
GO:0051180,Vitamin Transport
GO:0031346,Positive Regulation Of Cell Projection Organization
GO:0044087,Regulation Of Cellular Component Biogenesis
GO:0000387,Spliceosomal snRNP Assembly
GO:0048017,Inositol Lipid-Mediated Signaling
GO:0051973,Positive Regulation Of Telomerase Activity
GO:0001706,Endoderm Formation
GO:2000772,Regulation Of Cellular Senescence
GO:0002028,Regulation Of Sodium Ion Transport
GO:0048699,Generation Of Neurons
GO:2000377,Regulation Of Reactive Oxygen Species Metabolic Process
GO:0006405,RNA Export From Nucleus
GO:0031329,Regulation Of Cellular Catabolic Process
GO:0007190,Activation Of Adenylate Cyclase Activity
GO:0006536,Glutamate Metabolic Process
GO:0035108,Limb Morphogenesis
GO:1904707,Positive Regulation Of Vascular Associated Smooth Muscle Cell Proliferation
GO:0060043,Regulation Of Cardiac Muscle Cell Proliferation
GO:0033198,Response To ATP
GO:0042908,Xenobiotic Transport
GO:0043648,Dicarboxylic Acid Metabolic Process
GO:0006879,Intracellular Iron Ion Homeostasis
GO:0044089,Positive Regulation Of Cellular Component Biogenesis
GO:2000379,Positive Regulation Of Reactive Oxygen Species Metabolic Process
GO:2001242,Regulation Of Intrinsic Apoptotic Signaling Pathway
GO:0051260,Protein Homooligomerization
GO:0006605,Protein Targeting
GO:0043122,Regulation Of I-kappaB kinase/NF-kappaB Signaling
GO:1900181,Negative Regulation Of Protein Localization To Nucleus
GO:0034472,snRNA 3'-End Processing
GO:0048145,Regulation Of Fibroblast Proliferation
GO:0032092,Positive Regulation Of Protein Binding
GO:0010558,Negative Regulation Of Macromolecule Biosynthetic Process
GO:0043588,Skin Development
GO:0009081,Branched-Chain Amino Acid Metabolic Process
GO:0052695,Cellular Glucuronidation
GO:0019585,Glucuronate Metabolic Process
GO:0061952,Midbody Abscission
GO:0045945,Positive Regulation Of Transcription By RNA Polymerase III
GO:0040014,Regulation Of Multicellular Organism Growth
GO:1901655,Cellular Response To Ketone
GO:0072655,Establishment Of Protein Localization To Mitochondrion
GO:0006812,Monoatomic Cation Transport
GO:2000058,Regulation Of Ubiquitin-Dependent Protein Catabolic Process
GO:0051403,Stress-Activated MAPK Cascade
GO:0038094,Fc-gamma Receptor Signaling Pathway
GO:0006775,Fat-Soluble Vitamin Metabolic Process
GO:0051246,Regulation Of Protein Metabolic Process
GO:0071310,Cellular Response To Organic Substance
GO:0061512,Protein Localization To Cilium
GO:0006110,Regulation Of Glycolytic Process
GO:0062012,Regulation Of Small Molecule Metabolic Process
GO:0051966,"Regulation Of Synaptic Transmission, Glutamatergic"
GO:0019933,cAMP-mediated Signaling
GO:0043010,Camera-Type Eye Development
GO:0031571,Mitotic G1 DNA Damage Checkpoint Signaling
GO:0043552,Positive Regulation Of Phosphatidylinositol 3-Kinase Activity
GO:0045637,Regulation Of Myeloid Cell Differentiation
GO:0000086,G2/M Transition Of Mitotic Cell Cycle
GO:0032480,Negative Regulation Of Type I Interferon Production
GO:0030501,Positive Regulation Of Bone Mineralization
GO:0009968,Negative Regulation Of Signal Transduction
GO:0030330,"DNA Damage Response, Signal Transduction By P53 Class Mediator"
GO:2000273,Positive Regulation Of Signaling Receptor Activity
GO:0031648,Protein Destabilization
GO:0098901,Regulation Of Cardiac Muscle Cell Action Potential
GO:0042060,Wound Healing
GO:0007007,Inner Mitochondrial Membrane Organization
GO:0010959,Regulation Of Metal Ion Transport
GO:0043551,Regulation Of Phosphatidylinositol 3-Kinase Activity
GO:0045815,Transcription Initiation-Coupled Chromatin Remodeling
GO:0032392,DNA Geometric Change
GO:0002220,Innate Immune Response Activating Cell Surface Receptor Signaling Pathway
GO:0043507,Positive Regulation Of JUN Kinase Activity
GO:0090218,Positive Regulation Of Lipid Kinase Activity
GO:0010743,Regulation Of Macrophage Derived Foam Cell Differentiation
GO:0050796,Regulation Of Insulin Secretion
GO:0060972,Left/Right Pattern Formation
GO:0051310,Metaphase Plate Congression
GO:0032872,Regulation Of Stress-Activated MAPK Cascade
GO:0010976,Positive Regulation Of Neuron Projection Development
GO:0071897,DNA Biosynthetic Process
GO:0007213,G Protein-Coupled Acetylcholine Receptor Signaling Pathway
GO:0009083,Branched-Chain Amino Acid Catabolic Process
GO:0030219,Megakaryocyte Differentiation
GO:2000773,Negative Regulation Of Cellular Senescence
GO:0000291,"Nuclear-Transcribed mRNA Catabolic Process, Exonucleolytic"
GO:0045761,Regulation Of Adenylate Cyclase Activity
GO:0008630,Intrinsic Apoptotic Signaling Pathway In Response To DNA Damage
GO:2000630,Positive Regulation Of miRNA Metabolic Process
GO:0030182,Neuron Differentiation
GO:0050766,Positive Regulation Of Phagocytosis
GO:0070914,UV-damage Excision Repair
GO:0008344,Adult Locomotory Behavior
GO:0086014,Atrial Cardiac Muscle Cell Action Potential
GO:0006287,"Base-Excision Repair, Gap-Filling"
GO:0043928,Exonucleolytic Catabolism Of Deadenylated mRNA
GO:0030851,Granulocyte Differentiation
GO:0043984,Histone H4-K16 Acetylation
GO:0035542,Regulation Of SNARE Complex Assembly
GO:0015031,Protein Transport
GO:0032880,Regulation Of Protein Localization
GO:0030177,Positive Regulation Of Wnt Signaling Pathway
GO:0046578,Regulation Of Ras Protein Signal Transduction
GO:0032663,Regulation Of Interleukin-2 Production
GO:0061041,Regulation Of Wound Healing
GO:0061795,Golgi Lumen Acidification
GO:0034333,Adherens Junction Assembly
GO:0061763,Multivesicular Body-Lysosome Fusion
GO:0071028,Nuclear mRNA Surveillance
GO:1904851,Positive Regulation Of Establishment Of Protein Localization To Telomere
GO:0002053,Positive Regulation Of Mesenchymal Cell Proliferation
GO:0045050,Protein Insertion Into ER Membrane By Stop-Transfer Membrane-Anchor Sequence
GO:0000722,Telomere Maintenance Via Recombination
GO:0090657,Telomeric Loop Disassembly
GO:0051469,Vesicle Fusion With Vacuole
GO:0007517,Muscle Organ Development
GO:0008203,Cholesterol Metabolic Process
GO:0048812,Neuron Projection Morphogenesis
GO:0007368,Determination Of Left/Right Symmetry
GO:0031323,Regulation Of Cellular Metabolic Process
GO:0051170,Import Into Nucleus
GO:0006469,Negative Regulation Of Protein Kinase Activity
GO:0120034,Positive Regulation Of Plasma Membrane Bounded Cell Projection Assembly
GO:0006897,Endocytosis
GO:0034314,Arp2/3 Complex-Mediated Actin Nucleation
GO:0071870,Cellular Response To Catecholamine Stimulus
GO:0042417,Dopamine Metabolic Process
GO:0000083,Regulation Of Transcription Involved In G1/S Transition Of Mitotic Cell Cycle
GO:0032147,Activation Of Protein Kinase Activity
GO:2001257,Regulation Of Cation Channel Activity
GO:0042509,Regulation Of Tyrosine Phosphorylation Of STAT Protein
GO:1902895,Positive Regulation Of miRNA Transcription
GO:0048762,Mesenchymal Cell Differentiation
GO:1903322,Positive Regulation Of Protein Modification By Small Protein Conjugation Or Removal
GO:0022603,Regulation Of Anatomical Structure Morphogenesis
GO:0003203,Endocardial Cushion Morphogenesis
GO:0030225,Macrophage Differentiation
GO:0032727,Positive Regulation Of Interferon-Alpha Production
GO:0016073,snRNA Metabolic Process
GO:0120036,Plasma Membrane Bounded Cell Projection Organization
GO:0070828,Heterochromatin Organization
GO:0000288,"Nuclear-Transcribed mRNA Catabolic Process, Deadenylation-Dependent Decay"
GO:0032781,Positive Regulation Of ATP-dependent Activity
GO:0060236,Regulation Of Mitotic Spindle Organization
GO:0006690,Icosanoid Metabolic Process
GO:0048585,Negative Regulation Of Response To Stimulus
GO:0023056,Positive Regulation Of Signaling
GO:0045010,Actin Nucleation
GO:0010592,Positive Regulation Of Lamellipodium Assembly
GO:0055075,Potassium Ion Homeostasis
GO:0010611,Regulation Of Cardiac Muscle Hypertrophy
GO:1903844,Regulation Of Cellular Response To Transforming Growth Factor Beta Stimulus
GO:0032673,Regulation Of Interleukin-4 Production
GO:0010720,Positive Regulation Of Cell Development
GO:0060078,Regulation Of Postsynaptic Membrane Potential
GO:0007080,Mitotic Metaphase Plate Congression
GO:0051050,Positive Regulation Of Transport
GO:0006090,Pyruvate Metabolic Process
GO:0042255,Ribosome Assembly
GO:0001656,Metanephros Development
GO:0032743,Positive Regulation Of Interleukin-2 Production
GO:0033146,Regulation Of Intracellular Estrogen Receptor Signaling Pathway
GO:0006891,intra-Golgi Vesicle-Mediated Transport
GO:0045747,Positive Regulation Of Notch Signaling Pathway
GO:0010591,Regulation Of Lamellipodium Assembly
GO:1901379,Regulation Of Potassium Ion Transmembrane Transport
GO:0043162,Ubiquitin-Dependent Protein Catabolic Process Via The Multivesicular Body Sorting Pathway
GO:0001570,Vasculogenesis
GO:0090110,COPII-coated Vesicle Cargo Loading
GO:0001732,Formation Of Cytoplasmic Translation Initiation Complex
GO:0071715,Icosanoid Transport
GO:0006312,Mitotic Recombination
GO:0046823,Negative Regulation Of Nucleocytoplasmic Transport
GO:0035066,Positive Regulation Of Histone Acetylation
GO:0045346,Regulation Of MHC Class II Biosynthetic Process
GO:0042659,Regulation Of Cell Fate Specification
GO:0099116,tRNA 5'-End Processing
GO:0055008,Cardiac Muscle Tissue Morphogenesis
GO:0098815,Modulation Of Excitatory Postsynaptic Potential
GO:2000279,Negative Regulation Of DNA Biosynthetic Process
GO:0033144,Negative Regulation Of Intracellular Steroid Hormone Receptor Signaling Pathway
GO:1900087,Positive Regulation Of G1/S Transition Of Mitotic Cell Cycle
GO:0010824,Regulation Of Centrosome Duplication
GO:0002831,Regulation Of Response To Biotic Stimulus
GO:0045048,Protein Insertion Into ER Membrane
GO:0048638,Regulation Of Developmental Growth
GO:0090169,Regulation Of Spindle Assembly
GO:0031333,Negative Regulation Of Protein-Containing Complex Assembly
GO:0001818,Negative Regulation Of Cytokine Production
GO:0030307,Positive Regulation Of Cell Growth
GO:0006401,RNA Catabolic Process
GO:0032869,Cellular Response To Insulin Stimulus
GO:0009749,Response To Glucose
GO:0001764,Neuron Migration
GO:0060348,Bone Development
GO:0032091,Negative Regulation Of Protein Binding
GO:0031669,Cellular Response To Nutrient Levels
GO:0097202,Activation Of Cysteine-Type Endopeptidase Activity
GO:0035720,Intraciliary Anterograde Transport
GO:0086012,Membrane Depolarization During Cardiac Muscle Cell Action Potential
GO:0055023,Positive Regulation Of Cardiac Muscle Tissue Growth
GO:0006625,Protein Targeting To Peroxisome
GO:1901096,Regulation Of Autophagosome Maturation
GO:0072091,Regulation Of Stem Cell Proliferation
GO:0007519,Skeletal Muscle Tissue Development
GO:0043484,Regulation Of RNA Splicing
GO:0050730,Regulation Of Peptidyl-Tyrosine Phosphorylation
GO:0051289,Protein Homotetramerization
GO:0016055,Wnt Signaling Pathway
GO:0044839,Cell Cycle G2/M Phase Transition
GO:0045197,Establishment Or Maintenance Of Epithelial Cell Apical/Basal Polarity
GO:0048854,Brain Morphogenesis
GO:0050962,Detection Of Light Stimulus Involved In Sensory Perception
GO:0050908,Detection Of Light Stimulus Involved In Visual Perception
GO:0048388,Endosomal Lumen Acidification
GO:0097212,Lysosomal Membrane Organization
GO:1901380,Negative Regulation Of Potassium Ion Transmembrane Transport
GO:0070423,Nucleotide-Binding Oligomerization Domain Containing Signaling Pathway
GO:1901361,Organic Cyclic Compound Catabolic Process
GO:1904177,Regulation Of Adipose Tissue Development
GO:1903649,Regulation Of Cytoplasmic Transport
GO:0097264,Self Proteolysis
GO:0031126,sno(s)RNA 3'-End Processing
GO:0051259,Protein Complex Oligomerization
GO:0061448,Connective Tissue Development
GO:0051650,Establishment Of Vesicle Localization
GO:0072595,Maintenance Of Protein Localization In Organelle
GO:0032400,Melanosome Localization
GO:1904951,Positive Regulation Of Establishment Of Protein Localization
GO:2000001,Regulation Of DNA Damage Checkpoint
GO:0002819,Regulation Of Adaptive Immune Response
GO:1902749,Regulation Of Cell Cycle G2/M Phase Transition
GO:0030856,Regulation Of Epithelial Cell Differentiation
GO:0060307,Regulation Of Ventricular Cardiac Muscle Cell Membrane Repolarization
GO:0070293,Renal Absorption
GO:0043409,Negative Regulation Of MAPK Cascade
GO:0050671,Positive Regulation Of Lymphocyte Proliferation
GO:0009966,Regulation Of Signal Transduction
GO:0051898,Negative Regulation Of Protein Kinase B Signaling
GO:0051283,Negative Regulation Of Sequestering Of Calcium Ion
GO:0045646,Regulation Of Erythrocyte Differentiation
GO:0099177,Regulation Of Trans-Synaptic Signaling
GO:0030218,Erythrocyte Differentiation
GO:0051962,Positive Regulation Of Nervous System Development
GO:0010822,Positive Regulation Of Mitochondrion Organization
GO:0071333,Cellular Response To Glucose Stimulus
GO:0070301,Cellular Response To Hydrogen Peroxide
GO:0045943,Positive Regulation Of Transcription By RNA Polymerase I
GO:0006623,Protein Targeting To Vacuole
GO:0038096,Fc-gamma Receptor Signaling Pathway Involved In Phagocytosis
GO:0032469,Endoplasmic Reticulum Calcium Ion Homeostasis
GO:0007214,Gamma-Aminobutyric Acid Signaling Pathway
GO:0001707,Mesoderm Formation
GO:0032986,protein-DNA Complex Disassembly
GO:0010882,Regulation Of Cardiac Muscle Contraction By Calcium Ion Signaling
GO:0003254,Regulation Of Membrane Depolarization
GO:1901673,Regulation Of Mitotic Spindle Assembly
GO:0030178,Negative Regulation Of Wnt Signaling Pathway
GO:0086069,Bundle Of His Cell To Purkinje Myocyte Communication
GO:0160063,Multi-Pass Transmembrane Protein Insertion Into ER Membrane
GO:1903204,Negative Regulation Of Oxidative Stress-Induced Neuron Death
GO:1905665,Positive Regulation Of Calcium Ion Import Across Plasma Membrane
GO:0072527,Pyrimidine-Containing Compound Metabolic Process
GO:0000301,"Retrograde Transport, Vesicle Recycling Within Golgi"
GO:0090596,Sensory Organ Morphogenesis
GO:0016447,Somatic Recombination Of Immunoglobulin Gene Segments
GO:0007260,Tyrosine Phosphorylation Of STAT Protein
GO:0001952,Regulation Of Cell-Matrix Adhesion
GO:0006606,Protein Import Into Nucleus
GO:0048661,Positive Regulation Of Smooth Muscle Cell Proliferation
GO:0031507,Heterochromatin Formation
GO:0007006,Mitochondrial Membrane Organization
GO:0045599,Negative Regulation Of Fat Cell Differentiation
GO:0001843,Neural Tube Closure
GO:0009205,Purine Ribonucleoside Triphosphate Metabolic Process
GO:1901019,Regulation Of Calcium Ion Transmembrane Transporter Activity
GO:0010874,Regulation Of Cholesterol Efflux
GO:0044773,Mitotic DNA Damage Checkpoint Signaling
GO:0002431,Fc Receptor Mediated Stimulatory Signaling Pathway
GO:0010875,Positive Regulation Of Cholesterol Efflux
GO:1904353,Regulation Of Telomere Capping
GO:0010332,Response To Gamma Radiation
GO:0036257,Multivesicular Body Organization
GO:1901020,Negative Regulation Of Calcium Ion Transmembrane Transporter Activity
GO:0009855,Determination Of Bilateral Symmetry
GO:0060173,Limb Development
GO:0042471,Ear Morphogenesis
GO:0071985,Multivesicular Body Sorting Pathway
GO:0032413,Negative Regulation Of Ion Transmembrane Transporter Activity
GO:0003148,Outflow Tract Septum Morphogenesis
GO:0046627,Negative Regulation Of Insulin Receptor Signaling Pathway
GO:0045648,Positive Regulation Of Erythrocyte Differentiation
GO:0032647,Regulation Of Interferon-Alpha Production
GO:0015850,Organic Hydroxy Compound Transport
GO:0031399,Regulation Of Protein Modification Process
GO:0050806,Positive Regulation Of Synaptic Transmission
GO:0032446,Protein Modification By Small Protein Conjugation
GO:0032007,Negative Regulation Of TOR Signaling
GO:0031397,Negative Regulation Of Protein Ubiquitination
GO:0051781,Positive Regulation Of Cell Division
GO:0043506,Regulation Of JUN Kinase Activity
GO:0016050,Vesicle Organization
GO:1901890,Positive Regulation Of Cell Junction Assembly
GO:0006613,Cotranslational Protein Targeting To Membrane
GO:0070102,Interleukin-6-Mediated Signaling Pathway
GO:0032042,Mitochondrial DNA Metabolic Process
GO:0060045,Positive Regulation Of Cardiac Muscle Cell Proliferation
GO:0097479,Synaptic Vesicle Localization
GO:0019369,Arachidonic Acid Metabolic Process
GO:0032496,Response To Lipopolysaccharide
GO:0032886,Regulation Of Microtubule-Based Process
GO:1990928,Response To Amino Acid Starvation
GO:1903076,Regulation Of Protein Localization To Plasma Membrane
GO:0043009,Chordate Embryonic Development
GO:0045862,Positive Regulation Of Proteolysis
GO:1904062,Regulation Of Monoatomic Cation Transmembrane Transport
GO:0051209,Release Of Sequestered Calcium Ion Into Cytosol
GO:0007005,Mitochondrion Organization
GO:0007052,Mitotic Spindle Organization
GO:0034250,Positive Regulation Of Amide Metabolic Process
GO:1901800,Positive Regulation Of Proteasomal Protein Catabolic Process
GO:0042692,Muscle Cell Differentiation
GO:0050691,Regulation Of Defense Response To Virus By Host
GO:0030278,Regulation Of Ossification
GO:1900744,Regulation Of p38MAPK Cascade
GO:0099504,Synaptic Vesicle Cycle
GO:0003281,Ventricular Septum Development
GO:0051604,Protein Maturation
GO:0006396,RNA Processing
GO:0008610,Lipid Biosynthetic Process
GO:0010038,Response To Metal Ion
GO:0043029,T Cell Homeostasis
GO:0032402,Melanosome Transport
GO:1904063,Negative Regulation Of Cation Transmembrane Transport
GO:0030857,Negative Regulation Of Epithelial Cell Differentiation
GO:0051904,Pigment Granule Transport
GO:0043268,Positive Regulation Of Potassium Ion Transport
GO:0032925,Regulation Of Activin Receptor Signaling Pathway
GO:0042311,Vasodilation
GO:2000060,Positive Regulation Of Ubiquitin-Dependent Protein Catabolic Process
GO:0032103,Positive Regulation Of Response To External Stimulus
GO:0019319,Hexose Biosynthetic Process
GO:0070527,Platelet Aggregation
GO:0032755,Positive Regulation Of Interleukin-6 Production
GO:0030239,Myofibril Assembly
GO:0034661,ncRNA Catabolic Process
GO:0051254,Positive Regulation Of RNA Metabolic Process
GO:0045444,Fat Cell Differentiation
GO:0061640,Cytoskeleton-Dependent Cytokinesis
GO:1902176,Negative Regulation Of Oxidative Stress-Induced Intrinsic Apoptotic Signaling Pathway
GO:0010613,Positive Regulation Of Cardiac Muscle Hypertrophy
GO:0061036,Positive Regulation Of Cartilage Development
GO:0010460,Positive Regulation Of Heart Rate
GO:2000758,Positive Regulation Of Peptidyl-Lysine Acetylation
GO:1901381,Positive Regulation Of Potassium Ion Transmembrane Transport
GO:0051057,Positive Regulation Of Small GTPase Mediated Signal Transduction
GO:0090329,Regulation Of DNA-templated DNA Replication
GO:0043457,Regulation Of Cellular Respiration
GO:0000028,Ribosomal Small Subunit Assembly
GO:0008380,RNA Splicing
GO:0032376,Positive Regulation Of Cholesterol Transport
GO:0071168,Protein Localization To Chromatin
GO:0032355,Response To Estradiol
GO:0000018,Regulation Of DNA Recombination
GO:0008406,Gonad Development
GO:0046425,Regulation Of Receptor Signaling Pathway Via JAK-STAT
GO:0051100,Negative Regulation Of Binding
GO:0032774,RNA Biosynthetic Process
GO:0000132,Establishment Of Mitotic Spindle Orientation
GO:0140467,Integrated Stress Response Signaling
GO:0036258,Multivesicular Body Assembly
GO:0006473,Protein Acetylation
GO:0007035,Vacuolar Acidification
GO:0031330,Negative Regulation Of Cellular Catabolic Process
GO:0050767,Regulation Of Neurogenesis
GO:0006614,SRP-dependent Cotranslational Protein Targeting To Membrane
GO:0099622,Cardiac Muscle Cell Membrane Repolarization
GO:0071350,Cellular Response To Interleukin-15
GO:0035113,Embryonic Appendage Morphogenesis
GO:1904019,Epithelial Cell Apoptotic Process
GO:0033539,Fatty Acid Beta-Oxidation Using acyl-CoA Dehydrogenase
GO:0001325,Formation Of Extrachromosomal Circular DNA
GO:0035723,Interleukin-15-Mediated Signaling Pathway
GO:0035855,Megakaryocyte Development
GO:1902969,Mitotic DNA Replication
GO:0071027,Nuclear RNA Surveillance
GO:0045579,Positive Regulation Of B Cell Differentiation
GO:0045348,Positive Regulation Of MHC Class II Biosynthetic Process
GO:1904871,Positive Regulation Of Protein Localization To Cajal Body
GO:0009206,Purine Ribonucleoside Triphosphate Biosynthetic Process
GO:1904869,Regulation Of Protein Localization To Cajal Body
GO:0048489,Synaptic Vesicle Transport
GO:0090656,T-Circle Formation
GO:0090737,Telomere Maintenance Via Telomere Trimming
GO:1990858,Cellular Response To Lectin
GO:0048592,Eye Morphogenesis
GO:0005977,Glycogen Metabolic Process
GO:0007064,Mitotic Sister Chromatid Cohesion
GO:0051402,Neuron Apoptotic Process
GO:0016075,rRNA Catabolic Process
GO:1903146,Regulation Of Autophagy Of Mitochondrion
GO:2000641,Regulation Of Early Endosome To Late Endosome Transport
GO:0016180,snRNA Processing
GO:0120178,Steroid Hormone Biosynthetic Process
GO:0002223,Stimulatory C-type Lectin Receptor Signaling Pathway
GO:0051252,Regulation Of RNA Metabolic Process
GO:0001701,In Utero Embryonic Development
GO:0061515,Myeloid Cell Development
GO:1900077,Negative Regulation Of Cellular Response To Insulin Stimulus
GO:0045429,Positive Regulation Of Nitric Oxide Biosynthetic Process
GO:0006515,Protein Quality Control For Misfolded Or Incompletely Synthesized Proteins
GO:2001239,Regulation Of Extrinsic Apoptotic Signaling Pathway In Absence Of Ligand
GO:0035249,"Synaptic Transmission, Glutamatergic"
GO:0000079,Regulation Of Cyclin-Dependent Protein Serine/Threonine Kinase Activity
GO:0006906,Vesicle Fusion
GO:0031570,DNA Integrity Checkpoint Signaling
GO:0034198,Cellular Response To Amino Acid Starvation
GO:1904427,Positive Regulation Of Calcium Ion Transmembrane Transport
GO:0031145,Anaphase-Promoting Complex-Dependent Catabolic Process
GO:2000042,Negative Regulation Of Double-Strand Break Repair Via Homologous Recombination
GO:0001778,Plasma Membrane Repair
GO:1901798,Positive Regulation Of Signal Transduction By P53 Class Mediator
GO:2000679,Positive Regulation Of Transcription Regulatory Region DNA Binding
GO:0019218,Regulation Of Steroid Metabolic Process
GO:0006695,Cholesterol Biosynthetic Process
GO:0051055,Negative Regulation Of Lipid Biosynthetic Process
GO:0045879,Negative Regulation Of Smoothened Signaling Pathway
GO:1904357,Negative Regulation Of Telomere Maintenance Via Telomere Lengthening
GO:1901987,Regulation Of Cell Cycle Phase Transition
GO:0055078,Sodium Ion Homeostasis
GO:0060395,SMAD Protein Signal Transduction
GO:1904377,Positive Regulation Of Protein Localization To Cell Periphery
GO:1903078,Positive Regulation Of Protein Localization To Plasma Membrane
GO:0060840,Artery Development
GO:0015721,Bile Acid And Bile Salt Transport
GO:0043153,Entrainment Of Circadian Clock By Photoperiod
GO:1903202,Negative Regulation Of Oxidative Stress-Induced Cell Death
GO:0007162,Negative Regulation Of Cell Adhesion
GO:0007179,Transforming Growth Factor Beta Receptor Signaling Pathway
GO:0051028,mRNA Transport
GO:1903828,Negative Regulation Of Protein Localization
GO:0048667,Cell Morphogenesis Involved In Neuron Differentiation
GO:0046330,Positive Regulation Of JNK Cascade
GO:2001234,Negative Regulation Of Apoptotic Signaling Pathway
GO:2001259,Positive Regulation Of Cation Channel Activity
GO:0046928,Regulation Of Neurotransmitter Secretion
GO:0043062,Extracellular Structure Organization
GO:0032675,Regulation Of Interleukin-6 Production
GO:0034475,U4 snRNA 3'-End Processing
GO:0007197,Adenylate Cyclase-Inhibiting G Protein-Coupled Acetylcholine Receptor Signaling Pathway
GO:0003300,Cardiac Muscle Hypertrophy
GO:0060973,Cell Migration Involved In Heart Development
GO:0071872,Cellular Response To Epinephrine Stimulus
GO:0071352,Cellular Response To Interleukin-2
GO:0060397,Growth Hormone Receptor Signaling Pathway Via JAK-STAT
GO:0035315,Hair Cell Differentiation
GO:0038110,Interleukin-2-Mediated Signaling Pathway
GO:0036289,Peptidyl-Serine Autophosphorylation
GO:1904179,Positive Regulation Of Adipose Tissue Development
GO:1905821,Positive Regulation Of Chromosome Condensation
GO:0060623,Regulation Of Chromosome Condensation
GO:0043300,Regulation Of Leukocyte Degranulation
GO:1901524,Regulation Of Mitophagy
GO:0071871,Response To Epinephrine
GO:0016446,Somatic Hypermutation Of Immunoglobulin Genes
GO:0070127,tRNA Aminoacylation For Mitochondrial Protein Translation
GO:0106354,tRNA Surveillance
GO:0061820,Telomeric D-loop Disassembly
GO:0044417,Translocation Of Molecules Into Host
GO:0099625,Ventricular Cardiac Muscle Cell Membrane Repolarization
GO:0034372,Very-Low-Density Lipoprotein Particle Remodeling
GO:0046784,Viral mRNA Export From Host Cell Nucleus
GO:0001837,Epithelial To Mesenchymal Transition
GO:1903321,Negative Regulation Of Protein Modification By Small Protein Conjugation Or Removal
GO:0030509,BMP Signaling Pathway
GO:2001243,Negative Regulation Of Intrinsic Apoptotic Signaling Pathway
GO:0032757,Positive Regulation Of Interleukin-8 Production
GO:0060393,Regulation Of Pathway-Restricted SMAD Protein Phosphorylation
GO:0033151,V(D)J Recombination
GO:0003228,Atrial Cardiac Muscle Tissue Development
GO:0060350,Endochondral Bone Morphogenesis
GO:0001738,Morphogenesis Of A Polarized Epithelium
GO:0043267,Negative Regulation Of Potassium Ion Transport
GO:0055062,Phosphate Ion Homeostasis
GO:0006787,Porphyrin-Containing Compound Catabolic Process
GO:1900264,Positive Regulation Of DNA-directed DNA Polymerase Activity
GO:0010765,Positive Regulation Of Sodium Ion Transport
GO:0015697,Quaternary Ammonium Group Transport
GO:1900262,Regulation Of DNA-directed DNA Polymerase Activity
GO:0030174,Regulation Of DNA-templated DNA Replication Initiation
GO:1905818,Regulation Of Chromosome Separation
GO:0043618,Regulation Of Transcription From RNA Polymerase II Promoter In Response To Stress
GO:0010039,Response To Iron Ion
GO:0001682,tRNA 5'-Leader Removal
GO:0019318,Hexose Metabolic Process
GO:0000956,Nuclear-Transcribed mRNA Catabolic Process
GO:0000077,DNA Damage Checkpoint Signaling
GO:0035924,Cellular Response To Vascular Endothelial Growth Factor Stimulus
GO:0002639,Positive Regulation Of Immunoglobulin Production
GO:0043627,Response To Estrogen
GO:0060284,Regulation Of Cell Development
GO:0140546,Defense Response To Symbiont
GO:0045229,External Encapsulating Structure Organization
GO:0038061,NIK/NF-kappaB Signaling
GO:0006094,Gluconeogenesis
GO:0055001,Muscle Cell Development
GO:0006356,Regulation Of Transcription By RNA Polymerase I
GO:0034762,Regulation Of Transmembrane Transport
GO:0060541,Respiratory System Development
GO:0001678,Intracellular Glucose Homeostasis
GO:0048705,Skeletal System Morphogenesis
GO:0007200,Phospholipase C-activating G Protein-Coupled Receptor Signaling Pathway
GO:0032436,Positive Regulation Of Proteasomal Ubiquitin-Dependent Protein Catabolic Process
GO:0090049,Regulation Of Cell Migration Involved In Sprouting Angiogenesis
GO:1901342,Regulation Of Vasculature Development
GO:0070849,Response To Epidermal Growth Factor
GO:0034249,Negative Regulation Of Amide Metabolic Process
GO:0001936,Regulation Of Endothelial Cell Proliferation
GO:0060349,Bone Morphogenesis
GO:0071318,Cellular Response To ATP
GO:0050974,Detection Of Mechanical Stimulus Involved In Sensory Perception
GO:0048701,Embryonic Cranial Skeleton Morphogenesis
GO:0042158,Lipoprotein Biosynthetic Process
GO:0061180,Mammary Gland Epithelium Development
GO:0014904,Myotube Cell Development
GO:0006999,Nuclear Pore Organization
GO:1901522,Positive Regulation Of Transcription From RNA Polymerase II Promoter Involved In Cellular Response To Chemical Stimulus
GO:0032411,Positive Regulation Of Transporter Activity
GO:0051932,"Synaptic Transmission, GABAergic"
GO:0016233,Telomere Capping
GO:0034248,Regulation Of Amide Metabolic Process
GO:2001258,Negative Regulation Of Cation Channel Activity
GO:0048146,Positive Regulation Of Fibroblast Proliferation
GO:1904407,Positive Regulation Of Nitric Oxide Metabolic Process
GO:0120035,Regulation Of Plasma Membrane Bounded Cell Projection Organization
GO:0090313,Regulation Of Protein Targeting To Membrane
GO:0045927,Positive Regulation Of Growth
GO:0006354,DNA-templated Transcription Elongation
GO:0038093,Fc Receptor Signaling Pathway
GO:2000352,Negative Regulation Of Endothelial Cell Apoptotic Process
GO:0045833,Negative Regulation Of Lipid Metabolic Process
GO:0006359,Regulation Of Transcription By RNA Polymerase III
GO:0010574,Regulation Of Vascular Endothelial Growth Factor Production
GO:0048483,Autonomic Nervous System Development
GO:0032401,Establishment Of Melanosome Localization
GO:0003015,Heart Process
GO:0002758,Innate Immune Response-Activating Signaling Pathway
GO:0046426,Negative Regulation Of Receptor Signaling Pathway Via JAK-STAT
GO:0014742,Positive Regulation Of Muscle Hypertrophy
GO:2000310,Regulation Of NMDA Receptor Activity
GO:0050810,Regulation Of Steroid Biosynthetic Process
GO:0051051,Negative Regulation Of Transport
GO:0042476,Odontogenesis
GO:0048259,Regulation Of Receptor-Mediated Endocytosis
GO:0050678,Regulation Of Epithelial Cell Proliferation
GO:0010256,Endomembrane System Organization
GO:0070371,ERK1 And ERK2 Cascade
GO:1990000,Amyloid Fibril Formation
GO:0006835,Dicarboxylic Acid Transport
GO:0032509,Endosome Transport Via Multivesicular Body Sorting Pathway
GO:1903131,Mononuclear Cell Differentiation
GO:0009648,Photoperiodism
GO:1902751,Positive Regulation Of Cell Cycle G2/M Phase Transition
GO:1903846,Positive Regulation Of Cellular Response To Transforming Growth Factor Beta Stimulus
GO:0030511,Positive Regulation Of Transforming Growth Factor Beta Receptor Signaling Pathway
GO:1902653,Secondary Alcohol Biosynthetic Process
GO:0016070,RNA Metabolic Process
GO:0050982,Detection Of Mechanical Stimulus
GO:0006883,Intracellular Sodium Ion Homeostasis
GO:0072132,Mesenchyme Morphogenesis
GO:0007263,Nitric Oxide Mediated Signal Transduction
GO:0006337,Nucleosome Disassembly
GO:0045740,Positive Regulation Of DNA Replication
GO:0032753,Positive Regulation Of Interleukin-4 Production
GO:0031056,Regulation Of Histone Modification
GO:1902175,Regulation Of Oxidative Stress-Induced Intrinsic Apoptotic Signaling Pathway
GO:0046683,Response To Organophosphorus
GO:0099003,Vesicle-Mediated Transport In Synapse
GO:2001240,Negative Regulation Of Extrinsic Apoptotic Signaling Pathway In Absence Of Ligand
GO:1901099,Negative Regulation Of Signal Transduction In Absence Of Ligand
GO:0035065,Regulation Of Histone Acetylation
GO:0010880,Regulation Of Release Of Sequestered Calcium Ion Into Cytosol By Sarcoplasmic Reticulum
GO:0071392,Cellular Response To Estradiol Stimulus
GO:0071467,Cellular Response To pH
GO:0045445,Myoblast Differentiation
GO:0010518,Positive Regulation Of Phospholipase Activity
GO:0045664,Regulation Of Neuron Differentiation
GO:0032873,Negative Regulation Of Stress-Activated MAPK Cascade
GO:0002699,Positive Regulation Of Immune Effector Process
GO:0046427,Positive Regulation Of Receptor Signaling Pathway Via JAK-STAT
GO:0032653,Regulation Of Interleukin-10 Production
GO:0061013,Regulation Of mRNA Catabolic Process
GO:0097485,Neuron Projection Guidance
GO:2001236,Regulation Of Extrinsic Apoptotic Signaling Pathway
GO:0007032,Endosome Organization
GO:0032722,Positive Regulation Of Chemokine Production
GO:0061136,Regulation Of Proteasomal Protein Catabolic Process
GO:0071456,Cellular Response To Hypoxia
GO:0007160,Cell-Matrix Adhesion
GO:0050729,Positive Regulation Of Inflammatory Response
GO:0030855,Epithelial Cell Differentiation
GO:0007188,Adenylate Cyclase-Modulating G Protein-Coupled Receptor Signaling Pathway
GO:0031032,Actomyosin Structure Organization
GO:0051294,Establishment Of Spindle Orientation
GO:0045840,Positive Regulation Of Mitotic Nuclear Division
GO:0072330,Monocarboxylic Acid Biosynthetic Process
GO:0032680,Regulation Of Tumor Necrosis Factor Production
GO:0001961,Positive Regulation Of Cytokine-Mediated Signaling Pathway
GO:0046824,Positive Regulation Of Nucleocytoplasmic Transport
GO:0098664,G Protein-Coupled Serotonin Receptor Signaling Pathway
GO:0044571,[2Fe-2S] Cluster Assembly
GO:0015872,Dopamine Transport
GO:0048048,Embryonic Eye Morphogenesis
GO:0042276,Error-Prone Translesion Synthesis
GO:0042181,Ketone Biosynthetic Process
GO:0006264,Mitochondrial DNA Replication
GO:0033629,Negative Regulation Of Cell Adhesion Mediated By Integrin
GO:1900121,Negative Regulation Of Receptor Binding
GO:0042532,Negative Regulation Of Tyrosine Phosphorylation Of STAT Protein
GO:0034654,Nucleobase-Containing Compound Biosynthetic Process
GO:0018198,Peptidyl-Cysteine Modification
GO:0018394,Peptidyl-Lysine Acetylation
GO:1902680,Positive Regulation Of RNA Biosynthetic Process
GO:0031060,Regulation Of Histone Methylation
GO:0033006,Regulation Of Mast Cell Activation Involved In Immune Response
GO:0002886,Regulation Of Myeloid Leukocyte Mediated Immunity
GO:0034776,Response To Histamine
GO:0048745,Smooth Muscle Tissue Development
GO:0033013,Tetrapyrrole Metabolic Process
GO:0060333,Type II Interferon-Mediated Signaling Pathway
GO:0015698,Inorganic Anion Transport
GO:0014070,Response To Organic Cyclic Compound
GO:0061912,Selective Autophagy
GO:0043407,Negative Regulation Of MAP Kinase Activity
GO:0007600,Sensory Perception
GO:0019752,Carboxylic Acid Metabolic Process
GO:0032414,Positive Regulation Of Ion Transmembrane Transporter Activity
GO:0062013,Positive Regulation Of Small Molecule Metabolic Process
GO:0042326,Negative Regulation Of Phosphorylation
GO:0021762,Substantia Nigra Development
GO:0006892,post-Golgi Vesicle-Mediated Transport
GO:0022008,Neurogenesis
GO:0010862,Positive Regulation Of Pathway-Restricted SMAD Protein Phosphorylation
GO:0010646,Regulation Of Cell Communication
GO:0090263,Positive Regulation Of Canonical Wnt Signaling Pathway
GO:1902745,Positive Regulation Of Lamellipodium Organization
GO:1903052,Positive Regulation Of Proteolysis Involved In Protein Catabolic Process
GO:0090092,Regulation Of Transmembrane Receptor Protein Serine/Threonine Kinase Signaling Pathway
GO:0007189,Adenylate Cyclase-Activating G Protein-Coupled Receptor Signaling Pathway
GO:0036294,Cellular Response To Decreased Oxygen Levels
GO:1902117,Positive Regulation Of Organelle Assembly
GO:0045214,Sarcomere Organization
GO:0060606,Tube Closure
GO:0031400,Negative Regulation Of Protein Modification Process
GO:0006893,Golgi To Plasma Membrane Transport
GO:0032008,Positive Regulation Of TOR Signaling
GO:0010718,Positive Regulation Of Epithelial To Mesenchymal Transition
GO:0006513,Protein Monoubiquitination
GO:0042177,Negative Regulation Of Protein Catabolic Process
GO:0010717,Regulation Of Epithelial To Mesenchymal Transition
GO:0071773,Cellular Response To BMP Stimulus
GO:0000394,"RNA Splicing, Via Endonucleolytic Cleavage And Ligation"
GO:0000727,Double-Strand Break Repair Via Break-Induced Replication
GO:0060122,Inner Ear Receptor Cell Stereocilium Organization
GO:0008631,Intrinsic Apoptotic Signaling Pathway In Response To Oxidative Stress
GO:0002281,Macrophage Activation Involved In Immune Response
GO:0030318,Melanocyte Differentiation
GO:0000002,Mitochondrial Genome Maintenance
GO:0031280,Negative Regulation Of Cyclase Activity
GO:0051918,Negative Regulation Of Fibrinolysis
GO:1900103,Positive Regulation Of Endoplasmic Reticulum Unfolded Protein Response
GO:1904816,"Positive Regulation Of Protein Localization To Chromosome, Telomeric Region"
GO:0010464,Regulation Of Mesenchymal Cell Proliferation
GO:1900274,Regulation Of Phospholipase C Activity
GO:0048741,Skeletal Muscle Fiber Development
GO:0006388,"tRNA Splicing, Via Endonucleolytic Cleavage And Ligation"
GO:0043247,Telomere Maintenance In Response To DNA Damage
GO:0006570,Tyrosine Metabolic Process
GO:0042359,Vitamin D Metabolic Process
GO:0000731,DNA Synthesis Involved In DNA Repair
GO:0089718,Amino Acid Import Across Plasma Membrane
GO:1903036,Positive Regulation Of Response To Wounding
GO:2000677,Regulation Of Transcription Regulatory Region DNA Binding
GO:0061098,Positive Regulation Of Protein Tyrosine Kinase Activity
GO:0032386,Regulation Of Intracellular Transport
GO:0033209,Tumor Necrosis Factor-Mediated Signaling Pathway
GO:0086016,AV Node Cell Action Potential
GO:0086015,SA Node Cell Action Potential
GO:0002093,Auditory Receptor Cell Morphogenesis
GO:0060088,Auditory Receptor Cell Stereocilium Organization
GO:0097646,Calcitonin Family Receptor Signaling Pathway
GO:0071371,Cellular Response To Gonadotropin Stimulus
GO:0035652,Clathrin-Coated Vesicle Cargo Loading
GO:0035654,"Clathrin-Coated Vesicle Cargo Loading, AP-3-mediated"
GO:0035995,Detection Of Muscle Stretch
GO:0034087,Establishment Of Mitotic Sister Chromatid Cohesion
GO:0036353,Histone H2A-K119 Monoubiquitination
GO:0043983,Histone H4-K12 Acetylation
GO:0060113,Inner Ear Receptor Cell Differentiation
GO:0071716,Leukotriene Transport
GO:0002320,Lymphoid Progenitor Cell Differentiation
GO:0007077,Mitotic Nuclear Membrane Disassembly
GO:0048387,Negative Regulation Of Retinoic Acid Receptor Signaling Pathway
GO:0071046,Nuclear Polyadenylation-Dependent ncRNA Catabolic Process
GO:0071035,Nuclear Polyadenylation-Dependent rRNA Catabolic Process
GO:0071038,Nuclear Polyadenylation-Dependent tRNA Catabolic Process
GO:0070431,Nucleotide-Binding Oligomerization Domain Containing 2 Signaling Pathway
GO:0021983,Pituitary Gland Development
GO:0071051,Polyadenylation-Dependent snoRNA 3'-End Processing
GO:0051096,Positive Regulation Of Helicase Activity
GO:1904181,Positive Regulation Of Membrane Depolarization
GO:0016562,"Protein Import Into Peroxisome Matrix, Receptor Recycling"
GO:0060371,Regulation Of Atrial Cardiac Muscle Cell Membrane Depolarization
GO:0060372,Regulation Of Atrial Cardiac Muscle Cell Membrane Repolarization
GO:0034350,Regulation Of Glial Cell Apoptotic Process
GO:2000018,Regulation Of Male Gonad Development
GO:1903376,Regulation Of Oxidative Stress-Induced Neuron Intrinsic Apoptotic Signaling Pathway
GO:1903764,Regulation Of Potassium Ion Export Across Plasma Membrane
GO:0070562,Regulation Of Vitamin D Receptor Signaling Pathway
GO:0043279,Response To Alkaloid
GO:0007033,Vacuole Organization
GO:0006776,Vitamin A Metabolic Process
GO:0052697,Xenobiotic Glucuronidation
GO:1902850,Microtubule Cytoskeleton Organization Involved In Mitosis
GO:0010941,Regulation Of Cell Death
GO:0051276,Chromosome Organization
GO:0051216,Cartilage Development
GO:0019395,Fatty Acid Oxidation
GO:0006836,Neurotransmitter Transport
GO:0090276,Regulation Of Peptide Hormone Secretion
GO:0042472,Inner Ear Morphogenesis
GO:0007093,Mitotic Cell Cycle Checkpoint Signaling
GO:0090317,Negative Regulation Of Intracellular Protein Transport
GO:0032330,Regulation Of Chondrocyte Differentiation
GO:0044319,"Wound Healing, Spreading Of Cells"
GO:0051592,Response To Calcium Ion
GO:0043412,Macromolecule Modification
GO:0032677,Regulation Of Interleukin-8 Production
GO:0010799,Regulation Of Peptidyl-Threonine Phosphorylation
GO:0031349,Positive Regulation Of Defense Response
GO:0033077,T Cell Differentiation In Thymus
GO:0006584,Catecholamine Metabolic Process
GO:0071353,Cellular Response To Interleukin-4
GO:0035162,Embryonic Hemopoiesis
GO:0030007,Intracellular Potassium Ion Homeostasis
GO:0086010,Membrane Depolarization During Action Potential
GO:0045581,Negative Regulation Of T Cell Differentiation
GO:0046638,Positive Regulation Of Alpha-Beta T Cell Differentiation
GO:0031065,Positive Regulation Of Histone Deacetylation
GO:0090312,Positive Regulation Of Protein Deacetylation
GO:0097623,Potassium Ion Export Across Plasma Membrane
GO:0090075,Relaxation Of Muscle
GO:1990868,Response To Chemokine
GO:0048538,Thymus Development
GO:0048675,Axon Extension
GO:0090314,Positive Regulation Of Protein Targeting To Membrane
GO:0018279,Protein N-linked Glycosylation Via Asparagine
GO:0050994,Regulation Of Lipid Catabolic Process
GO:0071772,Response To BMP
GO:0007612,Learning
GO:0007040,Lysosome Organization
GO:0001954,Positive Regulation Of Cell-Matrix Adhesion
GO:2000351,Regulation Of Endothelial Cell Apoptotic Process
GO:2000378,Negative Regulation Of Reactive Oxygen Species Metabolic Process
GO:2000209,Regulation Of Anoikis
GO:1903779,Regulation Of Cardiac Conduction
GO:0098773,Skin Epidermis Development
GO:0098719,Sodium Ion Import Across Plasma Membrane
GO:0030111,Regulation Of Wnt Signaling Pathway
GO:0048639,Positive Regulation Of Developmental Growth
GO:1903432,Regulation Of TORC1 Signaling
GO:0019724,B Cell Mediated Immunity
GO:0006305,DNA Alkylation
GO:0048546,Digestive Tract Morphogenesis
GO:0007076,Mitotic Chromosome Condensation
GO:0050805,Negative Regulation Of Synaptic Transmission
GO:0032205,Negative Regulation Of Telomere Maintenance
GO:0051149,Positive Regulation Of Muscle Cell Differentiation
GO:1900221,Regulation Of Amyloid-Beta Clearance
GO:0008090,Retrograde Axonal Transport
GO:0040001,Establishment Of Mitotic Spindle Localization
GO:0033619,Membrane Protein Proteolysis
GO:0046329,Negative Regulation Of JNK Cascade
GO:0010948,Negative Regulation Of Cell Cycle Process
GO:0045913,Positive Regulation Of Carbohydrate Metabolic Process
GO:0048208,COPII Vesicle Coating
GO:0003231,Cardiac Ventricle Development
GO:0007369,Gastrulation
GO:0050891,Multicellular Organismal-Level Water Homeostasis
GO:0032211,Negative Regulation Of Telomere Maintenance Via Telomerase
GO:0048709,Oligodendrocyte Differentiation
GO:0048207,"Vesicle Targeting, Rough ER To cis-Golgi"
GO:0061564,Axon Development
GO:0006977,"DNA Damage Response, Signal Transduction By P53 Class Mediator Resulting In Cell Cycle Arrest"
GO:0035909,Aorta Morphogenesis
GO:0019934,cGMP-mediated Signaling
GO:1901136,Carbohydrate Derivative Catabolic Process
GO:0034312,Diol Biosynthetic Process
GO:0060396,Growth Hormone Receptor Signaling Pathway
GO:0051444,Negative Regulation Of Ubiquitin-Protein Transferase Activity
GO:0006998,Nuclear Envelope Organization
GO:1901989,Positive Regulation Of Cell Cycle Phase Transition
GO:0045923,Positive Regulation Of Fatty Acid Metabolic Process
GO:0061035,Regulation Of Cartilage Development
GO:0002861,Regulation Of Inflammatory Response To Antigenic Stimulus
GO:0006360,Transcription By RNA Polymerase I
GO:0070633,Transepithelial Transport
GO:0006813,Potassium Ion Transport
GO:0042531,Positive Regulation Of Tyrosine Phosphorylation Of STAT Protein
GO:0045910,Negative Regulation Of DNA Recombination
GO:0032642,Regulation Of Chemokine Production
GO:0006811,Monoatomic Ion Transport
GO:0010212,Response To Ionizing Radiation
GO:0045668,Negative Regulation Of Osteoblast Differentiation
GO:0030308,Negative Regulation Of Cell Growth
GO:0001938,Positive Regulation Of Endothelial Cell Proliferation
GO:1903557,Positive Regulation Of Tumor Necrosis Factor Superfamily Cytokine Production
GO:0009892,Negative Regulation Of Metabolic Process
GO:1904029,Regulation Of Cyclin-Dependent Protein Kinase Activity
GO:1901799,Negative Regulation Of Proteasomal Protein Catabolic Process
GO:0002183,Cytoplasmic Translational Initiation
GO:0048704,Embryonic Skeletal System Morphogenesis
GO:0010647,Positive Regulation Of Cell Communication
GO:0032733,Positive Regulation Of Interleukin-10 Production
GO:0006693,Prostaglandin Metabolic Process
GO:0034109,Homotypic Cell-Cell Adhesion
GO:0008584,Male Gonad Development
GO:0120163,Negative Regulation Of Cold-Induced Thermogenesis
GO:1900015,Regulation Of Cytokine Production Involved In Inflammatory Response
GO:0007411,Axon Guidance
GO:2000145,Regulation Of Cell Motility
GO:0071470,Cellular Response To Osmotic Stress
GO:0016101,Diterpenoid Metabolic Process
GO:0030203,Glycosaminoglycan Metabolic Process
GO:0045841,Negative Regulation Of Mitotic Metaphase/Anaphase Transition
GO:0042307,Positive Regulation Of Protein Import Into Nucleus
GO:0014020,Primary Neural Tube Formation
GO:0051983,Regulation Of Chromosome Segregation
GO:0050999,Regulation Of Nitric-Oxide Synthase Activity
GO:0016126,Sterol Biosynthetic Process
GO:0060537,Muscle Tissue Development
GO:0043604,Amide Biosynthetic Process
GO:0030301,Cholesterol Transport
GO:0009891,Positive Regulation Of Biosynthetic Process
GO:0045669,Positive Regulation Of Osteoblast Differentiation
GO:0046626,Regulation Of Insulin Receptor Signaling Pathway
GO:0051049,Regulation Of Transport
GO:0036465,Synaptic Vesicle Recycling
GO:0070922,RISC Complex Assembly
GO:0010501,RNA Secondary Structure Unwinding
GO:0014044,Schwann Cell Development
GO:0043276,Anoikis
GO:0061909,Autophagosome-Lysosome Fusion
GO:0002752,Cell Surface Pattern Recognition Receptor Signaling Pathway
GO:0015889,Cobalamin Transport
GO:0044042,Glucan Metabolic Process
GO:0006475,Internal Protein Amino Acid Acetylation
GO:0048333,Mesodermal Cell Differentiation
GO:0042308,Negative Regulation Of Protein Import Into Nucleus
GO:1904667,Negative Regulation Of Ubiquitin Protein Ligase Activity
GO:0051081,Nuclear Membrane Disassembly
GO:0032292,Peripheral Nervous System Axon Ensheathment
GO:0007603,"Phototransduction, Visible Light"
GO:0002821,Positive Regulation Of Adaptive Immune Response
GO:1903028,Positive Regulation Of Opsonization
GO:0044030,Regulation Of DNA Methylation
GO:2000142,Regulation Of DNA-templated Transcription Initiation
GO:0051095,Regulation Of Helicase Activity
GO:0048548,Regulation Of Pinocytosis
GO:0044321,Response To Leptin
GO:0072350,Tricarboxylic Acid Metabolic Process
GO:0034370,Triglyceride-Rich Lipoprotein Particle Remodeling
GO:0001676,Long-Chain Fatty Acid Metabolic Process
GO:1901565,Organonitrogen Compound Catabolic Process
GO:0071466,Cellular Response To Xenobiotic Stimulus
GO:0097061,Dendritic Spine Organization
GO:0007094,Mitotic Spindle Assembly Checkpoint Signaling
GO:0071174,Mitotic Spindle Checkpoint Signaling
GO:0042304,Regulation Of Fatty Acid Biosynthetic Process
GO:0071173,Spindle Assembly Checkpoint Signaling
GO:0001508,Action Potential
GO:0010389,Regulation Of G2/M Transition Of Mitotic Cell Cycle
GO:0030516,Regulation Of Axon Extension
GO:0051851,Modulation By Host Of Symbiont Process
GO:0055090,Acylglycerol Homeostasis
GO:0007031,Peroxisome Organization
GO:0030513,Positive Regulation Of BMP Signaling Pathway
GO:1900745,Positive Regulation Of p38MAPK Cascade
GO:0010575,Positive Regulation Of Vascular Endothelial Growth Factor Production
GO:0051147,Regulation Of Muscle Cell Differentiation
GO:0060314,Regulation Of Ryanodine-Sensitive Calcium-Release Channel Activity
GO:0032956,Regulation Of Actin Cytoskeleton Organization
GO:0009913,Epidermal Cell Differentiation
GO:0048660,Regulation Of Smooth Muscle Cell Proliferation
GO:0030324,Lung Development
GO:0043537,Negative Regulation Of Blood Vessel Endothelial Cell Migration
GO:2000780,Negative Regulation Of Double-Strand Break Repair
GO:0045806,Negative Regulation Of Endocytosis
GO:1900225,Regulation Of NLRP3 Inflammasome Complex Assembly
GO:0038095,Fc-epsilon Receptor Signaling Pathway
GO:0071404,Cellular Response To Low-Density Lipoprotein Particle Stimulus
GO:0010721,Negative Regulation Of Cell Development
GO:0001523,Retinoid Metabolic Process
GO:0006525,Arginine Metabolic Process
GO:0009074,Aromatic Amino Acid Family Catabolic Process
GO:1904322,Cellular Response To Forskolin
GO:0042167,Heme Catabolic Process
GO:0072075,Metanephric Mesenchyme Development
GO:0044819,Mitotic G1/S Transition Checkpoint Signaling
GO:0015844,Monoamine Transport
GO:0045623,Negative Regulation Of T-helper Cell Differentiation
GO:0007194,Negative Regulation Of Adenylate Cyclase Activity
GO:0045920,Negative Regulation Of Exocytosis
GO:0034427,"Nuclear-Transcribed mRNA Catabolic Process, Exonucleolytic, 3'-5'"
GO:1901857,Positive Regulation Of Cellular Respiration
GO:0032332,Positive Regulation Of Chondrocyte Differentiation
GO:0015732,Prostaglandin Transport
GO:0002902,Regulation Of B Cell Apoptotic Process
GO:2000551,Regulation Of T-helper 2 Cell Cytokine Production
GO:0006349,Regulation Of Gene Expression By Genomic Imprinting
GO:0051900,Regulation Of Mitochondrial Depolarization
GO:1903027,Regulation Of Opsonization
GO:0010517,Regulation Of Phospholipase Activity
GO:1904321,Response To Forskolin
GO:0023061,Signal Release
GO:0007264,Small GTPase Mediated Signal Transduction
GO:0045324,Late Endosome To Vacuole Transport
GO:0001774,Microglial Cell Activation
GO:0072329,Monocarboxylic Acid Catabolic Process
GO:0007422,Peripheral Nervous System Development
GO:0050996,Positive Regulation Of Lipid Catabolic Process
GO:1903169,Regulation Of Calcium Ion Transmembrane Transport
GO:0051445,Regulation Of Meiotic Cell Cycle
GO:0060544,Regulation Of Necroptotic Process
GO:0019233,Sensory Perception Of Pain
GO:0051146,Striated Muscle Cell Differentiation
GO:0009150,Purine Ribonucleotide Metabolic Process
GO:0017148,Negative Regulation Of Translation
GO:0071479,Cellular Response To Ionizing Radiation
GO:0008206,Bile Acid Metabolic Process
GO:0009064,Glutamine Family Amino Acid Metabolic Process
GO:0048814,Regulation Of Dendrite Morphogenesis
GO:0031952,Regulation Of Protein Autophosphorylation
GO:0070328,Triglyceride Homeostasis
GO:0016567,Protein Ubiquitination
GO:0050708,Regulation Of Protein Secretion
GO:0071241,Cellular Response To Inorganic Substance
GO:0006112,Energy Reserve Metabolic Process
GO:0060079,Excitatory Postsynaptic Potential
GO:0086009,Membrane Repolarization
GO:0010888,Negative Regulation Of Lipid Storage
GO:1904064,Positive Regulation Of Cation Transmembrane Transport
GO:0070304,Positive Regulation Of Stress-Activated Protein Kinase Signaling Cascade
GO:0048678,Response To Axon Injury
GO:0045471,Response To Ethanol
GO:0060675,Ureteric Bud Morphogenesis
GO:0071468,Cellular Response To Acidic pH
GO:0042407,Cristae Formation
GO:0010390,Histone Monoubiquitination
GO:0032309,Icosanoid Secretion
GO:0035235,Ionotropic Glutamate Receptor Signaling Pathway
GO:0006122,"Mitochondrial Electron Transport, Ubiquinol To Cytochrome C"
GO:0060586,Multicellular Organismal-Level Iron Ion Homeostasis
GO:0022011,Myelination In Peripheral Nervous System
GO:0010614,Negative Regulation Of Cardiac Muscle Hypertrophy
GO:0010745,Negative Regulation Of Macrophage Derived Foam Cell Differentiation
GO:1901386,Negative Regulation Of Voltage-Gated Calcium Channel Activity
GO:0010770,Positive Regulation Of Cell Morphogenesis Involved In Differentiation
GO:1900373,Positive Regulation Of Purine Nucleotide Biosynthetic Process
GO:2000651,Positive Regulation Of Sodium Ion Transmembrane Transporter Activity
GO:0045039,Protein Insertion Into Mitochondrial Inner Membrane
GO:0048385,Regulation Of Retinoic Acid Receptor Signaling Pathway
GO:0035296,Regulation Of Tube Diameter
GO:1904752,Regulation Of Vascular Associated Smooth Muscle Cell Migration
GO:0036376,Sodium Ion Export Across Plasma Membrane
GO:0021510,Spinal Cord Development
GO:0019433,Triglyceride Catabolic Process
GO:0003018,Vascular Process In Circulatory System
GO:0007249,I-kappaB kinase/NF-kappaB Signaling
GO:0140014,Mitotic Nuclear Division
GO:0032731,Positive Regulation Of Interleukin-1 Beta Production
GO:0051924,Regulation Of Calcium Ion Transport
GO:0071559,Response To Transforming Growth Factor Beta
GO:0099643,Signal Release From Synapse
GO:0032924,Activin Receptor Signaling Pathway
GO:0061311,Cell Surface Receptor Signaling Pathway Involved In Heart Development
GO:0071480,Cellular Response To Gamma Radiation
GO:0097192,Extrinsic Apoptotic Signaling Pathway In Absence Of Ligand
GO:0002862,Negative Regulation Of Inflammatory Response To Antigenic Stimulus
GO:0007097,Nuclear Migration
GO:0014003,Oligodendrocyte Development
GO:2000648,Positive Regulation Of Stem Cell Proliferation
GO:1904355,Positive Regulation Of Telomere Capping
GO:0010881,Regulation Of Cardiac Muscle Contraction By Regulation Of The Release Of Sequestered Calcium Ion
GO:0060759,Regulation Of Response To Cytokine Stimulus
GO:0071634,Regulation Of Transforming Growth Factor Beta Production
GO:0001944,Vasculature Development
GO:0006103,2-Oxoglutarate Metabolic Process
GO:0035904,Aorta Development
GO:0048806,Genitalia Development
GO:0045717,Negative Regulation Of Fatty Acid Biosynthetic Process
GO:0010801,Negative Regulation Of Peptidyl-Threonine Phosphorylation
GO:0042475,Odontogenesis Of Dentin-Containing Tooth
GO:0042461,Photoreceptor Cell Development
GO:0060760,Positive Regulation Of Response To Cytokine Stimulus
GO:1903706,Regulation Of Hemopoiesis
GO:0043304,Regulation Of Mast Cell Degranulation
GO:0150011,Regulation Of Neuron Projection Arborization
GO:0007130,Synaptonemal Complex Assembly
GO:0070193,Synaptonemal Complex Organization
GO:0072657,Protein Localization To Membrane
GO:0060341,Regulation Of Cellular Localization
GO:0007254,JNK Cascade
GO:1901605,Alpha-Amino Acid Metabolic Process
GO:0002062,Chondrocyte Differentiation
GO:0010950,Positive Regulation Of Endopeptidase Activity
GO:0006937,Regulation Of Muscle Contraction
GO:0120039,Plasma Membrane Bounded Cell Projection Morphogenesis
GO:0010821,Regulation Of Mitochondrion Organization
GO:0036499,PERK-mediated Unfolded Protein Response
GO:0006086,acetyl-CoA Biosynthetic Process From Pyruvate
GO:0097647,Amylin Receptor Signaling Pathway
GO:0086073,Bundle Of His cell-Purkinje Myocyte Adhesion Involved In Cell Communication
GO:0071910,Determination Of Liver Left/Right Asymmetry
GO:0050957,Equilibrioception
GO:0006704,Glucocorticoid Biosynthetic Process
GO:0033152,Immunoglobulin V(D)J Recombination
GO:0035771,Interleukin-4-Mediated Signaling Pathway
GO:0038043,Interleukin-5-Mediated Signaling Pathway
GO:0030643,Intracellular Phosphate Ion Homeostasis
GO:0043570,Maintenance Of DNA Repeat Elements
GO:0000965,Mitochondrial RNA 3'-End Processing
GO:0070125,Mitochondrial Translational Elongation
GO:0006297,"Nucleotide-Excision Repair, DNA Gap Filling"
GO:0007231,Osmosensory Signaling Pathway
GO:0015846,Polyamine Transport
GO:0032927,Positive Regulation Of Activin Receptor Signaling Pathway
GO:1905941,Positive Regulation Of Gonad Development
GO:2000020,Positive Regulation Of Male Gonad Development
GO:1905065,Positive Regulation Of Vascular Associated Smooth Muscle Cell Differentiation
GO:0060134,Prepulse Inhibition
GO:0048793,Pronephros Development
GO:0071569,Protein Ufmylation
GO:0031282,Regulation Of Guanylate Cyclase Activity
GO:0051969,Regulation Of Transmission Of Nerve Impulse
GO:0002828,Regulation Of Type 2 Immune Response
GO:0060373,Regulation Of Ventricular Cardiac Muscle Cell Membrane Depolarization
GO:0061458,Reproductive System Development
GO:1990776,Response To Angiotensin
GO:0070305,Response To cGMP
GO:0019626,Short-Chain Fatty Acid Catabolic Process
GO:0014897,Striated Muscle Hypertrophy
GO:0015744,Succinate Transport
GO:0071934,Thiamine Transmembrane Transport
GO:1990962,Xenobiotic Transport Across Blood-Brain Barrier
GO:0080171,Lytic Vacuole Organization
GO:0045639,Positive Regulation Of Myeloid Cell Differentiation
GO:0010863,Positive Regulation Of Phospholipase C Activity
GO:0034446,Substrate Adhesion-Dependent Cell Spreading
GO:0006869,Lipid Transport
GO:0045727,Positive Regulation Of Translation
GO:0071824,protein-DNA Complex Organization
GO:0032526,Response To Retinoic Acid
GO:0045786,Negative Regulation Of Cell Cycle
GO:0071364,Cellular Response To Epidermal Growth Factor Stimulus
GO:0009953,Dorsal/Ventral Pattern Formation
GO:0072666,Establishment Of Protein Localization To Vacuole
GO:0016226,Iron-Sulfur Cluster Assembly
GO:0031163,Metallo-Sulfur Cluster Assembly
GO:0050768,Negative Regulation Of Neurogenesis
GO:0002637,Regulation Of Immunoglobulin Production
GO:0090140,Regulation Of Mitochondrial Fission
GO:0042102,Positive Regulation Of T Cell Proliferation
GO:0030510,Regulation Of BMP Signaling Pathway
GO:0008593,Regulation Of Notch Signaling Pathway
GO:0051101,Regulation Of DNA Binding
GO:0071300,Cellular Response To Retinoic Acid
GO:0048524,Positive Regulation Of Viral Process
GO:0050773,Regulation Of Dendrite Development
GO:0090199,Regulation Of Release Of Cytochrome C From Mitochondria
GO:2000278,Regulation Of DNA Biosynthetic Process
GO:0045785,Positive Regulation Of Cell Adhesion
GO:0071331,Cellular Response To Hexose Stimulus
GO:0099565,"Chemical Synaptic Transmission, Postsynaptic"
GO:1903051,Negative Regulation Of Proteolysis Involved In Protein Catabolic Process
GO:1903573,Negative Regulation Of Response To Endoplasmic Reticulum Stress
GO:0030316,Osteoclast Differentiation
GO:0050864,Regulation Of B Cell Activation
GO:0070167,Regulation Of Biomineral Tissue Development
GO:0003229,Ventricular Cardiac Muscle Tissue Development
GO:0032760,Positive Regulation Of Tumor Necrosis Factor Production
GO:0051493,Regulation Of Cytoskeleton Organization
GO:0045216,Cell-Cell Junction Organization
GO:0043123,Positive Regulation Of I-kappaB kinase/NF-kappaB Signaling
GO:0050853,B Cell Receptor Signaling Pathway
GO:0022411,Cellular Component Disassembly
GO:0046546,Development Of Primary Male Sexual Characteristics
GO:0010631,Epithelial Cell Migration
GO:0032435,Negative Regulation Of Proteasomal Ubiquitin-Dependent Protein Catabolic Process
GO:0051353,Positive Regulation Of Oxidoreductase Activity
GO:0010830,Regulation Of Myotube Differentiation
GO:0050658,RNA Transport
GO:0008543,Fibroblast Growth Factor Receptor Signaling Pathway
GO:0010823,Negative Regulation Of Mitochondrion Organization
GO:0032467,Positive Regulation Of Cytokinesis
GO:0046889,Positive Regulation Of Lipid Biosynthetic Process
GO:0051881,Regulation Of Mitochondrial Membrane Potential
GO:0016525,Negative Regulation Of Angiogenesis
GO:0007088,Regulation Of Mitotic Nuclear Division
GO:0009062,Fatty Acid Catabolic Process
GO:0022617,Extracellular Matrix Disassembly
GO:0034655,Nucleobase-Containing Compound Catabolic Process
GO:0046854,Phosphatidylinositol Phosphate Biosynthetic Process
GO:0070168,Negative Regulation Of Biomineral Tissue Development
GO:0010971,Positive Regulation Of G2/M Transition Of Mitotic Cell Cycle
GO:0002726,Positive Regulation Of T Cell Cytokine Production
GO:0045880,Positive Regulation Of Smoothened Signaling Pathway
GO:0046686,Response To Cadmium Ion
GO:0006508,Proteolysis
GO:0006954,Inflammatory Response
GO:0007129,Homologous Chromosome Pairing At Meiosis
GO:0007095,Mitotic G2 DNA Damage Checkpoint Signaling
GO:0030195,Negative Regulation Of Blood Coagulation
GO:0045912,Negative Regulation Of Carbohydrate Metabolic Process
GO:0010719,Negative Regulation Of Epithelial To Mesenchymal Transition
GO:0048662,Negative Regulation Of Smooth Muscle Cell Proliferation
GO:2000649,Regulation Of Sodium Ion Transmembrane Transporter Activity
GO:0051168,Nuclear Export
GO:0032651,Regulation Of Interleukin-1 Beta Production
GO:0036261,7-Methylguanosine Cap Hypermethylation
GO:0006983,ER Overload Response
GO:0036260,RNA Capping
GO:0086026,Atrial Cardiac Muscle Cell To AV Node Cell Signaling
GO:0003230,Cardiac Atrium Development
GO:0051937,Catecholamine Transport
GO:0071732,Cellular Response To Nitric Oxide
GO:0035865,Cellular Response To Potassium Ion
GO:1902170,Cellular Response To Reactive Nitrogen Species
GO:0009235,Cobalamin Metabolic Process
GO:0017004,Cytochrome Complex Assembly
GO:0090494,Dopamine Uptake
GO:0051683,Establishment Of Golgi Localization
GO:0001736,Establishment Of Planar Polarity
GO:0008211,Glucocorticoid Metabolic Process
GO:0051454,Intracellular pH Elevation
GO:0072073,Kidney Epithelium Development
GO:0070486,Leukocyte Aggregation
GO:0003174,Mitral Valve Development
GO:1903251,Multi-Ciliated Epithelial Cell Differentiation
GO:0001779,Natural Killer Cell Differentiation
GO:2000104,Negative Regulation Of DNA-templated DNA Replication
GO:0034351,Negative Regulation Of Glial Cell Apoptotic Process
GO:0090219,Negative Regulation Of Lipid Kinase Activity
GO:2000178,Negative Regulation Of Neural Precursor Cell Proliferation
GO:0060563,Neuroepithelial Cell Differentiation
GO:1990700,Nucleolar Chromatin Organization
GO:0120255,Olefinic Compound Biosynthetic Process
GO:0034983,Peptidyl-Lysine Deacetylation
GO:0062043,Positive Regulation Of Cardiac Epithelial To Mesenchymal Transition
GO:0038089,Positive Regulation Of Cell Migration By Vascular Endothelial Growth Factor Signaling Pathway
GO:1900119,Positive Regulation Of Execution Phase Of Apoptosis
GO:0043568,Positive Regulation Of Insulin-Like Growth Factor Receptor Signaling Pathway
GO:0150012,Positive Regulation Of Neuron Projection Arborization
GO:0061365,Positive Regulation Of Triglyceride Lipase Activity
GO:0031204,"Post-Translational Protein Targeting To Membrane, Translocation"
GO:1904491,Protein Localization To Ciliary Transition Zone
GO:1903608,Protein Localization To Cytoplasmic Stress Granule
GO:1904714,Regulation Of Chaperone-Mediated Autophagy
GO:0042053,Regulation Of Dopamine Metabolic Process
GO:0051584,Regulation Of Dopamine Uptake Involved In Synaptic Transmission
GO:1903747,Regulation Of Establishment Of Protein Localization To Mitochondrion
GO:0070228,Regulation Of Lymphocyte Apoptotic Process
GO:2000739,Regulation Of Mesenchymal Stem Cell Differentiation
GO:1903201,Regulation Of Oxidative Stress-Induced Cell Death
GO:1901388,Regulation Of Transforming Growth Factor Beta Activation
GO:0035864,Response To Potassium Ion
GO:0030422,siRNA Processing
GO:0000012,Single Strand Break Repair
GO:0048536,Spleen Development
GO:0030878,Thyroid Gland Development
GO:0034505,Tooth Mineralization
GO:0003222,Ventricular Trabecula Myocardium Morphogenesis
GO:0071542,Dopaminergic Neuron Differentiation
GO:0061436,Establishment Of Skin Barrier
GO:0070498,Interleukin-1-Mediated Signaling Pathway
GO:0007498,Mesoderm Development
GO:0050795,Regulation Of Behavior
GO:0046599,Regulation Of Centriole Replication
GO:0070542,Response To Fatty Acid
GO:0006399,tRNA Metabolic Process
GO:0006909,Phagocytosis
GO:0052548,Regulation Of Endopeptidase Activity
GO:0006487,Protein N-linked Glycosylation
GO:0043124,Negative Regulation Of I-kappaB kinase/NF-kappaB Signaling
GO:0032649,Regulation Of Type II Interferon Production
GO:0002244,Hematopoietic Progenitor Cell Differentiation
GO:0023057,Negative Regulation Of Signaling
GO:0002230,Positive Regulation Of Defense Response To Virus By Host
GO:0010906,Regulation Of Glucose Metabolic Process
GO:0043269,Regulation Of Monoatomic Ion Transport
GO:1902305,Regulation Of Sodium Ion Transmembrane Transport
GO:0006368,Transcription Elongation By RNA Polymerase II
GO:0048010,Vascular Endothelial Growth Factor Receptor Signaling Pathway
GO:0006607,NLS-bearing Protein Import Into Nucleus
GO:0042982,Amyloid Precursor Protein Metabolic Process
GO:0034620,Cellular Response To Unfolded Protein
GO:0021954,Central Nervous System Neuron Development
GO:0035050,Embryonic Heart Tube Development
GO:0060485,Mesenchyme Development
GO:0060415,Muscle Tissue Morphogenesis
GO:0002275,Myeloid Cell Activation Involved In Immune Response
GO:0048147,Negative Regulation Of Fibroblast Proliferation
GO:1904706,Negative Regulation Of Vascular Associated Smooth Muscle Cell Proliferation
GO:0050775,Positive Regulation Of Dendrite Morphogenesis
GO:0070665,Positive Regulation Of Leukocyte Proliferation
GO:0010744,Positive Regulation Of Macrophage Derived Foam Cell Differentiation
GO:0051000,Positive Regulation Of Nitric-Oxide Synthase Activity
GO:0001516,Prostaglandin Biosynthetic Process
GO:0000154,rRNA Modification
GO:0001919,Regulation Of Receptor Recycling
GO:1904666,Regulation Of Ubiquitin Protein Ligase Activity
GO:0000096,Sulfur Amino Acid Metabolic Process
GO:0050890,Cognition
GO:0051346,Negative Regulation Of Hydrolase Activity
GO:0046474,Glycerophospholipid Biosynthetic Process
GO:2000181,Negative Regulation Of Blood Vessel Morphogenesis
GO:0006474,N-terminal Protein Amino Acid Acetylation
GO:0050435,Amyloid-Beta Metabolic Process
GO:0014002,Astrocyte Development
GO:0055003,Cardiac Myofibril Assembly
GO:0090505,Epiboly Involved In Wound Healing
GO:0009065,Glutamine Family Amino Acid Catabolic Process
GO:0086011,Membrane Repolarization During Action Potential
GO:0010544,Negative Regulation Of Platelet Activation
GO:0043517,"Positive Regulation Of DNA Damage Response, Signal Transduction By P53 Class Mediator"
GO:0050867,Positive Regulation Of Cell Activation
GO:0045830,Positive Regulation Of Isotype Switching
GO:0099054,Presynapse Assembly
GO:0150105,Protein Localization To Cell-Cell Junction
GO:2000810,Regulation Of Bicellular Tight Junction Assembly
GO:0006109,Regulation Of Carbohydrate Metabolic Process
GO:0045191,Regulation Of Isotype Switching
GO:0045655,Regulation Of Monocyte Differentiation
GO:0001990,Regulation Of Systemic Arterial Blood Pressure By Hormone
GO:0048485,Sympathetic Nervous System Development
GO:0002097,tRNA Wobble Base Modification
GO:0002098,tRNA Wobble Uridine Modification
GO:1904903,ESCRT III Complex Disassembly
GO:1904896,ESCRT Complex Disassembly
GO:0046040,IMP Metabolic Process
GO:0030242,Autophagy Of Peroxisome
GO:0009437,Carnitine Metabolic Process
GO:0072202,Cell Differentiation Involved In Metanephros Development
GO:0001711,Endodermal Cell Fate Commitment
GO:0061154,Endothelial Tube Morphogenesis
GO:0035136,Forelimb Morphogenesis
GO:0003183,Mitral Valve Morphogenesis
GO:0042693,Muscle Cell Fate Commitment
GO:0014812,Muscle Cell Migration
GO:0034115,Negative Regulation Of Heterotypic Cell-Cell Adhesion
GO:1905953,Negative Regulation Of Lipid Localization
GO:1902306,Negative Regulation Of Sodium Ion Transmembrane Transport
GO:2000108,Positive Regulation Of Leukocyte Apoptotic Process
GO:0060193,Positive Regulation Of Lipase Activity
GO:0010572,Positive Regulation Of Platelet Activation
GO:0010739,Positive Regulation Of Protein Kinase A Signaling
GO:2000234,Positive Regulation Of rRNA Processing
GO:0001921,Positive Regulation Of Receptor Recycling
GO:0030949,Positive Regulation Of Vascular Endothelial Growth Factor Receptor Signaling Pathway
GO:0090435,Protein Localization To Nuclear Envelope
GO:0006144,Purine Nucleobase Metabolic Process
GO:0031125,rRNA 3'-End Processing
GO:0070587,Regulation Of Cell-Cell Adhesion Involved In Gastrulation
GO:1900407,Regulation Of Cellular Response To Oxidative Stress
GO:1901983,Regulation Of Protein Acetylation
GO:1904779,Regulation Of Protein Localization To Centrosome
GO:1900120,Regulation Of Receptor Binding
GO:0022898,Regulation Of Transmembrane Transporter Activity
GO:0036119,Response To Platelet-Derived Growth Factor
GO:0006837,Serotonin Transport
GO:0002204,Somatic Recombination Of Immunoglobulin Genes Involved In Immune Response
GO:0033572,Transferrin Transport
GO:0007219,Notch Signaling Pathway
GO:0032024,Positive Regulation Of Insulin Secretion
GO:0090303,Positive Regulation Of Wound Healing
GO:0048488,Synaptic Vesicle Endocytosis
GO:0015807,L-amino Acid Transport
GO:0048261,Negative Regulation Of Receptor-Mediated Endocytosis
GO:0048284,Organelle Fusion
GO:0031112,Positive Regulation Of Microtubule Polymerization Or Depolymerization
GO:0051785,Positive Regulation Of Nuclear Division
GO:1901016,Regulation Of Potassium Ion Transmembrane Transporter Activity
GO:0019229,Regulation Of Vasoconstriction
GO:0008544,Epidermis Development
GO:0042987,Amyloid Precursor Protein Catabolic Process
GO:0003214,Cardiac Left Ventricle Morphogenesis
GO:0042462,Eye Photoreceptor Cell Development
GO:0035721,Intraciliary Retrograde Transport
GO:0061037,Negative Regulation Of Cartilage Development
GO:0051350,Negative Regulation Of Lyase Activity
GO:0050885,Neuromuscular Process Controlling Balance
GO:2001034,Positive Regulation Of Double-Strand Break Repair Via Nonhomologous End Joining
GO:0032930,Positive Regulation Of Superoxide Anion Generation
GO:0002830,Positive Regulation Of Type 2 Immune Response
GO:0010565,Regulation Of Cellular Ketone Metabolic Process
GO:0070141,Response To UV-A
GO:0002029,Desensitization Of G Protein-Coupled Receptor Signaling Pathway
GO:0055123,Digestive System Development
GO:0033522,Histone H2A Ubiquitination
GO:0045190,Isotype Switching
GO:0051172,Negative Regulation Of Nitrogen Compound Metabolic Process
GO:0042136,Neurotransmitter Biosynthetic Process
GO:0072112,Podocyte Differentiation
GO:0042753,Positive Regulation Of Circadian Rhythm
GO:1903651,Positive Regulation Of Cytoplasmic Transport
GO:0009168,Purine Ribonucleoside Monophosphate Biosynthetic Process
GO:1901976,Regulation Of Cell Cycle Checkpoint
GO:0034110,Regulation Of Homotypic Cell-Cell Adhesion
GO:0060334,Regulation Of Type II Interferon-Mediated Signaling Pathway
GO:0051145,Smooth Muscle Cell Differentiation
GO:0062014,Negative Regulation Of Small Molecule Metabolic Process
GO:0043388,Positive Regulation Of DNA Binding
GO:0051173,Positive Regulation Of Nitrogen Compound Metabolic Process
GO:1902003,Regulation Of Amyloid-Beta Formation
GO:0072331,Signal Transduction By P53 Class Mediator
GO:0045089,Positive Regulation Of Innate Immune Response
GO:0050769,Positive Regulation Of Neurogenesis
GO:0051492,Regulation Of Stress Fiber Assembly
GO:0031345,Negative Regulation Of Cell Projection Organization
GO:0010632,Regulation Of Epithelial Cell Migration
GO:0044344,Cellular Response To Fibroblast Growth Factor Stimulus
GO:0010466,Negative Regulation Of Peptidase Activity
GO:0000375,"RNA Splicing, Via Transesterification Reactions"
GO:0046464,Acylglycerol Catabolic Process
GO:0030279,Negative Regulation Of Ossification
GO:1901186,Positive Regulation Of ERBB Signaling Pathway
GO:0045834,Positive Regulation Of Lipid Metabolic Process
GO:0051125,Regulation Of Actin Nucleation
GO:1902235,Regulation Of Endoplasmic Reticulum Stress-Induced Intrinsic Apoptotic Signaling Pathway
GO:1900027,Regulation Of Ruffle Assembly
GO:0098657,Import Into Cell
GO:0002702,Positive Regulation Of Production Of Molecular Mediator Of Immune Response
GO:0098876,Vesicle-Mediated Transport To The Plasma Membrane
GO:0015695,Organic Cation Transport
GO:0140238,Presynaptic Endocytosis
GO:0002224,Toll-Like Receptor Signaling Pathway
GO:0007269,Neurotransmitter Secretion
GO:1903532,Positive Regulation Of Secretion By Cell
GO:0031122,Cytoplasmic Microtubule Organization
GO:0042552,Myelination
GO:0043687,Post-Translational Protein Modification
GO:0010803,Regulation Of Tumor Necrosis Factor-Mediated Signaling Pathway
GO:0006887,Exocytosis
GO:0071276,Cellular Response To Cadmium Ion
GO:0035458,Cellular Response To Interferon-Beta
GO:0006509,Membrane Protein Ectodomain Proteolysis
GO:0016242,Negative Regulation Of Macroautophagy
GO:0045638,Negative Regulation Of Myeloid Cell Differentiation
GO:0045724,Positive Regulation Of Cilium Assembly
GO:0031954,Positive Regulation Of Protein Autophosphorylation
GO:0051968,"Positive Regulation Of Synaptic Transmission, Glutamatergic"
GO:0033143,Regulation Of Intracellular Steroid Hormone Receptor Signaling Pathway
GO:0047496,Vesicle Transport Along Microtubule
GO:0006888,Endoplasmic Reticulum To Golgi Vesicle-Mediated Transport
GO:1901566,Organonitrogen Compound Biosynthetic Process
GO:0031929,TOR Signaling
GO:0006096,Glycolytic Process
GO:0043392,Negative Regulation Of DNA Binding
GO:0031116,Positive Regulation Of Microtubule Polymerization
GO:0090175,Regulation Of Establishment Of Planar Polarity
GO:0016197,Endosomal Transport
GO:0010811,Positive Regulation Of Cell-Substrate Adhesion
GO:0061462,Protein Localization To Lysosome
GO:0006306,DNA Methylation
GO:0003351,Epithelial Cilium Movement Involved In Extracellular Fluid Movement
GO:1902894,Negative Regulation Of miRNA Transcription
GO:0000289,Nuclear-Transcribed mRNA poly(A) Tail Shortening
GO:0050857,Positive Regulation Of Antigen Receptor-Mediated Signaling Pathway
GO:0035601,Protein Deacylation
GO:0044273,Sulfur Compound Catabolic Process
GO:0044818,Mitotic G2/M Transition Checkpoint
GO:0009451,RNA Modification
GO:0046579,Positive Regulation Of Ras Protein Signal Transduction
GO:0051279,Regulation Of Release Of Sequestered Calcium Ion Into Cytosol
GO:0048193,Golgi Vesicle Transport
GO:0008637,Apoptotic Mitochondrial Changes
GO:0010001,Glial Cell Differentiation
GO:0046580,Negative Regulation Of Ras Protein Signal Transduction
GO:0010638,Positive Regulation Of Organelle Organization
GO:0070884,Regulation Of calcineurin-NFAT Signaling Cascade
GO:0032660,Regulation Of Interleukin-17 Production
GO:0048168,Regulation Of Neuronal Synaptic Plasticity
GO:0000819,Sister Chromatid Segregation
GO:0051607,Defense Response To Virus
GO:0055007,Cardiac Muscle Cell Differentiation
GO:0071229,Cellular Response To Acid Chemical
GO:0045931,Positive Regulation Of Mitotic Cell Cycle
GO:0061178,Regulation Of Insulin Secretion Involved In Cellular Response To Glucose Stimulus
GO:0052547,Regulation Of Peptidase Activity
GO:0030323,Respiratory Tube Development
GO:0060412,Ventricular Septum Morphogenesis
GO:0045926,Negative Regulation Of Growth
GO:0042093,T-helper Cell Differentiation
GO:0002474,Antigen Processing And Presentation Of Peptide Antigen Via MHC Class I
GO:0001658,Branching Involved In Ureteric Bud Morphogenesis
GO:0003209,Cardiac Atrium Morphogenesis
GO:0001935,Endothelial Cell Proliferation
GO:0046456,Icosanoid Biosynthetic Process
GO:1902992,Negative Regulation Of Amyloid Precursor Protein Catabolic Process
GO:0050995,Negative Regulation Of Lipid Catabolic Process
GO:0014033,Neural Crest Cell Differentiation
GO:0050905,Neuromuscular Process
GO:1900227,Positive Regulation Of NLRP3 Inflammasome Complex Assembly
GO:1904031,Positive Regulation Of Cyclin-Dependent Protein Kinase Activity
GO:0045821,Positive Regulation Of Glycolytic Process
GO:0030150,Protein Import Into Mitochondrial Matrix
GO:0003184,Pulmonary Valve Morphogenesis
GO:0050688,Regulation Of Defense Response To Virus
GO:0032878,Regulation Of Establishment Or Maintenance Of Cell Polarity
GO:0001657,Ureteric Bud Development
GO:0060255,Regulation Of Macromolecule Metabolic Process
GO:0032732,Positive Regulation Of Interleukin-1 Production
GO:0048562,Embryonic Organ Morphogenesis
GO:0010810,Regulation Of Cell-Substrate Adhesion
GO:0006986,Response To Unfolded Protein
GO:1903008,Organelle Disassembly
GO:0051893,Regulation Of Focal Adhesion Assembly
GO:0019216,Regulation Of Lipid Metabolic Process
GO:0051053,Negative Regulation Of DNA Metabolic Process
GO:0006661,Phosphatidylinositol Biosynthetic Process
GO:0044271,Cellular Nitrogen Compound Biosynthetic Process
GO:0030261,Chromosome Condensation
GO:0051438,Regulation Of Ubiquitin-Protein Transferase Activity
GO:0032148,Activation Of Protein Kinase B Activity
GO:0006699,Bile Acid Biosynthetic Process
GO:0071383,Cellular Response To Steroid Hormone Stimulus
GO:0090200,Positive Regulation Of Release Of Cytochrome C From Mitochondria
GO:0051155,Positive Regulation Of Striated Muscle Cell Differentiation
GO:0031641,Regulation Of Myelination
GO:0090330,Regulation Of Platelet Aggregation
GO:0015918,Sterol Transport
GO:0002312,B Cell Activation Involved In Immune Response
GO:0086064,Cell Communication By Electrical Coupling Involved In Cardiac Conduction
GO:0071398,Cellular Response To Fatty Acid
GO:1901699,Cellular Response To Nitrogen Compound
GO:0072599,Establishment Of Protein Localization To Endoplasmic Reticulum
GO:0006516,Glycoprotein Catabolic Process
GO:0032367,Intracellular Cholesterol Transport
GO:1902430,Negative Regulation Of Amyloid-Beta Formation
GO:2000811,Negative Regulation Of Anoikis
GO:0043923,Positive Regulation By Host Of Viral Transcription
GO:0090050,Positive Regulation Of Cell Migration Involved In Sprouting Angiogenesis
GO:0061081,Positive Regulation Of Myeloid Leukocyte Cytokine Production Involved In Immune Response
GO:0051917,Regulation Of Fibrinolysis
GO:0010738,Regulation Of Protein Kinase A Signaling
GO:0051046,Regulation Of Secretion
GO:0061709,Reticulophagy
GO:0071816,Tail-Anchored Membrane Protein Insertion Into ER Membrane
GO:1902115,Regulation Of Organelle Assembly
GO:0001937,Negative Regulation Of Endothelial Cell Proliferation
GO:0016485,Protein Processing
GO:0007265,Ras Protein Signal Transduction
GO:0007015,Actin Filament Organization
GO:0072378,"Blood Coagulation, Fibrin Clot Formation"
GO:0035089,Establishment Of Apical/Basal Cell Polarity
GO:0031579,Membrane Raft Organization
GO:0035278,miRNA-mediated Gene Silencing By Inhibition Of Translation
GO:0032331,Negative Regulation Of Chondrocyte Differentiation
GO:0031016,Pancreas Development
GO:0030859,Polarized Epithelial Cell Differentiation
GO:0046457,Prostanoid Biosynthetic Process
GO:0072376,Protein Activation Cascade
GO:0043328,Protein Transport To Vacuole Involved In Ubiquitin-Dependent Protein Catabolic Process Via The Multivesicular Body Sorting Pathway
GO:2001169,Regulation Of ATP Biosynthetic Process
GO:0090189,Regulation Of Branching Involved In Ureteric Bud Morphogenesis
GO:0043470,Regulation Of Carbohydrate Catabolic Process
GO:0010885,Regulation Of Cholesterol Storage
GO:0070201,Regulation Of Establishment Of Protein Localization
GO:0019220,Regulation Of Phosphate Metabolic Process
GO:0032928,Regulation Of Superoxide Anion Generation
GO:0000712,Resolution Of Meiotic Recombination Intermediates
GO:0014706,Striated Muscle Tissue Development
GO:0008625,Extrinsic Apoptotic Signaling Pathway Via Death Domain Receptors
GO:0070059,Intrinsic Apoptotic Signaling Pathway In Response To Endoplasmic Reticulum Stress
GO:0043200,Response To Amino Acid
GO:0071354,Cellular Response To Interleukin-6
GO:0002753,Cytosolic Pattern Recognition Receptor Signaling Pathway
GO:0021782,Glial Cell Development
GO:0150117,Positive Regulation Of Cell-Substrate Junction Organization
GO:1905332,Positive Regulation Of Morphogenesis Of An Epithelium
GO:0019985,Translesion Synthesis
GO:0060070,Canonical Wnt Signaling Pathway
GO:1990778,Protein Localization To Cell Periphery
GO:0036500,ATF6-mediated Unfolded Protein Response
GO:0110025,DNA Strand Resection Involved In Replication Fork Processing
GO:0044806,G-quadruplex DNA Unwinding
GO:0036498,IRE1-mediated Unfolded Protein Response
GO:0007198,Adenylate Cyclase-Inhibiting Serotonin Receptor Signaling Pathway
GO:0046184,Aldehyde Biosynthetic Process
GO:0038166,Angiotensin-Activated Signaling Pathway
GO:0060379,Cardiac Muscle Cell Myoblast Differentiation
GO:0086042,Cardiac Muscle Cell-Cardiac Muscle Cell Adhesion
GO:0090493,Catecholamine Uptake
GO:0071420,Cellular Response To Histamine
GO:0071355,Cellular Response To Interleukin-9
GO:0071868,Cellular Response To Monoamine Stimulus
GO:0000052,Citrulline Metabolic Process
GO:0060216,Definitive Hemopoiesis
GO:0002934,Desmosome Organization
GO:0071907,Determination Of Digestive Tract Left/Right Asymmetry
GO:0006012,Galactose Metabolic Process
GO:0009251,Glucan Catabolic Process
GO:0007599,Hemostasis
GO:0035137,Hindlimb Morphogenesis
GO:0030213,Hyaluronan Biosynthetic Process
GO:0038113,Interleukin-9-Mediated Signaling Pathway
GO:0006551,Leucine Metabolic Process
GO:0072234,Metanephric Nephron Tubule Development
GO:0090646,Mitochondrial tRNA Processing
GO:2000317,Negative Regulation Of T-helper 17 Type Immune Response
GO:0010985,Negative Regulation Of Lipoprotein Particle Clearance
GO:0045939,Negative Regulation Of Steroid Metabolic Process
GO:1904354,Negative Regulation Of Telomere Capping
GO:0002829,Negative Regulation Of Type 2 Immune Response
GO:0015874,Norepinephrine Transport
GO:0072015,Podocyte Development
GO:1903896,Positive Regulation Of IRE1-mediated Unfolded Protein Response
GO:1900223,Positive Regulation Of Amyloid-Beta Clearance
GO:1901098,Positive Regulation Of Autophagosome Maturation
GO:0031343,Positive Regulation Of Cell Killing
GO:0002839,Positive Regulation Of Immune Response To Tumor Cell
GO:0032747,Positive Regulation Of Interleukin-23 Production
GO:0033148,Positive Regulation Of Intracellular Estrogen Receptor Signaling Pathway
GO:0051006,Positive Regulation Of Lipoprotein Lipase Activity
GO:1901526,Positive Regulation Of Mitophagy
GO:0098779,Positive Regulation Of Mitophagy In Response To Mitochondrial Depolarization
GO:0001956,Positive Regulation Of Neurotransmitter Secretion
GO:0071073,Positive Regulation Of Phospholipid Biosynthetic Process
GO:0048549,Positive Regulation Of Pinocytosis
GO:1904781,Positive Regulation Of Protein Localization To Centrosome
GO:0045940,Positive Regulation Of Steroid Metabolic Process
GO:0030167,Proteoglycan Catabolic Process
GO:0009220,Pyrimidine Ribonucleotide Biosynthetic Process
GO:0000183,rDNA Heterochromatin Formation
GO:1903939,Regulation Of TORC2 Signaling
GO:1904251,Regulation Of Bile Acid Metabolic Process
GO:1903242,Regulation Of Cardiac Muscle Hypertrophy In Response To Stress
GO:1900037,Regulation Of Cellular Response To Hypoxia
GO:0044058,Regulation Of Digestive System Process
GO:2000535,Regulation Of Entry Of Bacterium Into Host Cell
GO:1904139,Regulation Of Microglial Cell Migration
GO:0035507,Regulation Of Myosin-Light-Chain-Phosphatase Activity
GO:0014061,Regulation Of Norepinephrine Secretion
GO:0031392,Regulation Of Prostaglandin Biosynthetic Process
GO:0014819,Regulation Of Skeletal Muscle Contraction
GO:0003081,Regulation Of Systemic Arterial Blood Pressure By Renin-Angiotensin
GO:0032909,Regulation Of Transforming Growth Factor Beta2 Production
GO:1905459,Regulation Of Vascular Associated Smooth Muscle Cell Apoptotic Process
GO:0035914,Skeletal Muscle Cell Differentiation
GO:0001963,"Synaptic Transmission, Dopaminergic"
GO:0016185,Synaptic Vesicle Budding From Presynaptic Endocytic Zone Membrane
GO:0000972,Transcription-Dependent Tethering Of RNA Polymerase II Gene DNA At Nuclear Periphery
GO:0030321,Transepithelial Chloride Transport
GO:0072189,Ureter Development
GO:0071230,Cellular Response To Amino Acid Stimulus
GO:0072332,Intrinsic Apoptotic Signaling Pathway By P53 Class Mediator
GO:0042116,Macrophage Activation
GO:0060538,Skeletal Muscle Organ Development
GO:0007216,G Protein-Coupled Glutamate Receptor Signaling Pathway
GO:0006085,acetyl-CoA Biosynthetic Process
GO:0033275,Actin-Myosin Filament Sliding
GO:0060612,Adipose Tissue Development
GO:0032328,Alanine Transport
GO:0009066,Aspartate Family Amino Acid Metabolic Process
GO:0007413,Axonal Fasciculation
GO:0019896,Axonal Transport Of Mitochondrion
GO:0070509,Calcium Ion Import
GO:0003215,Cardiac Right Ventricle Morphogenesis
GO:0043954,Cellular Component Maintenance
GO:1902001,Fatty Acid Transmembrane Transport
GO:0042730,Fibrinolysis
GO:0046629,Gamma-Delta T Cell Activation
GO:0034374,Low-Density Lipoprotein Particle Remodeling
GO:0048332,Mesoderm Morphogenesis
GO:0044793,Negative Regulation By Host Of Viral Process
GO:0006490,Oligosaccharide-Lipid Intermediate Biosynthetic Process
GO:2001046,Positive Regulation Of Integrin-Mediated Signaling Pathway
GO:0046827,Positive Regulation Of Protein Export From Nucleus
GO:1900029,Positive Regulation Of Ruffle Assembly
GO:1901387,Positive Regulation Of Voltage-Gated Calcium Channel Activity
GO:0051290,Protein Heterotetramerization
GO:0033081,Regulation Of T Cell Differentiation In Thymus
GO:0110020,Regulation Of Actomyosin Structure Organization
GO:0032768,Regulation Of Monooxygenase Activity
GO:0055119,Relaxation Of Cardiac Muscle
GO:0006706,Steroid Catabolic Process
GO:0006672,Ceramide Metabolic Process
GO:0035023,Regulation Of Rho Protein Signal Transduction
GO:1902475,L-alpha-amino Acid Transmembrane Transport
GO:0031113,Regulation Of Microtubule Polymerization
GO:0032655,Regulation Of Interleukin-12 Production
GO:2001233,Regulation Of Apoptotic Signaling Pathway
GO:0038202,TORC1 Signaling
GO:0015800,Acidic Amino Acid Transport
GO:0002065,Columnar/Cuboidal Epithelial Cell Differentiation
GO:0055089,Fatty Acid Homeostasis
GO:0051383,Kinetochore Organization
GO:0001823,Mesonephros Development
GO:0034982,Mitochondrial Protein Processing
GO:0030049,Muscle Filament Sliding
GO:0030889,Negative Regulation Of B Cell Proliferation
GO:0010826,Negative Regulation Of Centrosome Duplication
GO:0045820,Negative Regulation Of Glycolytic Process
GO:1903206,Negative Regulation Of Hydrogen Peroxide-Induced Cell Death
GO:0033147,Negative Regulation Of Intracellular Estrogen Receptor Signaling Pathway
GO:2000650,Negative Regulation Of Sodium Ion Transmembrane Transporter Activity
GO:0051292,Nuclear Pore Complex Assembly
GO:0097267,Omega-Hydroxylase P450 Pathway
GO:2001140,Positive Regulation Of Phospholipid Transport
GO:1902514,Regulation Of Calcium Ion Transmembrane Transport Via High Voltage-Gated Calcium Channel
GO:0032368,Regulation Of Lipid Transport
GO:0010988,Regulation Of Low-Density Lipoprotein Particle Clearance
GO:0048021,Regulation Of Melanin Biosynthetic Process
GO:0035358,Regulation Of Peroxisome Proliferator Activated Receptor Signaling Pathway
GO:0090128,Regulation Of Synapse Maturation
GO:0036314,Response To Sterol
GO:0070525,tRNA Threonylcarbamoyladenosine Metabolic Process
GO:0006590,Thyroid Hormone Generation
GO:0001655,Urogenital System Development
GO:0072539,T-helper 17 Cell Differentiation
GO:0034205,Amyloid-Beta Formation
GO:0006702,Androgen Biosynthetic Process
GO:0010002,Cardioblast Differentiation
GO:0036120,Cellular Response To Platelet-Derived Growth Factor Stimulus
GO:0001867,"Complement Activation, Lectin Pathway"
GO:0140719,Constitutive Heterochromatin Formation
GO:0050910,Detection Of Mechanical Stimulus Involved In Sensory Perception Of Sound
GO:0035115,Embryonic Forelimb Morphogenesis
GO:0001958,Endochondral Ossification
GO:0000459,Exonucleolytic Trimming Involved In rRNA Processing
GO:0000467,"Exonucleolytic Trimming To Generate Mature 3'-End Of 5.8S rRNA From Tricistronic rRNA Transcript (SSU-rRNA, 5.8S rRNA, LSU-rRNA)"
GO:0042363,Fat-Soluble Vitamin Catabolic Process
GO:0060119,Inner Ear Receptor Cell Development
GO:0060575,Intestinal Epithelial Cell Differentiation
GO:0008299,Isoprenoid Biosynthetic Process
GO:0006720,Isoprenoid Metabolic Process
GO:0033210,Leptin-Mediated Signaling Pathway
GO:0044828,Negative Regulation By Host Of Viral Genome Replication
GO:0010887,Negative Regulation Of Cholesterol Storage
GO:0090209,Negative Regulation Of Triglyceride Metabolic Process
GO:0045161,Neuronal Ion Channel Clustering
GO:0098810,Neurotransmitter Reuptake
GO:0038066,p38MAPK Cascade
GO:0010524,Positive Regulation Of Calcium Ion Transport Into Cytosol
GO:0046601,Positive Regulation Of Centriole Replication
GO:2000643,Positive Regulation Of Early Endosome To Late Endosome Transport
GO:0060732,Positive Regulation Of Inositol Phosphate Biosynthetic Process
GO:0090037,Positive Regulation Of Protein Kinase C Signaling
GO:1902966,Positive Regulation Of Protein Localization To Early Endosome
GO:1905668,Positive Regulation Of Protein Localization To Endosome
GO:0090129,Positive Regulation Of Synapse Maturation
GO:0034214,Protein Hexamerization
GO:1902959,Regulation Of Aspartic-Type Endopeptidase Activity Involved In Amyloid Precursor Protein Catabolic Process
GO:0045682,Regulation Of Epidermis Development
GO:1903596,Regulation Of Gap Junction Assembly
GO:0060251,Regulation Of Glial Cell Proliferation
GO:0032667,Regulation Of Interleukin-23 Production
GO:1902253,Regulation Of Intrinsic Apoptotic Signaling Pathway By P53 Class Mediator
GO:1905521,Regulation Of Macrophage Migration
GO:0072182,Regulation Of Nephron Tubule Epithelial Cell Differentiation
GO:1902965,Regulation Of Protein Localization To Early Endosome
GO:0007063,Regulation Of Sister Chromatid Cohesion
GO:0051610,Serotonin Uptake
GO:0043589,Skin Morphogenesis
GO:0006283,Transcription-Coupled Nucleotide-Excision Repair
GO:0140627,Ubiquitin-Dependent Protein Catabolic Process Via The C-end Degron Rule Pathway
GO:0043277,Apoptotic Cell Clearance
GO:0007044,Cell-Substrate Junction Assembly
GO:0010972,Negative Regulation Of G2/M Transition Of Mitotic Cell Cycle
GO:0043516,"Regulation Of DNA Damage Response, Signal Transduction By P53 Class Mediator"
GO:1905475,Regulation Of Protein Localization To Membrane
GO:1990090,Cellular Response To Nerve Growth Factor Stimulus
GO:0051131,Chaperone-Mediated Protein Complex Assembly
GO:0016042,Lipid Catabolic Process
GO:2000629,Negative Regulation Of miRNA Metabolic Process
GO:0045823,Positive Regulation Of Heart Contraction
GO:0010883,Regulation Of Lipid Storage
GO:0051588,Regulation Of Neurotransmitter Transport
GO:0036503,ERAD Pathway
GO:0051258,Protein Polymerization
GO:0032729,Positive Regulation Of Type II Interferon Production
GO:0045742,Positive Regulation Of Epidermal Growth Factor Receptor Signaling Pathway
GO:0051281,Positive Regulation Of Release Of Sequestered Calcium Ion Into Cytosol
GO:1901224,Positive Regulation Of NIK/NF-kappaB Signaling
GO:0015908,Fatty Acid Transport
GO:0071478,Cellular Response To Radiation
GO:0070373,Negative Regulation Of ERK1 And ERK2 Cascade
GO:0048260,Positive Regulation Of Receptor-Mediated Endocytosis
GO:0003181,Atrioventricular Valve Morphogenesis
GO:0042771,Intrinsic Apoptotic Signaling Pathway In Response To DNA Damage By P53 Class Mediator
GO:1903170,Negative Regulation Of Calcium Ion Transmembrane Transport
GO:0045922,Negative Regulation Of Fatty Acid Metabolic Process
GO:0046931,Pore Complex Assembly
GO:0046635,Positive Regulation Of Alpha-Beta T Cell Activation
GO:0090141,Positive Regulation Of Mitochondrial Fission
GO:0045577,Regulation Of B Cell Differentiation
GO:2001044,Regulation Of Integrin-Mediated Signaling Pathway
GO:0150077,Regulation Of Neuroinflammatory Response
GO:0001836,Release Of Cytochrome C From Mitochondria
GO:0042178,Xenobiotic Catabolic Process
GO:0060071,"Wnt Signaling Pathway, Planar Cell Polarity Pathway"
GO:0035195,miRNA-mediated Gene Silencing
GO:0090305,Nucleic Acid Phosphodiester Bond Hydrolysis
GO:1903426,Regulation Of Reactive Oxygen Species Biosynthetic Process
GO:0008535,Respiratory Chain Complex IV Assembly
GO:0051384,Response To Glucocorticoid
GO:1905037,Autophagosome Organization
GO:0043030,Regulation Of Macrophage Activation
GO:2000008,Regulation Of Protein Localization To Cell Surface
GO:1900024,Regulation Of Substrate Adhesion-Dependent Cell Spreading
GO:0090277,Positive Regulation Of Peptide Hormone Secretion
GO:0016052,Carbohydrate Catabolic Process
GO:0035567,Non-Canonical Wnt Signaling Pathway
GO:0016079,Synaptic Vesicle Exocytosis
GO:0006304,DNA Modification
GO:0046394,Carboxylic Acid Biosynthetic Process
GO:0071385,Cellular Response To Glucocorticoid Stimulus
GO:0000578,Embryonic Axis Specification
GO:0019373,Epoxygenase P450 Pathway
GO:0085029,Extracellular Matrix Assembly
GO:0140718,Facultative Heterochromatin Formation
GO:0021915,Neural Tube Development
GO:0046496,Nicotinamide Nucleotide Metabolic Process
GO:0060391,Positive Regulation Of SMAD Protein Signal Transduction
GO:0046641,Positive Regulation Of Alpha-Beta T Cell Proliferation
GO:2000738,Positive Regulation Of Stem Cell Differentiation
GO:0090335,Regulation Of Brown Fat Cell Differentiation
GO:2000114,Regulation Of Establishment Of Cell Polarity
GO:0045091,Regulation Of Single Stranded Viral RNA Replication Via Double Stranded DNA Intermediate
GO:1904356,Regulation Of Telomere Maintenance Via Telomere Lengthening
GO:0000904,Cell Morphogenesis Involved In Differentiation
GO:0010800,Positive Regulation Of Peptidyl-Threonine Phosphorylation
GO:2000116,Regulation Of Cysteine-Type Endopeptidase Activity
GO:1902903,Regulation Of Supramolecular Fiber Organization
GO:0007009,Plasma Membrane Organization
GO:0050808,Synapse Organization
GO:0010977,Negative Regulation Of Neuron Projection Development
GO:0034113,Heterotypic Cell-Cell Adhesion
GO:0051928,Positive Regulation Of Calcium Ion Transport
GO:2001222,Regulation Of Neuron Migration
GO:0033559,Unsaturated Fatty Acid Metabolic Process
GO:0072659,Protein Localization To Plasma Membrane
GO:0034330,Cell Junction Organization
GO:0071384,Cellular Response To Corticosteroid Stimulus
GO:0071391,Cellular Response To Estrogen Stimulus
GO:0046514,Ceramide Catabolic Process
GO:0006488,Dolichol-Linked Oligosaccharide Biosynthetic Process
GO:1903513,Endoplasmic Reticulum To Cytosol Transport
GO:1902236,Negative Regulation Of Endoplasmic Reticulum Stress-Induced Intrinsic Apoptotic Signaling Pathway
GO:0048008,Platelet-Derived Growth Factor Receptor Signaling Pathway
GO:0045737,Positive Regulation Of Cyclin-Dependent Protein Serine/Threonine Kinase Activity
GO:0002891,Positive Regulation Of Immunoglobulin Mediated Immune Response
GO:0070198,"Protein Localization To Chromosome, Telomeric Region"
GO:1900034,Regulation Of Cellular Response To Heat
GO:0032656,Regulation Of Interleukin-13 Production
GO:2000232,Regulation Of rRNA Processing
GO:0048864,Stem Cell Development
GO:0010812,Negative Regulation Of Cell-Substrate Adhesion
GO:1990138,Neuron Projection Extension
GO:0050680,Negative Regulation Of Epithelial Cell Proliferation
GO:0008277,Regulation Of G Protein-Coupled Receptor Signaling Pathway
GO:0019674,NAD Metabolic Process
GO:0095500,Acetylcholine Receptor Signaling Pathway
GO:0035967,Cellular Response To Topologically Incorrect Protein
GO:0097028,Dendritic Cell Differentiation
GO:0010648,Negative Regulation Of Cell Communication
GO:0001890,Placenta Development
GO:0010922,Positive Regulation Of Phosphatase Activity
GO:1903902,Positive Regulation Of Viral Life Cycle
GO:0009894,Regulation Of Catabolic Process
GO:0046825,Regulation Of Protein Export From Nucleus
GO:0000027,Ribosomal Large Subunit Assembly
GO:0006820,Monoatomic Anion Transport
GO:0010608,Post-Transcriptional Regulation Of Gene Expression
GO:0071222,Cellular Response To Lipopolysaccharide
GO:0045824,Negative Regulation Of Innate Immune Response
GO:0015718,Monocarboxylic Acid Transport
GO:0015711,Organic Anion Transport
GO:0072583,Clathrin-Dependent Endocytosis
GO:0030865,Cortical Cytoskeleton Organization
GO:0018149,Peptide Cross-Linking
GO:0002684,Positive Regulation Of Immune System Process
GO:0060765,Regulation Of Androgen Receptor Signaling Pathway
GO:0038128,ERBB2 Signaling Pathway
GO:0003283,Atrial Septum Development
GO:0003171,Atrioventricular Valve Development
GO:0035051,Cardiocyte Differentiation
GO:0042219,Cellular Modified Amino Acid Catabolic Process
GO:0051220,Cytoplasmic Sequestering Of Protein
GO:0140894,Endolysosomal Toll-Like Receptor Signaling Pathway
GO:0000479,"Endonucleolytic Cleavage Of Tricistronic rRNA Transcript (SSU-rRNA, 5.8S rRNA, LSU-rRNA)"
GO:0046485,Ether Lipid Metabolic Process
GO:0002313,Mature B Cell Differentiation Involved In Immune Response
GO:0051899,Membrane Depolarization
GO:0031293,Membrane Protein Intracellular Domain Proteolysis
GO:0099111,Microtubule-Based Transport
GO:0001773,Myeloid Dendritic Cell Activation
GO:0050866,Negative Regulation Of Cell Activation
GO:0090051,Negative Regulation Of Cell Migration Involved In Sprouting Angiogenesis
GO:1900102,Negative Regulation Of Endoplasmic Reticulum Unfolded Protein Response
GO:0045662,Negative Regulation Of Myoblast Differentiation
GO:0050862,Positive Regulation Of T Cell Receptor Signaling Pathway
GO:1905820,Positive Regulation Of Chromosome Separation
GO:0045723,Positive Regulation Of Fatty Acid Biosynthetic Process
GO:1903894,Regulation Of IRE1-mediated Unfolded Protein Response
GO:1902165,Regulation Of Intrinsic Apoptotic Signaling Pathway In Response To DNA Damage By P53 Class Mediator
GO:1902743,Regulation Of Lamellipodium Organization
GO:1990089,Response To Nerve Growth Factor
GO:0046520,Sphingoid Biosynthetic Process
GO:0046512,Sphingosine Biosynthetic Process
GO:0006929,Substrate-Dependent Cell Migration
GO:0050770,Regulation Of Axonogenesis
GO:0051452,Intracellular pH Reduction
GO:2000134,Negative Regulation Of G1/S Transition Of Mitotic Cell Cycle
GO:0051965,Positive Regulation Of Synapse Assembly
GO:1904894,Positive Regulation Of Receptor Signaling Pathway Via STAT
GO:0045109,Intermediate Filament Organization
GO:0007010,Cytoskeleton Organization
GO:0001885,Endothelial Cell Development
GO:0006691,Leukotriene Metabolic Process
GO:0060291,Long-Term Synaptic Potentiation
GO:1904030,Negative Regulation Of Cyclin-Dependent Protein Kinase Activity
GO:0051058,Negative Regulation Of Small GTPase Mediated Signal Transduction
GO:0030858,Positive Regulation Of Epithelial Cell Differentiation
GO:0003177,Pulmonary Valve Development
GO:0090279,Regulation Of Calcium Ion Import
GO:1904375,Regulation Of Protein Localization To Cell Periphery
GO:0034121,Regulation Of Toll-Like Receptor Signaling Pathway
GO:0046488,Phosphatidylinositol Metabolic Process
GO:0045600,Positive Regulation Of Fat Cell Differentiation
GO:1902017,Regulation Of Cilium Assembly
GO:0051336,Regulation Of Hydrolase Activity
GO:0046033,AMP Metabolic Process
GO:0033962,P-body Assembly
GO:0046068,cGMP Metabolic Process
GO:0015670,Carbon Dioxide Transport
GO:0032990,Cell Part Morphogenesis
GO:0071493,Cellular Response To UV-B
GO:0071498,Cellular Response To Fluid Shear Stress
GO:0097067,Cellular Response To Thyroid Hormone Stimulus
GO:0021955,Central Nervous System Neuron Axonogenesis
GO:0021952,Central Nervous System Projection Neuron Axonogenesis
GO:0009048,Dosage Compensation By Inactivation Of X Chromosome
GO:0048821,Erythrocyte Development
GO:0033540,Fatty Acid Beta-Oxidation Using acyl-CoA Oxidase
GO:0009084,Glutamine Family Amino Acid Biosynthetic Process
GO:0050892,Intestinal Absorption
GO:0098856,Intestinal Lipid Absorption
GO:0110156,Methylguanosine-Cap Decapping
GO:0045822,Negative Regulation Of Heart Contraction
GO:1900152,"Negative Regulation Of Nuclear-Transcribed mRNA Catabolic Process, Deadenylation-Dependent Decay"
GO:1901292,Nucleoside Phosphate Catabolic Process
GO:0014821,Phasic Smooth Muscle Contraction
GO:0033700,Phospholipid Efflux
GO:0090190,Positive Regulation Of Branching Involved In Ureteric Bud Morphogenesis
GO:1902101,Positive Regulation Of Metaphase/Anaphase Transition Of Cell Cycle
GO:0045842,Positive Regulation Of Mitotic Metaphase/Anaphase Transition
GO:0070863,Positive Regulation Of Protein Exit From Endoplasmic Reticulum
GO:0070232,Regulation Of T Cell Apoptotic Process
GO:2000319,Regulation Of T-helper 17 Cell Differentiation
GO:1902991,Regulation Of Amyloid Precursor Protein Catabolic Process
GO:0050865,Regulation Of Cell Activation
GO:0051547,Regulation Of Keratinocyte Migration
GO:0070861,Regulation Of Protein Exit From Endoplasmic Reticulum
GO:0070302,Regulation Of Stress-Activated Protein Kinase Signaling Cascade
GO:0071731,Response To Nitric Oxide
GO:0002832,Negative Regulation Of Response To Biotic Stimulus
GO:0031638,Zymogen Activation
GO:0032511,Late Endosome To Vacuole Transport Via Multivesicular Body Sorting Pathway
GO:0042759,Long-Chain Fatty Acid Biosynthetic Process
GO:0014902,Myotube Differentiation
GO:0010952,Positive Regulation Of Peptidase Activity
GO:0009154,Purine Ribonucleotide Catabolic Process
GO:2000249,Regulation Of Actin Cytoskeleton Reorganization
GO:0008361,Regulation Of Cell Size
GO:2001032,Regulation Of Double-Strand Break Repair Via Nonhomologous End Joining
GO:0005979,Regulation Of Glycogen Biosynthetic Process
GO:0035459,Vesicle Cargo Loading
GO:0097659,Nucleic Acid-Templated Transcription
GO:2000785,Regulation Of Autophagosome Assembly
GO:0006506,GPI Anchor Biosynthetic Process
GO:0050732,Negative Regulation Of Peptidyl-Tyrosine Phosphorylation
GO:0040017,Positive Regulation Of Locomotion
GO:0045937,Positive Regulation Of Phosphate Metabolic Process
GO:0034315,Regulation Of Arp2/3 Complex-Mediated Actin Nucleation
GO:0034332,Adherens Junction Organization
GO:0048813,Dendrite Morphogenesis
GO:0015804,Neutral Amino Acid Transport
GO:0000209,Protein Polyubiquitination
GO:0031532,Actin Cytoskeleton Reorganization
GO:0006796,Phosphate-Containing Compound Metabolic Process
GO:0008306,Associative Learning
GO:0051156,Glucose 6-Phosphate Metabolic Process
GO:0043271,Negative Regulation Of Monoatomic Ion Transport
GO:0051961,Negative Regulation Of Nervous System Development
GO:0032793,Positive Regulation Of CREB Transcription Factor Activity
GO:1900017,Positive Regulation Of Cytokine Production Involved In Inflammatory Response
GO:0051894,Positive Regulation Of Focal Adhesion Assembly
GO:0090023,Positive Regulation Of Neutrophil Chemotaxis
GO:0032516,Positive Regulation Of Phosphoprotein Phosphatase Activity
GO:0090208,Positive Regulation Of Triglyceride Metabolic Process
GO:0071459,"Protein Localization To Chromosome, Centromeric Region"
GO:0002724,Regulation Of T Cell Cytokine Production
GO:0045604,Regulation Of Epidermal Cell Differentiation
GO:0051249,Regulation Of Lymphocyte Activation
GO:2000300,Regulation Of Synaptic Vesicle Exocytosis
GO:0070723,Response To Cholesterol
GO:0001782,B Cell Homeostasis
GO:0042772,"DNA Damage Response, Signal Transduction Resulting In Transcription"
GO:0048313,Golgi Inheritance
GO:0007252,I-kappaB Phosphorylation
GO:0030325,Adrenal Gland Development
GO:1903963,Arachidonate Transport
GO:0050482,Arachidonic Acid Secretion
GO:0015810,Aspartate Transmembrane Transport
GO:0036444,Calcium Import Into The Mitochondrion
GO:0048593,Camera-Type Eye Morphogenesis
GO:0140052,Cellular Response To Oxidised Low-Density Lipoprotein Particle Stimulus
GO:0055064,Chloride Ion Homeostasis
GO:0009250,Glucan Biosynthetic Process
GO:0005978,Glycogen Biosynthetic Process
GO:0046479,Glycosphingolipid Catabolic Process
GO:0060218,Hematopoietic Stem Cell Differentiation
GO:0034380,High-Density Lipoprotein Particle Assembly
GO:0050667,Homocysteine Metabolic Process
GO:0035825,Homologous Recombination
GO:0030299,Intestinal Cholesterol Absorption
GO:0051382,Kinetochore Assembly
GO:0060231,Mesenchymal To Epithelial Transition
GO:0070584,Mitochondrion Morphogenesis
GO:0055081,Monoatomic Anion Homeostasis
GO:0043011,Myeloid Dendritic Cell Differentiation
GO:0014067,Negative Regulation Of Phosphatidylinositol 3-Kinase Signaling
GO:1901017,Negative Regulation Of Potassium Ion Transmembrane Transporter Activity
GO:0031953,Negative Regulation Of Protein Autophosphorylation
GO:0051974,Negative Regulation Of Telomerase Activity
GO:0010944,Negative Regulation Of Transcription By Competitive Promoter Binding
GO:1900747,Negative Regulation Of Vascular Endothelial Growth Factor Signaling Pathway
GO:0038180,Nerve Growth Factor Signaling Pathway
GO:1901616,Organic Hydroxy Compound Catabolic Process
GO:0034638,Phosphatidylcholine Catabolic Process
GO:0045684,Positive Regulation Of Epidermis Development
GO:0051549,Positive Regulation Of Keratinocyte Migration
GO:1901985,Positive Regulation Of Protein Acetylation
GO:0034105,Positive Regulation Of Tissue Remodeling
GO:0099068,Postsynapse Assembly
GO:0097090,Presynaptic Membrane Organization
GO:1901661,Quinone Metabolic Process
GO:0060628,Regulation Of ER To Golgi Vesicle-Mediated Transport
GO:1903025,Regulation Of RNA Polymerase II Regulatory Region Sequence-Specific DNA Binding
GO:1903115,Regulation Of Actin Filament-Based Movement
GO:2000027,Regulation Of Animal Organ Morphogenesis
GO:0051988,Regulation Of Attachment Of Spindle Microtubules To Kinetochore
GO:1900101,Regulation Of Endoplasmic Reticulum Unfolded Protein Response
GO:1901841,Regulation Of High Voltage-Gated Calcium Channel Activity
GO:1905634,Regulation Of Protein Localization To Chromatin
GO:0072710,Response To Hydroxyurea
GO:0034616,Response To Laminar Fluid Shear Stress
GO:0042310,Vasoconstriction
GO:0035313,"Wound Healing, Spreading Of Epidermal Cells"
GO:0071277,Cellular Response To Calcium Ion
GO:0032412,Regulation Of Monoatomic Ion Transmembrane Transporter Activity
GO:0030148,Sphingolipid Biosynthetic Process
GO:0051345,Positive Regulation Of Hydrolase Activity
GO:0006402,mRNA Catabolic Process
GO:0030514,Negative Regulation Of BMP Signaling Pathway
GO:0051496,Positive Regulation Of Stress Fiber Assembly
GO:0032535,Regulation Of Cellular Component Size
GO:0015909,Long-Chain Fatty Acid Transport
GO:0045665,Negative Regulation Of Neuron Differentiation
GO:1902414,Protein Localization To Cell Junction
GO:0090181,Regulation Of Cholesterol Metabolic Process
GO:0042773,ATP Synthesis Coupled Electron Transport
GO:0006266,DNA Ligation
GO:0006188,IMP Biosynthetic Process
GO:0007220,Notch Receptor Processing
GO:0072540,T-helper 17 Cell Lineage Commitment
GO:0006527,Arginine Catabolic Process
GO:0007597,"Blood Coagulation, Intrinsic Pathway"
GO:0042402,Cellular Biogenic Amine Catabolic Process
GO:1904385,Cellular Response To Angiotensin
GO:0044320,Cellular Response To Leptin Stimulus
GO:0072044,Collecting Duct Development
GO:0000290,Deadenylation-Dependent Decapping Of Nuclear-Transcribed mRNA
GO:0097062,Dendritic Spine Maintenance
GO:0072663,Establishment Of Protein Localization To Peroxisome
GO:0015884,Folic Acid Transport
GO:0006000,Fructose Metabolic Process
GO:0016139,Glycoside Catabolic Process
GO:0045110,Intermediate Filament Bundle Assembly
GO:0072074,Kidney Mesenchyme Development
GO:0019372,Lipoxygenase Pathway
GO:0060836,Lymphatic Endothelial Cell Differentiation
GO:0060644,Mammary Gland Epithelial Cell Differentiation
GO:0042438,Melanin Biosynthetic Process
GO:0006555,Methionine Metabolic Process
GO:0002444,Myeloid Leukocyte Mediated Immunity
GO:0051451,Myoblast Migration
GO:0002903,Negative Regulation Of B Cell Apoptotic Process
GO:2000320,Negative Regulation Of T-helper 17 Cell Differentiation
GO:1900222,Negative Regulation Of Amyloid-Beta Clearance
GO:0042754,Negative Regulation Of Circadian Rhythm
GO:0032769,Negative Regulation Of Monooxygenase Activity
GO:0014741,Negative Regulation Of Muscle Hypertrophy
GO:0045019,Negative Regulation Of Nitric Oxide Biosynthetic Process
GO:1904406,Negative Regulation Of Nitric Oxide Metabolic Process
GO:2000757,Negative Regulation Of Peptidyl-Lysine Acetylation
GO:0017185,Peptidyl-Lysine Hydroxylation
GO:0035357,Peroxisome Proliferator Activated Receptor Signaling Pathway
GO:0046469,Platelet Activating Factor Metabolic Process
GO:0043372,"Positive Regulation Of CD4-positive, Alpha-Beta T Cell Differentiation"
GO:2000553,Positive Regulation Of T-helper 2 Cell Cytokine Production
GO:1905247,Positive Regulation Of Aspartic-Type Peptidase Activity
GO:1903977,Positive Regulation Of Glial Cell Migration
GO:0033145,Positive Regulation Of Intracellular Steroid Hormone Receptor Signaling Pathway
GO:0010912,Positive Regulation Of Isomerase Activity
GO:0048023,Positive Regulation Of Melanin Biosynthetic Process
GO:0045838,Positive Regulation Of Membrane Potential
GO:0090063,Positive Regulation Of Microtubule Nucleation
GO:0033034,Positive Regulation Of Myeloid Cell Apoptotic Process
GO:0060316,Positive Regulation Of Ryanodine-Sensitive Calcium-Release Channel Activity
GO:1900378,Positive Regulation Of Secondary Metabolite Biosynthetic Process
GO:0009954,Proximal/Distal Pattern Formation
GO:0009169,Purine Ribonucleoside Monophosphate Catabolic Process
GO:0072521,Purine-Containing Compound Metabolic Process
GO:0043620,Regulation Of DNA-templated Transcription In Response To Stress
GO:0046637,Regulation Of Alpha-Beta T Cell Differentiation
GO:0046640,Regulation Of Alpha-Beta T Cell Proliferation
GO:0098909,Regulation Of Cardiac Muscle Cell Action Potential Involved In Regulation Of Contraction
GO:0003356,Regulation Of Cilium Beat Frequency
GO:0048670,Regulation Of Collateral Sprouting
GO:0051342,Regulation Of Cyclic-Nucleotide Phosphodiesterase Activity
GO:0060159,Regulation Of Dopamine Receptor Signaling Pathway
GO:0032071,Regulation Of Endodeoxyribonuclease Activity
GO:0061387,Regulation Of Extent Of Cell Growth
GO:0070663,Regulation Of Leukocyte Proliferation
GO:0040020,Regulation Of Meiotic Nuclear Division
GO:0002761,Regulation Of Myeloid Leukocyte Differentiation
GO:0061418,Regulation Of Transcription From RNA Polymerase II Promoter In Response To Hypoxia
GO:0090207,Regulation Of Triglyceride Metabolic Process
GO:0061043,Regulation Of Vascular Wound Healing
GO:1903514,Release Of Sequestered Calcium Ion Into Cytosol By Endoplasmic Reticulum
GO:0010225,Response To UV-C
GO:0003163,Sinoatrial Node Development
GO:0000097,Sulfur Amino Acid Biosynthetic Process
GO:0000101,Sulfur Amino Acid Transport
GO:0006721,Terpenoid Metabolic Process
GO:0006361,Transcription Initiation At RNA Polymerase I Promoter
GO:0060841,Venous Blood Vessel Development
GO:0032456,Endocytic Recycling
GO:1903530,Regulation Of Secretion By Cell
GO:0006501,C-terminal Protein Lipidation
GO:0140009,L-aspartate Import Across Plasma Membrane
GO:0070778,L-aspartate Transmembrane Transport
GO:0006559,L-phenylalanine Catabolic Process
GO:0006558,L-phenylalanine Metabolic Process
GO:0045064,T-helper 2 Cell Differentiation
GO:0008635,Activation Of Cysteine-Type Endopeptidase Activity Involved In Apoptotic Process By Cytochrome C
GO:0007191,Adenylate Cyclase-Activating Dopamine Receptor Signaling Pathway
GO:0048708,Astrocyte Differentiation
GO:0008088,Axo-Dendritic Transport
GO:1904158,Axonemal Central Apparatus Assembly
GO:0001662,Behavioral Fear Response
GO:0086019,Cell-Cell Signaling Involved In Cardiac Conduction
GO:0070417,Cellular Response To Cold
GO:0097011,Cellular Response To Granulocyte Macrophage Colony-Stimulating Factor Stimulus
GO:0038146,Chemokine (C-X-C Motif) Ligand 12 Signaling Pathway
GO:0060242,Contact Inhibition
GO:0097680,Double-Strand Break Repair Via Classical Nonhomologous End Joining
GO:0043583,Ear Development
GO:1990403,Embryonic Brain Development
GO:0035116,Embryonic Hindlimb Morphogenesis
GO:0070166,Enamel Mineralization
GO:0072175,Epithelial Tube Formation
GO:1902222,Erythrose 4-Phosphate/Phosphoenolpyruvate Family Amino Acid Catabolic Process
GO:0008585,Female Gonad Development
GO:0009448,Gamma-Aminobutyric Acid Metabolic Process
GO:0072311,Glomerular Epithelial Cell Differentiation
GO:0006538,Glutamate Catabolic Process
GO:0030200,Heparan Sulfate Proteoglycan Catabolic Process
GO:0046700,Heterocycle Catabolic Process
GO:0019320,Hexose Catabolic Process
GO:0002455,Humoral Immune Response Mediated By Circulating Immunoglobulin
GO:0050665,Hydrogen Peroxide Biosynthetic Process
GO:0070841,Inclusion Body Assembly
GO:0090594,Inflammatory Response To Wounding
GO:0042491,Inner Ear Auditory Receptor Cell Differentiation
GO:0038173,interleukin-17A-mediated Signaling Pathway
GO:0060993,Kidney Morphogenesis
GO:0042157,Lipoprotein Metabolic Process
GO:0000389,mRNA 3'-Splice Site Recognition
GO:0003337,Mesenchymal To Epithelial Transition Involved In Metanephros Morphogenesis
GO:0072205,Metanephric Collecting Duct Development
GO:0016098,Monoterpenoid Metabolic Process
GO:0003159,Morphogenesis Of An Endothelium
GO:0045792,Negative Regulation Of Cell Size
GO:0032471,Negative Regulation Of Endoplasmic Reticulum Calcium Ion Concentration
GO:0090394,Negative Regulation Of Excitatory Postsynaptic Potential
GO:0044027,Negative Regulation Of Gene Expression Via CpG Island Methylation
GO:0045719,Negative Regulation Of Glycogen Biosynthetic Process
GO:0031452,Negative Regulation Of Heterochromatin Formation
GO:0033033,Negative Regulation Of Myeloid Cell Apoptotic Process
GO:0044387,Negative Regulation Of Protein Kinase Activity By Regulation Of Protein Phosphorylation
GO:0090315,Negative Regulation Of Protein Targeting To Membrane
GO:0010891,Negative Regulation Of Sequestering Of Triglyceride
GO:0034136,Negative Regulation Of Toll-Like Receptor 2 Signaling Pathway
GO:0097201,Negative Regulation Of Transcription From RNA Polymerase II Promoter In Response To Stress
GO:0072080,Nephron Tubule Development
GO:0007405,Neuroblast Proliferation
GO:0030903,Notochord Development
GO:0035872,"Nucleotide-Binding Domain, Leucine Rich Repeat Containing Receptor Signaling Pathway"
GO:0003344,Pericardium Morphogenesis
GO:0000425,Pexophagy
GO:0072386,Plus-End-Directed Organelle Transport Along Microtubule
GO:0090521,Podocyte Cell Migration
GO:0045630,Positive Regulation Of T-helper 2 Cell Differentiation
GO:0120183,Positive Regulation Of Focal Adhesion Disassembly
GO:1903598,Positive Regulation Of Gap Junction Assembly
GO:1902255,Positive Regulation Of Intrinsic Apoptotic Signaling Pathway By P53 Class Mediator
GO:0051712,Positive Regulation Of Killing Of Cells Of Another Organism
GO:1904141,Positive Regulation Of Microglial Cell Migration
GO:0010918,Positive Regulation Of Mitochondrial Membrane Potential
GO:0034767,Positive Regulation Of Monoatomic Ion Transmembrane Transport
GO:0060545,Positive Regulation Of Necroptotic Process
GO:0062100,Positive Regulation Of Programmed Necrotic Cell Death
GO:0032373,Positive Regulation Of Sterol Transport
GO:0097499,Protein Localization To Non-Motile Cilium
GO:1990166,Protein Localization To Site Of Double-Strand Break
GO:0071211,Protein Targeting To Vacuole Involved In Autophagy
GO:0042558,Pteridine-Containing Compound Metabolic Process
GO:0009113,Purine Nucleobase Biosynthetic Process
GO:0110011,Regulation Of Basement Membrane Organization
GO:1903903,Regulation Of Establishment Of T Cell Polarity
GO:0070344,Regulation Of Fat Cell Proliferation
GO:0120182,Regulation Of Focal Adhesion Disassembly
GO:2000465,Regulation Of Glycogen (Starch) Synthase Activity
GO:1901725,Regulation Of Histone Deacetylase Activity
GO:1905671,Regulation Of Lysosome Organization
GO:2000109,Regulation Of Macrophage Apoptotic Process
GO:1902498,Regulation Of Protein Autoubiquitination
GO:1903533,Regulation Of Protein Targeting
GO:0090322,Regulation Of Superoxide Metabolic Process
GO:1904429,Regulation Of T-Circle Formation
GO:0070243,Regulation Of Thymocyte Apoptotic Process
GO:0070170,Regulation Of Tooth Mineralization
GO:0010901,Regulation Of Very-Low-Density Lipoprotein Particle Remodeling
GO:0061318,Renal Filtration Cell Differentiation
GO:0071139,Resolution Of Recombination Intermediates
GO:1903412,Response To Bile Acid
GO:0071869,Response To Catecholamine
GO:0034698,Response To Gonadotropin
GO:0097012,Response To Granulocyte Macrophage Colony-Stimulating Factor
GO:0010042,Response To Manganese Ion
GO:0032494,Response To Peptidoglycan
GO:0031509,Subtelomeric Heterochromatin Formation
GO:0016078,tRNA Catabolic Process
GO:0000050,Urea Cycle
GO:0003223,Ventricular Compact Myocardium Morphogenesis
GO:0061025,Membrane Fusion
GO:0061045,Negative Regulation Of Wound Healing
GO:0070269,Pyroptosis
GO:0046890,Regulation Of Lipid Biosynthetic Process
GO:0051223,Regulation Of Protein Transport
GO:0035307,Positive Regulation Of Protein Dephosphorylation
GO:0046006,Regulation Of Activated T Cell Proliferation
GO:0060338,Regulation Of Type I Interferon-Mediated Signaling Pathway
GO:0072164,Mesonephric Tubule Development
GO:0032780,Negative Regulation Of ATP-dependent Activity
GO:1902254,Negative Regulation Of Intrinsic Apoptotic Signaling Pathway By P53 Class Mediator
GO:0098813,Nuclear Chromosome Segregation
GO:0060037,Pharyngeal System Development
GO:0006692,Prostanoid Metabolic Process
GO:0010866,Regulation Of Triglyceride Biosynthetic Process
GO:0010224,Response To UV-B
GO:0001960,Negative Regulation Of Cytokine-Mediated Signaling Pathway
GO:0034728,Nucleosome Organization
GO:0120032,Regulation Of Plasma Membrane Bounded Cell Projection Assembly
GO:0006665,Sphingolipid Metabolic Process
GO:0051960,Regulation Of Nervous System Development
GO:0038127,ERBB Signaling Pathway
GO:0043297,Apical Junction Assembly
GO:0045861,Negative Regulation Of Proteolysis
GO:0034612,Response To Tumor Necrosis Factor
GO:0000466,"Maturation Of 5.8S rRNA From Tricistronic rRNA Transcript (SSU-rRNA, 5.8S rRNA, LSU-rRNA)"
GO:0044827,Modulation By Host Of Viral Genome Replication
GO:0032703,Negative Regulation Of Interleukin-2 Production
GO:0016973,poly(A)+ mRNA Export From Nucleus
GO:0071624,Positive Regulation Of Granulocyte Chemotaxis
GO:0044090,Positive Regulation Of Vacuole Organization
GO:0002090,Regulation Of Receptor Internalization
GO:0043154,Negative Regulation Of Cysteine-Type Endopeptidase Activity Involved In Apoptotic Process
GO:0030041,Actin Filament Polymerization
GO:0007159,Leukocyte Cell-Cell Adhesion
GO:0001953,Negative Regulation Of Cell-Matrix Adhesion
GO:0048640,Negative Regulation Of Developmental Growth
GO:2001238,Positive Regulation Of Extrinsic Apoptotic Signaling Pathway
GO:1900271,Regulation Of Long-Term Synaptic Potentiation
GO:0006622,Protein Targeting To Lysosome
GO:0032231,Regulation Of Actin Filament Bundle Assembly
GO:0008333,Endosome To Lysosome Transport
GO:0000045,Autophagosome Assembly
GO:0006633,Fatty Acid Biosynthetic Process
GO:0015813,L-glutamate Transmembrane Transport
GO:0055006,Cardiac Cell Development
GO:0055070,Copper Ion Homeostasis
GO:0019348,Dolichol Metabolic Process
GO:0060766,Negative Regulation Of Androgen Receptor Signaling Pathway
GO:0050687,Negative Regulation Of Defense Response To Virus
GO:1904893,Negative Regulation Of Receptor Signaling Pathway Via STAT
GO:0007158,Neuron Cell-Cell Adhesion
GO:0060389,Pathway-Restricted SMAD Protein Phosphorylation
GO:2001028,Positive Regulation Of Endothelial Cell Chemotaxis
GO:0070875,Positive Regulation Of Glycogen Metabolic Process
GO:0006620,Post-Translational Protein Targeting To Endoplasmic Reticulum Membrane
GO:0072665,Protein Localization To Vacuole
GO:2001026,Regulation Of Endothelial Cell Chemotaxis
GO:0003091,Renal Water Homeostasis
GO:0022904,Respiratory Electron Transport Chain
GO:0009069,Serine Family Amino Acid Metabolic Process
GO:0048499,Synaptic Vesicle Membrane Organization
GO:0038084,Vascular Endothelial Growth Factor Signaling Pathway
GO:0001817,Regulation Of Cytokine Production
GO:0090307,Mitotic Spindle Assembly
GO:0002683,Negative Regulation Of Immune System Process
GO:0050921,Positive Regulation Of Chemotaxis
GO:0071219,Cellular Response To Molecule Of Bacterial Origin
GO:0050714,Positive Regulation Of Protein Secretion
GO:1903214,Regulation Of Protein Targeting To Mitochondrion
GO:0061097,Regulation Of Protein Tyrosine Kinase Activity
GO:0099518,Vesicle Cytoskeletal Trafficking
GO:0045930,Negative Regulation Of Mitotic Cell Cycle
GO:0060317,Cardiac Epithelial To Mesenchymal Transition
GO:0009190,Cyclic Nucleotide Biosynthetic Process
GO:0048566,Embryonic Digestive Tract Development
GO:0030073,Insulin Secretion
GO:0043651,Linoleic Acid Metabolic Process
GO:0045736,Negative Regulation Of Cyclin-Dependent Protein Serine/Threonine Kinase Activity
GO:0051291,Protein Heterooligomerization
GO:0043113,Receptor Clustering
GO:0045619,Regulation Of Lymphocyte Differentiation
GO:0034103,Regulation Of Tissue Remodeling
GO:1900746,Regulation Of Vascular Endothelial Growth Factor Signaling Pathway
GO:0003009,Skeletal Muscle Contraction
GO:0008286,Insulin Receptor Signaling Pathway
GO:0051251,Positive Regulation Of Lymphocyte Activation
GO:0072337,Modified Amino Acid Transport
GO:0035306,Positive Regulation Of Dephosphorylation
GO:0045070,Positive Regulation Of Viral Genome Replication
GO:0070979,Protein K11-linked Ubiquitination
GO:0097305,Response To Alcohol
GO:0035456,Response To Interferon-Beta
GO:0006826,Iron Ion Transport
GO:0007528,Neuromuscular Junction Development
GO:0032527,Protein Exit From Endoplasmic Reticulum
GO:1902692,Regulation Of Neuroblast Proliferation
GO:0009746,Response To Hexose
GO:0015740,C4-dicarboxylate Transport
GO:0006740,NADPH Regeneration
GO:0006576,Biogenic Amine Metabolic Process
GO:0046058,cAMP Metabolic Process
GO:0005513,Detection Of Calcium Ion
GO:0001754,Eye Photoreceptor Cell Differentiation
GO:0043922,Negative Regulation By Host Of Viral Transcription
GO:1902931,Negative Regulation Of Alcohol Biosynthetic Process
GO:1902166,Negative Regulation Of Intrinsic Apoptotic Signaling Pathway In Response To DNA Damage By P53 Class Mediator
GO:0040013,Negative Regulation Of Locomotion
GO:0002446,Neutrophil Mediated Immunity
GO:0009117,Nucleotide Metabolic Process
GO:2000516,"Positive Regulation Of CD4-positive, Alpha-Beta T Cell Activation"
GO:0050850,Positive Regulation Of Calcium-Mediated Signaling
GO:0046321,Positive Regulation Of Fatty Acid Oxidation
GO:1903428,Positive Regulation Of Reactive Oxygen Species Biosynthetic Process
GO:0031054,pre-miRNA Processing
GO:0110053,Regulation Of Actin Filament Organization
GO:0010649,Regulation Of Cell Communication By Electrical Coupling
GO:1902036,Regulation Of Hematopoietic Stem Cell Differentiation
GO:0032674,Regulation Of Interleukin-5 Production
GO:0032495,Response To Muramyl Dipeptide
GO:0097066,Response To Thyroid Hormone
GO:0046903,Secretion
GO:0046513,Ceramide Biosynthetic Process
GO:0030216,Keratinocyte Differentiation
GO:0045666,Positive Regulation Of Neuron Differentiation
GO:0030100,Regulation Of Endocytosis
GO:0007613,Memory
GO:0043666,Regulation Of Phosphoprotein Phosphatase Activity
GO:0007173,Epidermal Growth Factor Receptor Signaling Pathway
GO:0006641,Triglyceride Metabolic Process
GO:2000117,Negative Regulation Of Cysteine-Type Endopeptidase Activity
GO:0120192,Tight Junction Assembly
GO:0071312,Cellular Response To Alkaloid
GO:0071359,Cellular Response To dsRNA
GO:0006882,Intracellular Zinc Ion Homeostasis
GO:0044458,Motile Cilium Assembly
GO:0035024,Negative Regulation Of Rho Protein Signal Transduction
GO:0002695,Negative Regulation Of Leukocyte Activation
GO:0051154,Negative Regulation Of Striated Muscle Cell Differentiation
GO:0033630,Positive Regulation Of Cell Adhesion Mediated By Integrin
GO:0043032,Positive Regulation Of Macrophage Activation
GO:0001881,Receptor Recycling
GO:1903715,Regulation Of Aerobic Respiration
GO:1902259,Regulation Of Delayed Rectifier Potassium Channel Activity
GO:0010827,Regulation Of Glucose Transmembrane Transport
GO:1901532,Regulation Of Hematopoietic Progenitor Cell Differentiation
GO:0044088,Regulation Of Vacuole Organization
GO:0010447,Response To Acidic pH
GO:0030970,"Retrograde Protein Transport, ER To Cytosol"
GO:1904263,Positive Regulation Of TORC1 Signaling
GO:0060390,Regulation Of SMAD Protein Signal Transduction
GO:0050771,Negative Regulation Of Axonogenesis
GO:0043436,Oxoacid Metabolic Process
GO:0045589,Regulation Of Regulatory T Cell Differentiation
GO:1901222,Regulation Of NIK/NF-kappaB Signaling
GO:0071356,Cellular Response To Tumor Necrosis Factor
GO:0034605,Cellular Response To Heat
GO:0051480,Regulation Of Cytosolic Calcium Ion Concentration
GO:0061314,Notch Signaling Involved In Heart Development
GO:0002295,T-helper Cell Lineage Commitment
GO:1901607,Alpha-Amino Acid Biosynthetic Process
GO:0060413,Atrial Septum Morphogenesis
GO:0071492,Cellular Response To UV-A
GO:0036295,Cellular Response To Increased Oxygen Levels
GO:0045198,Establishment Of Epithelial Cell Apical/Basal Polarity
GO:0015816,Glycine Transport
GO:0071425,Hematopoietic Stem Cell Proliferation
GO:0070306,Lens Fiber Cell Differentiation
GO:0051177,Meiotic Sister Chromatid Cohesion
GO:0030224,Monocyte Differentiation
GO:0046007,Negative Regulation Of Activated T Cell Proliferation
GO:0032926,Negative Regulation Of Activin Receptor Signaling Pathway
GO:1900047,Negative Regulation Of Hemostasis
GO:0034111,Negative Regulation Of Homotypic Cell-Cell Adhesion
GO:0090084,Negative Regulation Of Inclusion Body Assembly
GO:0032700,Negative Regulation Of Interleukin-17 Production
GO:0060761,Negative Regulation Of Response To Cytokine Stimulus
GO:0106030,Neuron Projection Fasciculation
GO:0009141,Nucleoside Triphosphate Metabolic Process
GO:0051987,Positive Regulation Of Attachment Of Spindle Microtubules To Kinetochore
GO:0045780,Positive Regulation Of Bone Resorption
GO:0090205,Positive Regulation Of Cholesterol Metabolic Process
GO:0032736,Positive Regulation Of Interleukin-13 Production
GO:0051770,Positive Regulation Of Nitric-Oxide Synthase Biosynthetic Process
GO:0071636,Positive Regulation Of Transforming Growth Factor Beta Production
GO:0010665,Regulation Of Cardiac Muscle Cell Apoptotic Process
GO:2000622,"Regulation Of Nuclear-Transcribed mRNA Catabolic Process, Nonsense-Mediated Decay"
GO:2000756,Regulation Of Peptidyl-Lysine Acetylation
GO:0034391,Regulation Of Smooth Muscle Cell Apoptotic Process
GO:0010896,Regulation Of Triglyceride Catabolic Process
GO:0031960,Response To Corticosteroid
GO:0070296,Sarcoplasmic Reticulum Calcium Ion Transport
GO:0009070,Serine Family Amino Acid Biosynthetic Process
GO:0000491,Small Nucleolar Ribonucleoprotein Complex Assembly
GO:0043401,Steroid Hormone Mediated Signaling Pathway
GO:0034379,Very-Low-Density Lipoprotein Particle Assembly
GO:1902807,Negative Regulation Of Cell Cycle G1/S Phase Transition
GO:0050684,Regulation Of mRNA Processing
GO:0060627,Regulation Of Vesicle-Mediated Transport
GO:0022407,Regulation Of Cell-Cell Adhesion
GO:0032233,Positive Regulation Of Actin Filament Bundle Assembly
GO:0045055,Regulated Exocytosis
GO:0051963,Regulation Of Synapse Assembly
GO:0016064,Immunoglobulin Mediated Immune Response
GO:0050848,Regulation Of Calcium-Mediated Signaling
GO:0000729,DNA Double-Strand Break Processing
GO:0051938,L-glutamate Import
GO:0046631,Alpha-Beta T Cell Activation
GO:0060997,Dendritic Spine Morphogenesis
GO:0006760,Folic Acid-Containing Compound Metabolic Process
GO:0015669,Gas Transport
GO:0006027,Glycosaminoglycan Catabolic Process
GO:0008156,Negative Regulation Of DNA Replication
GO:0002698,Negative Regulation Of Immune Effector Process
GO:0043031,Negative Regulation Of Macrophage Activation
GO:0038179,Neurotrophin Signaling Pathway
GO:1901970,Positive Regulation Of Mitotic Sister Chromatid Separation
GO:0060143,Positive Regulation Of Syncytium Formation By Plasma Membrane Fusion
GO:0034764,Positive Regulation Of Transmembrane Transport
GO:1905508,Protein Localization To Microtubule Organizing Center
GO:0045540,Regulation Of Cholesterol Biosynthetic Process
GO:0051004,Regulation Of Lipoprotein Lipase Activity
GO:1903311,Regulation Of mRNA Metabolic Process
GO:0030149,Sphingolipid Catabolic Process
GO:0046949,fatty-acyl-CoA Biosynthetic Process
GO:1905476,Negative Regulation Of Protein Localization To Membrane
GO:1903035,Negative Regulation Of Response To Wounding
GO:0030072,Peptide Hormone Secretion
GO:0090022,Regulation Of Neutrophil Chemotaxis
GO:0030433,Ubiquitin-Dependent ERAD Pathway
GO:0051591,Response To cAMP
GO:0006167,AMP Biosynthetic Process
GO:0006978,"DNA Damage Response, Signal Transduction By P53 Class Mediator Resulting In Transcription Of P21 Class Mediator"
GO:0046717,Acid Secretion
GO:0046164,Alcohol Catabolic Process
GO:0045453,Bone Resorption
GO:0000492,Box C/D snoRNP Assembly
GO:0072711,Cellular Response To Hydroxyurea
GO:0071225,Cellular Response To Muramyl Dipeptide
GO:0038065,Collagen-Activated Signaling Pathway
GO:0019371,Cyclooxygenase Pathway
GO:0070837,Dehydroascorbic Acid Transport
GO:0001892,Embryonic Placenta Development
GO:0035646,Endosome To Melanosome Transport
GO:0043485,Endosome To Pigment Granule Transport
GO:0003198,Epithelial To Mesenchymal Transition Involved In Endocardial Cushion Formation
GO:0035722,Interleukin-12-Mediated Signaling Pathway
GO:0043653,Mitochondrial Fragmentation Involved In Apoptotic Process
GO:0002725,Negative Regulation Of T Cell Cytokine Production
GO:0043951,Negative Regulation Of cAMP-mediated Signaling
GO:0010561,Negative Regulation Of Glycoprotein Biosynthetic Process
GO:1900272,Negative Regulation Of Long-Term Synaptic Potentiation
GO:0043242,Negative Regulation Of Protein-Containing Complex Disassembly
GO:0003085,Negative Regulation Of Systemic Arterial Blood Pressure
GO:0009132,Nucleoside Diphosphate Metabolic Process
GO:0043574,Peroxisomal Transport
GO:2001171,Positive Regulation Of ATP Biosynthetic Process
GO:2000251,Positive Regulation Of Actin Cytoskeleton Reorganization
GO:0002732,Positive Regulation Of Dendritic Cell Cytokine Production
GO:0051561,Positive Regulation Of Mitochondrial Calcium Ion Concentration
GO:0071639,Positive Regulation Of Monocyte Chemotactic Protein-1 Production
GO:0034393,Positive Regulation Of Smooth Muscle Cell Apoptotic Process
GO:0097105,Presynaptic Membrane Assembly
GO:0043248,Proteasome Assembly
GO:0072529,Pyrimidine-Containing Compound Catabolic Process
GO:2001141,Regulation Of RNA Biosynthetic Process
GO:0031341,Regulation Of Cell Killing
GO:1902950,Regulation Of Dendritic Spine Maintenance
GO:1901550,Regulation Of Endothelial Cell Development
GO:2000269,Regulation Of Fibroblast Apoptotic Process
GO:0043467,Regulation Of Generation Of Precursor Metabolites And Energy
GO:0046602,Regulation Of Mitotic Centrosome Separation
GO:0033047,Regulation Of Mitotic Sister Chromatid Segregation
GO:0033262,Regulation Of Nuclear Cell Cycle DNA Replication
GO:0046620,Regulation Of Organ Growth
GO:0062207,Regulation Of Pattern Recognition Receptor Signaling Pathway
GO:0071801,Regulation Of Podosome Assembly
GO:0022400,Regulation Of Rhodopsin Mediated Signaling Pathway
GO:2001014,Regulation Of Skeletal Muscle Cell Differentiation
GO:0032026,Response To Magnesium Ion
GO:0014866,Skeletal Myofibril Assembly
GO:0061053,Somite Development
GO:0003376,Sphingosine-1-Phosphate Receptor Signaling Pathway
GO:0098883,Synapse Pruning
GO:0003309,Type B Pancreatic Cell Differentiation
GO:0035886,Vascular Associated Smooth Muscle Cell Differentiation
GO:0042373,Vitamin K Metabolic Process
GO:0099515,Actin Filament-Based Transport
GO:0035584,Calcium-Mediated Signaling Using Intracellular Calcium Source
GO:0050869,Negative Regulation Of B Cell Activation
GO:0040019,Positive Regulation Of Embryonic Development
GO:0090224,Regulation Of Spindle Organization
GO:0046467,Membrane Lipid Biosynthetic Process
GO:1903749,Positive Regulation Of Establishment Of Protein Localization To Mitochondrion
GO:0032735,Positive Regulation Of Interleukin-12 Production
GO:1903556,Negative Regulation Of Tumor Necrosis Factor Superfamily Cytokine Production
GO:0035082,Axoneme Assembly
GO:0140694,Non-Membrane-Bounded Organelle Assembly
GO:0019941,Modification-Dependent Protein Catabolic Process
GO:0090501,RNA Phosphodiester Bond Hydrolysis
GO:0032689,Negative Regulation Of Type II Interferon Production
GO:0051204,Protein Insertion Into Mitochondrial Membrane
GO:0034067,Protein Localization To Golgi Apparatus
GO:0045124,Regulation Of Bone Resorption
GO:0002031,G Protein-Coupled Receptor Internalization
GO:0006177,GMP Biosynthetic Process
GO:0007183,SMAD Protein Complex Assembly
GO:0006577,Amino-Acid Betaine Metabolic Process
GO:0019885,Antigen Processing And Presentation Of Endogenous Peptide Antigen Via MHC Class I
GO:0032060,Bleb Assembly
GO:0060926,Cardiac Pacemaker Cell Development
GO:0071476,Cellular Hypotonic Response
GO:0015871,Choline Transport
GO:0072318,Clathrin Coat Disassembly
GO:0051838,Cytolysis By Host Of Symbiont Cells
GO:0062149,Detection Of Stimulus Involved In Sensory Perception Of Pain
GO:0046545,Development Of Primary Female Sexual Characteristics
GO:0035907,Dorsal Aorta Development
GO:0035912,Dorsal Aorta Morphogenesis
GO:0048251,Elastic Fiber Assembly
GO:0035850,Epithelial Cell Differentiation Involved In Kidney Development
GO:0098976,Excitatory Chemical Synaptic Transmission
GO:0035272,Exocrine System Development
GO:0016264,Gap Junction Assembly
GO:0002068,Glandular Epithelial Cell Development
GO:0072310,Glomerular Epithelial Cell Development
GO:0005980,Glycogen Catabolic Process
GO:0006971,Hypotonic Response
GO:0002933,Lipid Hydroxylation
GO:0045475,Locomotor Rhythm
GO:0010742,Macrophage Derived Foam Cell Differentiation
GO:0044351,Macropinocytosis
GO:0036438,Maintenance Of Lens Transparency
GO:0039536,Negative Regulation Of RIG-I Signaling Pathway
GO:0046600,Negative Regulation Of Centriole Replication
GO:1903748,Negative Regulation Of Establishment Of Protein Localization To Mitochondrion
GO:0070874,Negative Regulation Of Glycogen Metabolic Process
GO:1905598,Negative Regulation Of Low-Density Lipoprotein Receptor Activity
GO:0045835,Negative Regulation Of Meiotic Nuclear Division
GO:0010757,Negative Regulation Of Plasminogen Activation
GO:0060331,Negative Regulation Of Response To Type II Interferon
GO:0034392,Negative Regulation Of Smooth Muscle Cell Apoptotic Process
GO:0070303,Negative Regulation Of Stress-Activated Protein Kinase Signaling Cascade
GO:0060336,Negative Regulation Of Type II Interferon-Mediated Signaling Pathway
GO:0003357,Noradrenergic Neuron Differentiation
GO:0043584,Nose Development
GO:0046112,Nucleobase Biosynthetic Process
GO:0006862,Nucleotide Transport
GO:0018195,Peptidyl-Arginine Modification
GO:0061626,Pharyngeal Arch Artery Morphogenesis
GO:0060158,Phospholipase C-activating Dopamine Receptor Signaling Pathway
GO:1902961,Positive Regulation Of Aspartic-Type Endopeptidase Activity Involved In Amyloid Precursor Protein Catabolic Process
GO:0033605,Positive Regulation Of Catecholamine Secretion
GO:0090045,Positive Regulation Of Deacetylase Activity
GO:2000271,Positive Regulation Of Fibroblast Apoptotic Process
GO:2000543,Positive Regulation Of Gastrulation
GO:0014015,Positive Regulation Of Gliogenesis
GO:0032754,Positive Regulation Of Interleukin-5 Production
GO:0090184,Positive Regulation Of Kidney Development
GO:0070230,Positive Regulation Of Lymphocyte Apoptotic Process
GO:1902416,Positive Regulation Of mRNA Binding
GO:0040018,Positive Regulation Of Multicellular Organism Growth
GO:2000646,Positive Regulation Of Receptor Catabolic Process
GO:1905832,Positive Regulation Of Spindle Assembly
GO:0045989,Positive Regulation Of Striated Muscle Contraction
GO:0031915,Positive Regulation Of Synaptic Plasticity
GO:0010898,Positive Regulation Of Triglyceride Catabolic Process
GO:0007039,Protein Catabolic Process In The Vacuole
GO:1903441,Protein Localization To Ciliary Membrane
GO:0106300,protein-DNA Covalent Cross-Linking Repair
GO:0045343,Regulation Of MHC Class I Biosynthetic Process
GO:0002664,Regulation Of T Cell Tolerance Induction
GO:0050854,Regulation Of Antigen Receptor-Mediated Signaling Pathway
GO:0060353,Regulation Of Cell Adhesion Molecule Production
GO:1900076,Regulation Of Cellular Response To Insulin Stimulus
GO:1903722,Regulation Of Centriole Elongation
GO:0010919,Regulation Of Inositol Phosphate Biosynthetic Process
GO:1902746,Regulation Of Lens Fiber Cell Differentiation
GO:1904526,Regulation Of Microtubule Binding
GO:0051153,Regulation Of Striated Muscle Cell Differentiation
GO:0014808,Release Of Sequestered Calcium Ion Into Cytosol By Sarcoplasmic Reticulum
GO:0042220,Response To Cocaine
GO:0060221,Retinal Rod Cell Differentiation
GO:0000056,Ribosomal Small Subunit Export From Nucleus
GO:0046459,Short-Chain Fatty Acid Metabolic Process
GO:0030240,Skeletal Muscle Thin Filament Assembly
GO:0014909,Smooth Muscle Cell Migration
GO:0000098,Sulfur Amino Acid Catabolic Process
GO:0042780,tRNA 3'-End Processing
GO:0014829,Vascular Associated Smooth Muscle Contraction
GO:0042760,Very Long-Chain Fatty Acid Catabolic Process
GO:0050872,White Fat Cell Differentiation
GO:1902116,Negative Regulation Of Organelle Assembly
GO:0001755,Neural Crest Cell Migration
GO:0046324,Regulation Of Glucose Import
GO:0033157,Regulation Of Intracellular Protein Transport
GO:0014032,Neural Crest Cell Development
GO:0046039,GTP Metabolic Process
GO:0001569,Branching Involved In Blood Vessel Morphogenesis
GO:0071243,Cellular Response To Arsenic-Containing Substance
GO:0048268,Clathrin Coat Assembly
GO:0021545,Cranial Nerve Development
GO:0042994,Cytoplasmic Sequestering Of Transcription Factor
GO:0045446,Endothelial Cell Differentiation
GO:0006858,Extracellular Transport
GO:0002768,Immune Response-Regulating Cell Surface Receptor Signaling Pathway
GO:1904862,Inhibitory Synapse Assembly
GO:0034440,Lipid Oxidation
GO:0043518,"Negative Regulation Of DNA Damage Response, Signal Transduction By P53 Class Mediator"
GO:0030502,Negative Regulation Of Bone Mineralization
GO:0002091,Negative Regulation Of Receptor Internalization
GO:0045725,Positive Regulation Of Glycogen Biosynthetic Process
GO:0010560,Positive Regulation Of Glycoprotein Biosynthetic Process
GO:0031453,Positive Regulation Of Heterochromatin Formation
GO:0035774,Positive Regulation Of Insulin Secretion Involved In Cellular Response To Glucose Stimulus
GO:0018126,Protein Hydroxylation
GO:2000479,Regulation Of cAMP-dependent Protein Kinase Activity
GO:0031344,Regulation Of Cell Projection Organization
GO:0031998,Regulation Of Fatty Acid Beta-Oxidation
GO:0002920,Regulation Of Humoral Immune Response
GO:0051769,Regulation Of Nitric-Oxide Synthase Biosynthetic Process
GO:0051171,Regulation Of Nitrogen Compound Metabolic Process
GO:0051341,Regulation Of Oxidoreductase Activity
GO:0062009,Secondary Palate Development
GO:0000244,Spliceosomal tri-snRNP Complex Assembly
GO:0033344,Cholesterol Efflux
GO:1902624,Positive Regulation Of Neutrophil Migration
GO:1901888,Regulation Of Cell Junction Assembly
GO:1900151,"Regulation Of Nuclear-Transcribed mRNA Catabolic Process, Deadenylation-Dependent Decay"
GO:0034331,Cell Junction Maintenance
GO:0002064,Epithelial Cell Development
GO:0061384,Heart Trabecula Morphogenesis
GO:0008053,Mitochondrial Fusion
GO:0048663,Neuron Fate Commitment
GO:0042119,Neutrophil Activation
GO:1903055,Positive Regulation Of Extracellular Matrix Organization
GO:1905523,Positive Regulation Of Macrophage Migration
GO:0031646,Positive Regulation Of Nervous System Process
GO:0002052,Positive Regulation Of Neuroblast Proliferation
GO:1905898,Positive Regulation Of Response To Endoplasmic Reticulum Stress
GO:0016540,Protein Autoprocessing
GO:0043949,Regulation Of cAMP-mediated Signaling
GO:0032965,Regulation Of Collagen Biosynthetic Process
GO:1903541,Regulation Of Exosomal Secretion
GO:0046902,Regulation Of Mitochondrial Membrane Permeability
GO:1905562,Regulation Of Vascular Endothelial Cell Proliferation
GO:0042129,Regulation Of T Cell Proliferation
GO:0071320,Cellular Response To cAMP
GO:0010828,Positive Regulation Of Glucose Transmembrane Transport
GO:0032720,Negative Regulation Of Tumor Necrosis Factor Production
GO:0050672,Negative Regulation Of Lymphocyte Proliferation
GO:0072384,Organelle Transport Along Microtubule
GO:0032388,Positive Regulation Of Intracellular Transport
GO:0055013,Cardiac Muscle Cell Development
GO:0043086,Negative Regulation Of Catalytic Activity
GO:0032418,Lysosome Localization
GO:0006163,Purine Nucleotide Metabolic Process
GO:0008154,Actin Polymerization Or Depolymerization
GO:0007286,Spermatid Development
GO:0051560,Mitochondrial Calcium Ion Homeostasis
GO:1902993,Positive Regulation Of Amyloid Precursor Protein Catabolic Process
GO:0030194,Positive Regulation Of Blood Coagulation
GO:0090109,Regulation Of Cell-Substrate Junction Assembly
GO:0072348,Sulfur Compound Transport
GO:0006285,"Base-Excision Repair, AP Site Formation"
GO:0097720,Calcineurin-Mediated Signaling
GO:0042423,Catecholamine Biosynthetic Process
GO:0071378,Cellular Response To Growth Hormone Stimulus
GO:0022010,Central Nervous System Myelination
GO:0090103,Cochlea Morphogenesis
GO:0006071,Glycerol Metabolic Process
GO:0018130,Heterocycle Biosynthetic Process
GO:0006878,Intracellular Copper Ion Homeostasis
GO:0042953,Lipoprotein Transport
GO:0015693,Magnesium Ion Transport
GO:0048311,Mitochondrion Distribution
GO:0070885,Negative Regulation Of calcineurin-NFAT Signaling Cascade
GO:0106057,Negative Regulation Of Calcineurin-Mediated Signaling
GO:1902548,Negative Regulation Of Cellular Response To Vascular Endothelial Growth Factor Stimulus
GO:0010829,Negative Regulation Of Glucose Transmembrane Transport
GO:0010832,Negative Regulation Of Myotube Differentiation
GO:0051280,Negative Regulation Of Release Of Sequestered Calcium Ion Into Cytosol
GO:0060315,Negative Regulation Of Ryanodine-Sensitive Calcium-Release Channel Activity
GO:1903817,Negative Regulation Of Voltage-Gated Potassium Channel Activity
GO:1901293,Nucleoside Phosphate Biosynthetic Process
GO:0006098,Pentose-Phosphate Shunt
GO:0090385,Phagosome-Lysosome Fusion
GO:0006595,Polyamine Metabolic Process
GO:0032370,Positive Regulation Of Lipid Transport
GO:0031643,Positive Regulation Of Myelination
GO:0010867,Positive Regulation Of Triglyceride Biosynthetic Process
GO:0099172,Presynapse Organization
GO:0097300,Programmed Necrotic Cell Death
GO:0009167,Purine Ribonucleoside Monophosphate Metabolic Process
GO:0043370,"Regulation Of CD4-positive, Alpha-Beta T Cell Differentiation"
GO:1902930,Regulation Of Alcohol Biosynthetic Process
GO:0048710,Regulation Of Astrocyte Differentiation
GO:1901844,Regulation Of Cell Communication By Electrical Coupling Involved In Cardiac Conduction
GO:0003352,Regulation Of Cilium Movement
GO:0019217,Regulation Of Fatty Acid Metabolic Process
GO:1903037,Regulation Of Leukocyte Cell-Cell Adhesion
GO:0043550,Regulation Of Lipid Kinase Activity
GO:0031440,Regulation Of mRNA 3'-End Processing
GO:0090257,Regulation Of Muscle System Process
GO:1900044,Regulation Of Protein K63-linked Ubiquitination
GO:0010165,Response To X-ray
GO:0008272,Sulfate Transport
GO:0046653,Tetrahydrofolate Metabolic Process
GO:0006084,acetyl-CoA Metabolic Process
GO:1902679,Negative Regulation Of RNA Biosynthetic Process
GO:0009890,Negative Regulation Of Biosynthetic Process
GO:0090201,Negative Regulation Of Release Of Cytochrome C From Mitochondria
GO:0039532,Negative Regulation Of Viral-Induced Cytoplasmic Pattern Recognition Receptor Signaling Pathway
GO:0106027,Neuron Projection Organization
GO:0046209,Nitric Oxide Metabolic Process
GO:0034112,Positive Regulation Of Homotypic Cell-Cell Adhesion
GO:0010737,Protein Kinase A Signaling
GO:0070585,Protein Localization To Mitochondrion
GO:0050855,Regulation Of B Cell Receptor Signaling Pathway
GO:1903358,Regulation Of Golgi Organization
GO:0046320,Regulation Of Fatty Acid Oxidation
GO:0033688,Regulation Of Osteoblast Proliferation
GO:0090036,Regulation Of Protein Kinase C Signaling
GO:0043691,Reverse Cholesterol Transport
GO:0034329,Cell Junction Assembly
GO:0034389,Lipid Droplet Organization
GO:1903320,Regulation Of Protein Modification By Small Protein Conjugation Or Removal
GO:0048545,Response To Steroid Hormone
GO:0010596,Negative Regulation Of Endothelial Cell Migration
GO:0032273,Positive Regulation Of Protein Polymerization
GO:0051222,Positive Regulation Of Protein Transport
GO:0032970,Regulation Of Actin Filament-Based Process
GO:0006968,Cellular Defense Response
GO:0015914,Phospholipid Transport
GO:1901991,Negative Regulation Of Mitotic Cell Cycle Phase Transition
GO:1903531,Negative Regulation Of Secretion By Cell
GO:0002763,Positive Regulation Of Myeloid Leukocyte Differentiation
GO:0034204,Lipid Translocation
GO:1901889,Negative Regulation Of Cell Junction Assembly
GO:0032740,Positive Regulation Of Interleukin-17 Production
GO:0043491,Protein Kinase B Signaling
GO:1903050,Regulation Of Proteolysis Involved In Protein Catabolic Process
GO:0006650,Glycerophospholipid Metabolic Process
GO:0042886,Amide Transport
GO:0007292,Female Gamete Generation
GO:0000041,Transition Metal Ion Transport
GO:0000038,Very Long-Chain Fatty Acid Metabolic Process
GO:0016482,Cytosolic Transport
GO:0061157,mRNA Destabilization
GO:0030866,Cortical Actin Cytoskeleton Organization
GO:1903038,Negative Regulation Of Leukocyte Cell-Cell Adhesion
GO:0033137,Negative Regulation Of Peptidyl-Serine Phosphorylation
GO:0006817,Phosphate Ion Transport
GO:0006656,Phosphatidylcholine Biosynthetic Process
GO:0045773,Positive Regulation Of Axon Extension
GO:0070886,Positive Regulation Of calcineurin-NFAT Signaling Cascade
GO:0106058,Positive Regulation Of Calcineurin-Mediated Signaling
GO:0002673,Regulation Of Acute Inflammatory Response
GO:0040036,Regulation Of Fibroblast Growth Factor Receptor Signaling Pathway
GO:0043567,Regulation Of Insulin-Like Growth Factor Receptor Signaling Pathway
GO:0051783,Regulation Of Nuclear Division
GO:0014910,Regulation Of Smooth Muscle Cell Migration
GO:0007029,Endoplasmic Reticulum Organization
GO:1902905,Positive Regulation Of Supramolecular Fiber Organization
GO:0043087,Regulation Of GTPase Activity
GO:0035493,SNARE Complex Assembly
GO:0070252,Actin-Mediated Cell Contraction
GO:0006022,Aminoglycan Metabolic Process
GO:0031103,Axon Regeneration
GO:0031214,Biomineral Tissue Development
GO:0006182,cGMP Biosynthetic Process
GO:0060402,Calcium Ion Transport Into Cytosol
GO:0046835,Carbohydrate Phosphorylation
GO:0071379,Cellular Response To Prostaglandin Stimulus
GO:0071415,Cellular Response To Purine-Containing Compound
GO:0050654,Chondroitin Sulfate Proteoglycan Metabolic Process
GO:0060287,Epithelial Cilium Movement Involved In Determination Of Left/Right Asymmetry
GO:0008611,Ether Lipid Biosynthetic Process
GO:1904861,Excitatory Synapse Assembly
GO:0097530,Granulocyte Migration
GO:0034755,Iron Ion Transmembrane Transport
GO:0060428,Lung Epithelium Development
GO:0101024,Mitotic Nuclear Membrane Organization
GO:0007084,Mitotic Nuclear Membrane Reassembly
GO:0002011,Morphogenesis Of An Epithelial Sheet
GO:0032288,Myelin Assembly
GO:0043217,Myelin Maintenance
GO:0070266,Necroptotic Process
GO:2000048,Negative Regulation Of Cell-Cell Adhesion Mediated By Cadherin
GO:1902260,Negative Regulation Of Delayed Rectifier Potassium Channel Activity
GO:1904950,Negative Regulation Of Establishment Of Protein Localization
GO:0070229,Negative Regulation Of Lymphocyte Apoptotic Process
GO:0010656,Negative Regulation Of Muscle Cell Apoptotic Process
GO:0060546,Negative Regulation Of Necroptotic Process
GO:2000009,Negative Regulation Of Protein Localization To Cell Surface
GO:0034144,Negative Regulation Of Toll-Like Receptor 4 Signaling Pathway
GO:0071635,Negative Regulation Of Transforming Growth Factor Beta Production
GO:0009116,Nucleoside Metabolic Process
GO:0006591,Ornithine Metabolic Process
GO:0006907,Pinocytosis
GO:1903580,Positive Regulation Of ATP Metabolic Process
GO:0070234,Positive Regulation Of T Cell Apoptotic Process
GO:1905209,Positive Regulation Of Cardiocyte Differentiation
GO:0045657,Positive Regulation Of Monocyte Differentiation
GO:0048643,Positive Regulation Of Skeletal Muscle Tissue Development
GO:1902307,Positive Regulation Of Sodium Ion Transmembrane Transport
GO:1901838,Positive Regulation Of Transcription Of Nucleolar Large rRNA By RNA Polymerase I
GO:0035372,Protein Localization To Microtubule
GO:0072698,Protein Localization To Microtubule Cytoskeleton
GO:0030832,Regulation Of Actin Filament Length
GO:2000303,Regulation Of Ceramide Biosynthetic Process
GO:1903659,Regulation Of Complement-Dependent Cytotoxicity
GO:0030852,Regulation Of Granulocyte Differentiation
GO:0042634,Regulation Of Hair Cycle
GO:0001910,Regulation Of Leukocyte Mediated Cytotoxicity
GO:1900452,Regulation Of Long-Term Synaptic Depression
GO:1903059,Regulation Of Protein Lipidation
GO:1902947,Regulation Of Tau-Protein Kinase Activity
GO:0070670,Response To Interleukin-4
GO:0035581,Sequestering Of Extracellular Ligand From Receptor
GO:0031629,Synaptic Vesicle Fusion To Presynaptic Active Zone Membrane
GO:1901998,Toxin Transport
GO:1900026,Positive Regulation Of Substrate Adhesion-Dependent Cell Spreading
GO:0070918,Regulatory ncRNA Processing
GO:0007202,Activation Of Phospholipase C Activity
GO:0050433,Regulation Of Catecholamine Secretion
GO:0090502,"RNA Phosphodiester Bond Hydrolysis, Endonucleolytic"
GO:0042098,T Cell Proliferation
GO:0006026,Aminoglycan Catabolic Process
GO:0071360,Cellular Response To Exogenous dsRNA
GO:0034508,Centromere Complex Assembly
GO:0022900,Electron Transport Chain
GO:0070199,Establishment Of Protein Localization To Chromosome
GO:0051293,Establishment Of Spindle Localization
GO:0006851,Mitochondrial Calcium Ion Transmembrane Transport
GO:0045776,Negative Regulation Of Blood Pressure
GO:0045869,Negative Regulation Of Single Stranded Viral RNA Replication Via Double Stranded DNA Intermediate
GO:2000678,Negative Regulation Of Transcription Regulatory Region DNA Binding
GO:0001845,Phagolysosome Assembly
GO:0002675,Positive Regulation Of Acute Inflammatory Response
GO:1900273,Positive Regulation Of Long-Term Synaptic Potentiation
GO:0043243,Positive Regulation Of Protein-Containing Complex Disassembly
GO:0070207,Protein Homotrimerization
GO:0070206,Protein Trimerization
GO:0046850,Regulation Of Bone Remodeling
GO:0060259,Regulation Of Feeding Behavior
GO:1903978,Regulation Of Microglial Cell Activation
GO:2000050,Regulation Of Non-Canonical Wnt Signaling Pathway
GO:0060211,Regulation Of Nuclear-Transcribed mRNA poly(A) Tail Shortening
GO:0006939,Smooth Muscle Contraction
GO:0016071,mRNA Metabolic Process
GO:0006865,Amino Acid Transport
GO:0042058,Regulation Of Epidermal Growth Factor Receptor Signaling Pathway
GO:0090288,Negative Regulation Of Cellular Response To Growth Factor Stimulus
GO:1902904,Negative Regulation Of Supramolecular Fiber Organization
GO:0043488,Regulation Of mRNA Stability
GO:0050772,Positive Regulation Of Axonogenesis
GO:1904659,Glucose Transmembrane Transport
GO:0045143,Homologous Chromosome Segregation
GO:0033617,Mitochondrial Cytochrome C Oxidase Assembly
GO:0070129,Regulation Of Mitochondrial Translation
GO:0071675,Regulation Of Mononuclear Cell Migration
GO:0032692,Negative Regulation Of Interleukin-1 Production
GO:0090304,Nucleic Acid Metabolic Process
GO:1903955,Positive Regulation Of Protein Targeting To Mitochondrion
GO:0061001,Regulation Of Dendritic Spine Morphogenesis
GO:0002833,Positive Regulation Of Response To Biotic Stimulus
GO:0010951,Negative Regulation Of Endopeptidase Activity
GO:0002720,Positive Regulation Of Cytokine Production Involved In Immune Response
GO:0070536,Protein K63-linked Deubiquitination
GO:0006896,Golgi To Vacuole Transport
GO:1901264,Carbohydrate Derivative Transport
GO:0035329,Hippo Signaling
GO:0035338,Long-Chain fatty-acyl-CoA Biosynthetic Process
GO:0050918,Positive Chemotaxis
GO:0045591,Positive Regulation Of Regulatory T Cell Differentiation
GO:0001941,Postsynaptic Membrane Organization
GO:0071539,Protein Localization To Centrosome
GO:0072522,Purine-Containing Compound Biosynthetic Process
GO:0090266,Regulation Of Mitotic Cell Cycle Spindle Assembly Checkpoint
GO:0006612,Protein Targeting To Membrane
GO:0043631,RNA Polyadenylation
GO:1904262,Negative Regulation Of TORC1 Signaling
GO:1902230,Negative Regulation Of Intrinsic Apoptotic Signaling Pathway In Response To DNA Damage
GO:0051497,Negative Regulation Of Stress Fiber Assembly
GO:2000406,Positive Regulation Of T Cell Migration
GO:0046326,Positive Regulation Of Glucose Import
GO:0035330,Regulation Of Hippo Signaling
GO:0099175,Regulation Of Postsynapse Organization
GO:0070613,Regulation Of Protein Processing
GO:0015866,ADP Transport
GO:0035510,DNA Dealkylation
GO:0006307,DNA Dealkylation Involved In DNA Repair
GO:0015808,L-alanine Transport
GO:0017196,N-terminal Peptidyl-Methionine Acetylation
GO:0070231,T Cell Apoptotic Process
GO:0035666,TRIF-dependent Toll-Like Receptor Signaling Pathway
GO:0046185,Aldehyde Catabolic Process
GO:0019400,Alditol Metabolic Process
GO:0099641,Anterograde Axonal Protein Transport
GO:0009067,Aspartate Family Amino Acid Biosynthetic Process
GO:0099640,Axo-Dendritic Protein Transport
GO:0032291,Axon Ensheathment In Central Nervous System
GO:0042424,Catecholamine Catabolic Process
GO:0042398,Cellular Modified Amino Acid Biosynthetic Process
GO:0060976,Coronary Vasculature Development
GO:0060977,Coronary Vasculature Morphogenesis
GO:0070729,Cyclic Nucleotide Transport
GO:0045008,Depyrimidination
GO:0042420,Dopamine Catabolic Process
GO:0000447,"Endonucleolytic Cleavage In ITS1 To Separate SSU-rRNA From 5.8S rRNA And LSU-rRNA From Tricistronic rRNA Transcript (SSU-rRNA, 5.8S rRNA, LSU-rRNA)"
GO:0051660,Establishment Of Centrosome Localization
GO:0090077,Foam Cell Differentiation
GO:0006544,Glycine Metabolic Process
GO:0070537,Histone H2A K63-linked Deubiquitination
GO:0001771,Immunological Synapse Formation
GO:0006089,Lactate Metabolic Process
GO:0044805,Late Nucleophagy
GO:0070307,Lens Fiber Cell Development
GO:0006108,Malate Metabolic Process
GO:0070900,Mitochondrial tRNA Modification
GO:0032099,Negative Regulation Of Appetite
GO:2000480,Negative Regulation Of cAMP-dependent Protein Kinase Activity
GO:0046322,Negative Regulation Of Fatty Acid Oxidation
GO:0010839,Negative Regulation Of Keratinocyte Proliferation
GO:0070664,Negative Regulation Of Leukocyte Proliferation
GO:0002076,Osteoblast Development
GO:0060039,Pericardium Development
GO:1905920,Positive Regulation Of CoA-transferase Activity
GO:0048711,Positive Regulation Of Astrocyte Differentiation
GO:1902425,Positive Regulation Of Attachment Of Mitotic Spindle Microtubules To Kinetochore
GO:1905278,Positive Regulation Of Epithelial Tube Formation
GO:0010763,Positive Regulation Of Fibroblast Migration
GO:0010831,Positive Regulation Of Myotube Differentiation
GO:0010893,Positive Regulation Of Steroid Biosynthetic Process
GO:1904754,Positive Regulation Of Vascular Associated Smooth Muscle Cell Migration
GO:0097104,Postsynaptic Membrane Assembly
GO:0006517,Protein Deglycosylation
GO:1905383,Protein Localization To Presynapse
GO:1901894,Regulation Of ATPase-coupled Calcium Transmembrane Transporter Activity
GO:0032489,Regulation Of Cdc42 Protein Signal Transduction
GO:1905918,Regulation Of CoA-transferase Activity
GO:0042996,Regulation Of Golgi To Plasma Membrane Protein Transport
GO:0045628,Regulation Of T-helper 2 Cell Differentiation
GO:1902423,Regulation Of Attachment Of Mitotic Spindle Microtubules To Kinetochore
GO:1905005,Regulation Of Epithelial To Mesenchymal Transition Involved In Endocardial Cushion Formation
GO:0003330,Regulation Of Extracellular Matrix Constituent Secretion
GO:0031445,Regulation Of Heterochromatin Formation
GO:1903205,Regulation Of Hydrogen Peroxide-Induced Cell Death
GO:0050746,Regulation Of Lipoprotein Metabolic Process
GO:0080164,Regulation Of Nitric Oxide Metabolic Process
GO:0060049,Regulation Of Protein Glycosylation
GO:1903564,Regulation Of Protein Localization To Cilium
GO:1904749,Regulation Of Protein Localization To Nucleolus
GO:1903034,Regulation Of Response To Wounding
GO:0048742,Regulation Of Skeletal Muscle Fiber Development
GO:0033194,Response To Hydroperoxide
GO:0044341,Sodium-Dependent Phosphate Transport
GO:0008216,Spermidine Metabolic Process
GO:0090400,Stress-Induced Premature Senescence
GO:0019530,Taurine Metabolic Process
GO:0070327,Thyroid Hormone Transport
GO:0006568,Tryptophan Metabolic Process
GO:0070830,Bicellular Tight Junction Assembly
GO:0018410,C-terminal Protein Amino Acid Modification
GO:0071103,DNA Conformation Change
GO:0045006,DNA Deamination
GO:0048143,Astrocyte Activation
GO:0030031,Cell Projection Assembly
GO:0002357,Defense Response To Tumor Cell
GO:0070593,Dendrite Self-Avoidance
GO:0016045,Detection Of Bacterium
GO:0046655,Folic Acid Metabolic Process
GO:0046323,Glucose Import
GO:0036230,Granulocyte Activation
GO:0044872,Lipoprotein Localization
GO:0006390,Mitochondrial Transcription
GO:0050819,Negative Regulation Of Coagulation
GO:0035331,Negative Regulation Of Hippo Signaling
GO:2000737,Negative Regulation Of Stem Cell Differentiation
GO:0030575,Nuclear Body Organization
GO:0036151,Phosphatidylcholine Acyl-Chain Remodeling
GO:0055091,Phospholipid Homeostasis
GO:0000271,Polysaccharide Biosynthetic Process
GO:0010820,Positive Regulation Of T Cell Chemotaxis
GO:1902932,Positive Regulation Of Alcohol Biosynthetic Process
GO:0002693,Positive Regulation Of Cellular Extravasation
GO:0046628,Positive Regulation Of Insulin Receptor Signaling Pathway
GO:0002888,Positive Regulation Of Myeloid Leukocyte Mediated Immunity
GO:0150078,Positive Regulation Of Neuroinflammatory Response
GO:2001224,Positive Regulation Of Neuron Migration
GO:2000401,Regulation Of Lymphocyte Migration
GO:0010640,Regulation Of Platelet-Derived Growth Factor Receptor Signaling Pathway
GO:0030488,tRNA Methylation
GO:0061028,Establishment Of Endothelial Barrier
GO:0032232,Negative Regulation Of Actin Filament Bundle Assembly
GO:0000184,"Nuclear-Transcribed mRNA Catabolic Process, Nonsense-Mediated Decay"
GO:0006383,Transcription By RNA Polymerase III
GO:0007030,Golgi Organization
GO:0006400,tRNA Modification
GO:0051503,Adenine Nucleotide Transport
GO:0030030,Cell Projection Organization
GO:0031663,Lipopolysaccharide-Mediated Signaling Pathway
GO:0045936,Negative Regulation Of Phosphate Metabolic Process
GO:0010762,Regulation Of Fibroblast Migration
GO:0010758,Regulation Of Macrophage Chemotaxis
GO:0010970,Transport Along Microtubule
GO:0046942,Carboxylic Acid Transport
GO:0006414,Translational Elongation
GO:0045332,Phospholipid Translocation
GO:1902041,Regulation Of Extrinsic Apoptotic Signaling Pathway Via Death Domain Receptors
GO:0006111,Regulation Of Gluconeogenesis
GO:0002460,Adaptive Immune Response Based On Somatic Recombination Of Immune Receptors Built From Immunoglobulin Superfamily Domains
GO:0044242,Cellular Lipid Catabolic Process
GO:0015012,Heparan Sulfate Proteoglycan Biosynthetic Process
GO:0035336,Long-Chain fatty-acyl-CoA Metabolic Process
GO:1902042,Negative Regulation Of Extrinsic Apoptotic Signaling Pathway Via Death Domain Receptors
GO:0045047,Protein Targeting To ER
GO:0032374,Regulation Of Cholesterol Transport
GO:0006829,Zinc Ion Transport
GO:0006895,Golgi To Endosome Transport
GO:0007250,Activation Of NF-kappaB-inducing Kinase Activity
GO:0002407,Dendritic Cell Chemotaxis
GO:0045721,Negative Regulation Of Gluconeogenesis
GO:0010955,Negative Regulation Of Protein Processing
GO:0006809,Nitric Oxide Biosynthetic Process
GO:0032967,Positive Regulation Of Collagen Biosynthetic Process
GO:0010907,Positive Regulation Of Glucose Metabolic Process
GO:0006497,Protein Lipidation
GO:0048706,Embryonic Skeletal System Development
GO:0006890,"Retrograde Vesicle-Mediated Transport, Golgi To Endoplasmic Reticulum"
GO:0006446,Regulation Of Translational Initiation
GO:0007218,Neuropeptide Signaling Pathway
GO:0061726,Mitochondrion Disassembly
GO:0043543,Protein Acylation
GO:0002526,Acute Inflammatory Response
GO:0032691,Negative Regulation Of Interleukin-1 Beta Production
GO:0070934,CRD-mediated mRNA Stabilization
GO:0006563,L-serine Metabolic Process
GO:0030042,Actin Filament Depolymerization
GO:0072488,Ammonium Transmembrane Transport
GO:0033173,calcineurin-NFAT Signaling Cascade
GO:0021846,Cell Proliferation In Forebrain
GO:0071349,Cellular Response To Interleukin-12
GO:0010587,miRNA Catabolic Process
GO:1904948,Midbrain Dopaminergic Neuron Differentiation
GO:1902902,Negative Regulation Of Autophagosome Assembly
GO:0032375,Negative Regulation Of Cholesterol Transport
GO:1901029,Negative Regulation Of Mitochondrial Outer Membrane Permeabilization Involved In Apoptotic Signaling Pathway
GO:0051784,Negative Regulation Of Nuclear Division
GO:0051354,Negative Regulation Of Oxidoreductase Activity
GO:0060394,Negative Regulation Of Pathway-Restricted SMAD Protein Phosphorylation
GO:0062099,Negative Regulation Of Programmed Necrotic Cell Death
GO:0015671,Oxygen Transport
GO:0046189,Phenol-Containing Compound Biosynthetic Process
GO:0035435,Phosphate Ion Transmembrane Transport
GO:2000105,Positive Regulation Of DNA-templated DNA Replication
GO:0030836,Positive Regulation Of Actin Filament Depolymerization
GO:2000774,Positive Regulation Of Cellular Senescence
GO:1901030,Positive Regulation Of Mitochondrial Outer Membrane Permeabilization Involved In Apoptotic Signaling Pathway
GO:0050847,Progesterone Receptor Signaling Pathway
GO:0070528,Protein Kinase C Signaling
GO:0019065,Receptor-Mediated Endocytosis Of Virus By Host Cell
GO:0042984,Regulation Of Amyloid Precursor Protein Biosynthetic Process
GO:0048679,Regulation Of Axon Regeneration
GO:0035561,Regulation Of Chromatin Binding
GO:2001267,Regulation Of Cysteine-Type Endopeptidase Activity Involved In Apoptotic Signaling Pathway
GO:0090083,Regulation Of Inclusion Body Assembly
GO:0010968,Regulation Of Microtubule Nucleation
GO:0062098,Regulation Of Programmed Necrotic Cell Death
GO:0034135,Regulation Of Toll-Like Receptor 2 Signaling Pathway
GO:0035754,B Cell Chemotaxis
GO:0010792,DNA Double-Strand Break Processing Involved In Repair Via Single-Strand Annealing
GO:0038134,ERBB2-EGFR Signaling Pathway
GO:0019673,GDP-mannose Metabolic Process
GO:0062176,R-loop Processing
GO:0045063,T-helper 1 Cell Differentiation
GO:0007171,Activation Of Transmembrane Receptor Protein Tyrosine Kinase Activity
GO:0015917,Aminophospholipid Transport
GO:0097272,Ammonium Homeostasis
GO:0008595,"Anterior/Posterior Axis Specification, Embryo"
GO:0019438,Aromatic Compound Biosynthetic Process
GO:0016255,Attachment Of GPI Anchor To Protein
GO:0015802,Basic Amino Acid Transport
GO:0002043,Blood Vessel Endothelial Cell Proliferation Involved In Sprouting Angiogenesis
GO:0010815,Bradykinin Catabolic Process
GO:0150146,Cell Junction Disassembly
GO:0097384,Cellular Lipid Biosynthetic Process
GO:0071281,Cellular Response To Iron Ion
GO:0071223,Cellular Response To Lipoteichoic Acid
GO:0071286,Cellular Response To Magnesium Ion
GO:0070601,Centromeric Sister Chromatid Cohesion
GO:0021795,Cerebral Cortex Cell Migration
GO:0019695,Choline Metabolic Process
GO:0002063,Chondrocyte Development
GO:0009804,Coumarin Metabolic Process
GO:0030205,Dermatan Sulfate Metabolic Process
GO:0050655,Dermatan Sulfate Proteoglycan Metabolic Process
GO:0045002,Double-Strand Break Repair Via Single-Strand Annealing
GO:0045003,Double-Strand Break Repair Via Synthesis-Dependent Strand Annealing
GO:0072498,Embryonic Skeletal Joint Development
GO:0086100,Endothelin Receptor Signaling Pathway
GO:0060441,Epithelial Tube Branching Involved In Lung Morphogenesis
GO:0070200,Establishment Of Protein Localization To Telomere
GO:0001702,Gastrulation With Mouth Forming Second
GO:0072012,Glomerulus Vasculature Development
GO:0046504,Glycerol Ether Biosynthetic Process
GO:0046836,Glycolipid Transport
GO:0016137,Glycoside Metabolic Process
GO:1901658,Glycosyl Compound Catabolic Process
GO:0046477,Glycosylceramide Catabolic Process
GO:0015886,Heme Transport
GO:0140271,Hexose Import Across Plasma Membrane
GO:0098596,Imitative Learning
GO:0032364,Intracellular Oxygen Homeostasis
GO:0071887,Leukocyte Apoptotic Process
GO:1905691,Lipid Droplet Disassembly
GO:0006398,mRNA 3'-End Processing By Stem-Loop Binding And Cleavage
GO:0072161,Mesenchymal Cell Differentiation Involved In Kidney Development
GO:0033085,Negative Regulation Of T Cell Differentiation In Thymus
GO:0042985,Negative Regulation Of Amyloid Precursor Protein Biosynthetic Process
GO:0048712,Negative Regulation Of Astrocyte Differentiation
GO:0048681,Negative Regulation Of Axon Regeneration
GO:0090281,Negative Regulation Of Calcium Ion Import
GO:0055022,Negative Regulation Of Cardiac Muscle Tissue Growth
GO:0032466,Negative Regulation Of Cytokinesis
GO:0010764,Negative Regulation Of Fibroblast Migration
GO:0060253,Negative Regulation Of Glial Cell Proliferation
GO:2000323,Negative Regulation Of Glucocorticoid Receptor Signaling Pathway
GO:0035067,Negative Regulation Of Histone Acetylation
GO:1902747,Negative Regulation Of Lens Fiber Cell Differentiation
GO:0051005,Negative Regulation Of Lipoprotein Lipase Activity
GO:0031645,Negative Regulation Of Nervous System Process
GO:0120186,Negative Regulation Of Protein Localization To Chromatin
GO:1901078,Negative Regulation Of Relaxation Of Muscle
GO:1901164,Negative Regulation Of Trophoblast Cell Migration
GO:0072672,Neutrophil Extravasation
GO:0009052,"Pentose-Phosphate Shunt, Non-Oxidative Branch"
GO:0046530,Photoreceptor Cell Differentiation
GO:0044857,Plasma Membrane Raft Organization
GO:0032831,"Positive Regulation Of CD4-positive, CD25-positive, Alpha-Beta Regulatory T Cell Differentiation"
GO:1903721,Positive Regulation Of I-kappaB Phosphorylation
GO:0033089,Positive Regulation Of T Cell Differentiation In Thymus
GO:0110110,Positive Regulation Of Animal Organ Morphogenesis
GO:1904925,Positive Regulation Of Autophagy Of Mitochondrion In Response To Mitochondrial Depolarization
GO:2000698,Positive Regulation Of Epithelial Cell Differentiation Involved In Kidney Development
GO:1902043,Positive Regulation Of Extrinsic Apoptotic Signaling Pathway Via Death Domain Receptors
GO:0031622,Positive Regulation Of Fever Generation
GO:0030854,Positive Regulation Of Granulocyte Differentiation
GO:0010986,Positive Regulation Of Lipoprotein Particle Clearance
GO:1903980,Positive Regulation Of Microglial Cell Activation
GO:0010571,Positive Regulation Of Nuclear Cell Cycle DNA Replication
GO:0035360,Positive Regulation Of Peroxisome Proliferator Activated Receptor Signaling Pathway
GO:0071803,Positive Regulation Of Podosome Assembly
GO:1900122,Positive Regulation Of Receptor Binding
GO:0007221,Positive Regulation Of Transcription Of Notch Receptor Target
GO:1990709,Presynaptic Active Zone Organization
GO:0006560,Proline Metabolic Process
GO:0017038,Protein Import
GO:0046130,Purine Ribonucleoside Catabolic Process
GO:1902162,"Regulation Of DNA Damage Response, Signal Transduction By P53 Class Mediator Resulting In Transcription Of P21 Class Mediator"
GO:0060312,Regulation Of Blood Vessel Remodeling
GO:0060558,Regulation Of Calcidiol 1-Monooxygenase Activity
GO:0042749,Regulation Of Circadian Sleep/Wake Cycle
GO:0045187,"Regulation Of Circadian Sleep/Wake Cycle, Sleep"
GO:1903371,Regulation Of Endoplasmic Reticulum Tubular Network Organization
GO:1900449,Regulation Of Glutamate Receptor Signaling Pathway
GO:1902033,Regulation Of Hematopoietic Stem Cell Proliferation
GO:1900125,Regulation Of Hyaluronan Biosynthetic Process
GO:0010310,Regulation Of Hydrogen Peroxide Metabolic Process
GO:0033084,Regulation Of Immature T Cell Proliferation In Thymus
GO:0002889,Regulation Of Immunoglobulin Mediated Immune Response
GO:2000659,Regulation Of Interleukin-1-Mediated Signaling Pathway
GO:0010746,Regulation Of Long-Chain Fatty Acid Import Across Plasma Membrane
GO:1902415,Regulation Of mRNA Binding
GO:0010793,Regulation Of mRNA Export From Nucleus
GO:0120040,Regulation Of Macrophage Proliferation
GO:0044070,Regulation Of Monoatomic Anion Transport
GO:0060688,Regulation Of Morphogenesis Of A Branching Structure
GO:1902563,Regulation Of Neutrophil Activation
GO:0043456,Regulation Of Pentose-Phosphate Shunt
GO:2000169,Regulation Of Peptidyl-Cysteine S-nitrosylation
GO:1905684,Regulation Of Plasma Membrane Repair
GO:1901897,Regulation Of Relaxation Of Cardiac Muscle
GO:0060075,Regulation Of Resting Membrane Potential
GO:1905279,"Regulation Of Retrograde Transport, Endosome To Golgi"
GO:2000197,Regulation Of Ribonucleoprotein Complex Localization
GO:0060297,Regulation Of Sarcomere Organization
GO:0044057,Regulation Of System Process
GO:0072423,Response To DNA Damage Checkpoint Signaling
GO:0070391,Response To Lipoteichoic Acid
GO:0010226,Response To Lithium Ion
GO:0033574,Response To Testosterone
GO:0097178,Ruffle Assembly
GO:0048254,snoRNA Localization
GO:1901289,succinyl-CoA Catabolic Process
GO:0016191,Synaptic Vesicle Uncoating
GO:0022029,Telencephalon Cell Migration
GO:0042723,Thiamine-Containing Compound Metabolic Process
GO:0120193,Tight Junction Organization
GO:0034162,Toll-Like Receptor 9 Signaling Pathway
GO:0007351,Tripartite Regional Subdivision
GO:0048845,Venous Blood Vessel Morphogenesis
GO:0042297,Vocal Learning
GO:0097341,Zymogen Inhibition
GO:0007416,Synapse Assembly
GO:0042147,"Retrograde Transport, Endosome To Golgi"
GO:0017157,Regulation Of Exocytosis
GO:0070507,Regulation Of Microtubule Cytoskeleton Organization
GO:0051693,Actin Filament Capping
GO:0044804,Autophagy Of Nucleus
GO:0051016,Barbed-End Actin Filament Capping
GO:0036336,Dendritic Cell Migration
GO:0032365,Intracellular Lipid Transport
GO:1901797,Negative Regulation Of Signal Transduction By P53 Class Mediator
GO:0045606,Positive Regulation Of Epidermal Cell Differentiation
GO:1901028,Regulation Of Mitochondrial Outer Membrane Permeabilization Involved In Apoptotic Signaling Pathway
GO:0030050,Vesicle Transport Along Actin Filament
GO:0031047,RNA-mediated Gene Silencing
GO:0030193,Regulation Of Blood Coagulation
GO:0080090,Regulation Of Primary Metabolic Process
GO:0035196,miRNA Processing
GO:0030166,Proteoglycan Biosynthetic Process
GO:0006023,Aminoglycan Biosynthetic Process
GO:0002483,Antigen Processing And Presentation Of Endogenous Peptide Antigen
GO:0060999,Positive Regulation Of Dendritic Spine Development
GO:0006164,Purine Nucleotide Biosynthetic Process
GO:0071577,Zinc Ion Transmembrane Transport
GO:0050868,Negative Regulation Of T Cell Activation
GO:0071616,acyl-CoA Biosynthetic Process
GO:0032528,Microvillus Organization
GO:1900226,Negative Regulation Of NLRP3 Inflammasome Complex Assembly
GO:0040037,Negative Regulation Of Fibroblast Growth Factor Receptor Signaling Pathway
GO:0032695,Negative Regulation Of Interleukin-12 Production
GO:0150079,Negative Regulation Of Neuroinflammatory Response
GO:0090336,Positive Regulation Of Brown Fat Cell Differentiation
GO:1900078,Positive Regulation Of Cellular Response To Insulin Stimulus
GO:0043302,Positive Regulation Of Leukocyte Degranulation
GO:0010759,Positive Regulation Of Macrophage Chemotaxis
GO:1901018,Positive Regulation Of Potassium Ion Transmembrane Transporter Activity
GO:0034497,Protein Localization To Phagophore Assembly Site
GO:1901184,Regulation Of ERBB Signaling Pathway
GO:0010819,Regulation Of T Cell Chemotaxis
GO:2000316,Regulation Of T-helper 17 Type Immune Response
GO:0010470,Regulation Of Gastrulation
GO:0002697,Regulation Of Immune Effector Process
GO:0002685,Regulation Of Leukocyte Migration
GO:0010935,Regulation Of Macrophage Cytokine Production
GO:1905897,Regulation Of Response To Endoplasmic Reticulum Stress
GO:0032570,Response To Progesterone
GO:0019755,One-Carbon Compound Transport
GO:0031667,Response To Nutrient Levels
GO:0002040,Sprouting Angiogenesis
GO:0046470,Phosphatidylcholine Metabolic Process
GO:0006378,mRNA Polyadenylation
GO:0002718,Regulation Of Cytokine Production Involved In Immune Response
GO:0034114,Regulation Of Heterotypic Cell-Cell Adhesion
GO:0031114,Regulation Of Microtubule Depolymerization
GO:0031123,RNA 3'-End Processing
GO:0061951,Establishment Of Protein Localization To Plasma Membrane
GO:0006505,GPI Anchor Metabolic Process
GO:0046475,Glycerophospholipid Catabolic Process
GO:0051443,Positive Regulation Of Ubiquitin-Protein Transferase Activity
GO:0006353,DNA-templated Transcription Termination
GO:0030262,Apoptotic Nuclear Changes
GO:0043649,Dicarboxylic Acid Catabolic Process
GO:0002719,Negative Regulation Of Cytokine Production Involved In Immune Response
GO:0032693,Negative Regulation Of Interleukin-10 Production
GO:0046856,Phosphatidylinositol Dephosphorylation
GO:2000786,Positive Regulation Of Autophagosome Assembly
GO:0010714,Positive Regulation Of Collagen Metabolic Process
GO:0014911,Positive Regulation Of Smooth Muscle Cell Migration
GO:0035269,Protein O-linked Mannosylation
GO:0070972,Protein Localization To Endoplasmic Reticulum
GO:1903140,Regulation Of Establishment Of Endothelial Barrier
GO:0010755,Regulation Of Plasminogen Activation
GO:1905606,Regulation Of Presynapse Assembly
GO:0099174,Regulation Of Presynapse Organization
GO:0042574,Retinal Metabolic Process
GO:0023035,CD40 Signaling Pathway
GO:0006265,DNA Topological Change
GO:0046037,GMP Metabolic Process
GO:0002756,MyD88-independent Toll-Like Receptor Signaling Pathway
GO:0051639,Actin Filament Network Formation
GO:0007512,Adult Heart Development
GO:0002003,Angiotensin Maturation
GO:0048557,Embryonic Digestive Tract Morphogenesis
GO:0071169,Establishment Of Protein Localization To Chromatin
GO:0030388,"Fructose 1,6-Bisphosphate Metabolic Process"
GO:0033622,Integrin Activation
GO:0006828,Manganese Ion Transport
GO:0046466,Membrane Lipid Catabolic Process
GO:0042117,Monocyte Activation
GO:0097064,ncRNA Export From Nucleus
GO:0046639,Negative Regulation Of Alpha-Beta T Cell Differentiation
GO:2001251,Negative Regulation Of Chromosome Organization
GO:0045686,Negative Regulation Of Glial Cell Differentiation
GO:0090331,Negative Regulation Of Platelet Aggregation
GO:0051151,Negative Regulation Of Smooth Muscle Cell Differentiation
GO:0032410,Negative Regulation Of Transporter Activity
GO:0019359,Nicotinamide Nucleotide Biosynthetic Process
GO:0016559,Peroxisome Fission
GO:2001187,"Positive Regulation Of CD8-positive, Alpha-Beta T Cell Activation"
GO:0045777,Positive Regulation Of Blood Pressure
GO:0045956,Positive Regulation Of Calcium Ion-Dependent Exocytosis
GO:0035563,Positive Regulation Of Chromatin Binding
GO:0061003,Positive Regulation Of Dendritic Spine Morphogenesis
GO:0032000,Positive Regulation Of Fatty Acid Beta-Oxidation
GO:0051351,Positive Regulation Of Ligase Activity
GO:0060907,Positive Regulation Of Macrophage Cytokine Production
GO:0015824,Proline Transport
GO:0034034,Purine Nucleoside Bisphosphate Catabolic Process
GO:0002002,Regulation Of Angiotensin Levels In Blood
GO:0032661,Regulation Of Interleukin-18 Production
GO:2000628,Regulation Of miRNA Metabolic Process
GO:0062125,Regulation Of Mitochondrial Gene Expression
GO:0010835,Regulation Of Protein ADP-ribosylation
GO:0106118,Regulation Of Sterol Biosynthetic Process
GO:1903555,Regulation Of Tumor Necrosis Factor Superfamily Cytokine Production
GO:0033273,Response To Vitamin
GO:0034031,Ribonucleoside Bisphosphate Catabolic Process
GO:0050915,Sensory Perception Of Sour Taste
GO:0006104,succinyl-CoA Metabolic Process
GO:0035999,Tetrahydrofolate Interconversion
GO:0006415,Translational Termination
GO:0006636,Unsaturated Fatty Acid Biosynthetic Process
GO:0032271,Regulation Of Protein Polymerization
GO:1903670,Regulation Of Sprouting Angiogenesis
GO:0006739,NADP Metabolic Process
GO:0050779,RNA Destabilization
GO:0071218,Cellular Response To Misfolded Protein
GO:0090162,Establishment Of Epithelial Cell Polarity
GO:0048016,Inositol Phosphate-Mediated Signaling
GO:0009165,Nucleotide Biosynthetic Process
GO:0042104,Positive Regulation Of Activated T Cell Proliferation
GO:0015868,Purine Ribonucleotide Transport
GO:0071622,Regulation Of Granulocyte Chemotaxis
GO:0043244,Regulation Of Protein-Containing Complex Disassembly
GO:0006670,Sphingosine Metabolic Process
GO:0042554,Superoxide Anion Generation
GO:0003341,Cilium Movement
GO:0001510,RNA Methylation
GO:0046463,Acylglycerol Biosynthetic Process
GO:0030705,Cytoskeleton-Dependent Intracellular Transport
GO:0044788,Modulation By Host Of Viral Process
GO:0045744,Negative Regulation Of G Protein-Coupled Receptor Signaling Pathway
GO:0048285,Organelle Fission
GO:0002092,Positive Regulation Of Receptor Internalization
GO:0006301,Postreplication Repair
GO:0031167,rRNA Methylation
GO:0014059,Regulation Of Dopamine Secretion
GO:0030947,Regulation Of Vascular Endothelial Growth Factor Receptor Signaling Pathway
GO:0050709,Negative Regulation Of Protein Secretion
GO:0001895,Retina Homeostasis
GO:0006346,DNA Methylation-Dependent Heterochromatin Formation
GO:0090160,Golgi To Lysosome Transport
GO:0021533,Cell Differentiation In Hindbrain
GO:0090136,Epithelial Cell-Cell Adhesion
GO:0010458,Exit From Mitosis
GO:0061548,Ganglion Development
GO:0016237,Lysosomal Microautophagy
GO:0051782,Negative Regulation Of Cell Division
GO:1903427,Negative Regulation Of Reactive Oxygen Species Biosynthetic Process
GO:0001504,Neurotransmitter Uptake
GO:0002283,Neutrophil Activation Involved In Immune Response
GO:0090267,Positive Regulation Of Mitotic Cell Cycle Spindle Assembly Checkpoint
GO:0045933,Positive Regulation Of Muscle Contraction
GO:1901731,Positive Regulation Of Platelet Aggregation
GO:1903319,Positive Regulation Of Protein Maturation
GO:1902916,Positive Regulation Of Protein Polyubiquitination
GO:0090232,Positive Regulation Of Spindle Checkpoint
GO:0043117,Positive Regulation Of Vascular Permeability
GO:0016441,Post-Transcriptional Gene Silencing
GO:0006206,Pyrimidine Nucleobase Metabolic Process
GO:0046831,Regulation Of RNA Export From Nucleus
GO:0002709,Regulation Of T Cell Mediated Immunity
GO:0060632,Regulation Of Microtubule-Based Movement
GO:0071637,Regulation Of Monocyte Chemotactic Protein-1 Production
GO:1902882,Regulation Of Response To Oxidative Stress
GO:0008542,Visual Learning
GO:0003333,Amino Acid Transmembrane Transport
GO:0051865,Protein Autoubiquitination
GO:2000272,Negative Regulation Of Signaling Receptor Activity
GO:0010837,Regulation Of Keratinocyte Proliferation
GO:0050807,Regulation Of Synapse Organization
GO:0061014,Positive Regulation Of mRNA Catabolic Process
GO:0043001,Golgi To Plasma Membrane Protein Transport
GO:0050920,Regulation Of Chemotaxis
GO:0030038,Contractile Actin Filament Bundle Assembly
GO:0051303,Establishment Of Chromosome Localization
GO:0030033,Microvillus Assembly
GO:0047497,Mitochondrion Transport Along Microtubule
GO:0031573,Mitotic intra-S DNA Damage Checkpoint Signaling
GO:0014912,Negative Regulation Of Smooth Muscle Cell Migration
GO:0034244,Negative Regulation Of Transcription Elongation By RNA Polymerase II
GO:0002824,Positive Regulation Of Adaptive Immune Response Based On Somatic Recombination Of Immune Receptors Built From Immunoglobulin Superfamily Domains
GO:2000767,Positive Regulation Of Cytoplasmic Translation
GO:1903543,Positive Regulation Of Exosomal Secretion
GO:0060340,Positive Regulation Of Type I Interferon-Mediated Signaling Pathway
GO:0034308,Primary Alcohol Metabolic Process
GO:0010715,Regulation Of Extracellular Matrix Disassembly
GO:0033623,Regulation Of Integrin Activation
GO:0002694,Regulation Of Leukocyte Activation
GO:0045649,Regulation Of Macrophage Differentiation
GO:0010889,Regulation Of Sequestering Of Triglyceride
GO:0043149,Stress Fiber Assembly
GO:0021953,Central Nervous System Neuron Differentiation
GO:0050919,Negative Chemotaxis
GO:0031111,Negative Regulation Of Microtubule Polymerization Or Depolymerization
GO:0090407,Organophosphate Biosynthetic Process
GO:0006801,Superoxide Metabolic Process
GO:0090150,Establishment Of Protein Localization To Membrane
GO:0000076,DNA Replication Checkpoint Signaling
GO:0009435,NAD Biosynthetic Process
GO:0016601,Rac Protein Signal Transduction
GO:0046395,Carboxylic Acid Catabolic Process
GO:0051926,Negative Regulation Of Calcium Ion Transport
GO:0046676,Negative Regulation Of Insulin Secretion
GO:0032717,Negative Regulation Of Interleukin-8 Production
GO:1902004,Positive Regulation Of Amyloid-Beta Formation
GO:0045687,Positive Regulation Of Glial Cell Differentiation
GO:0140131,Positive Regulation Of Lymphocyte Chemotaxis
GO:0090308,Regulation Of DNA Methylation-Dependent Heterochromatin Formation
GO:0002688,Regulation Of Leukocyte Chemotaxis
GO:0002082,Regulation Of Oxidative Phosphorylation
GO:1904892,Regulation Of Receptor Signaling Pathway Via STAT
GO:0035455,Response To Interferon-Alpha
GO:0019432,Triglyceride Biosynthetic Process
GO:0045921,Positive Regulation Of Exocytosis
GO:0044208,'De Novo' AMP Biosynthetic Process
GO:0036462,TRAIL-activated Apoptotic Signaling Pathway
GO:0046085,Adenosine Metabolic Process
GO:0008343,Adult Feeding Behavior
GO:0035973,Aggrephagy
GO:0098937,Anterograde Dendritic Transport
GO:0003190,Atrioventricular Valve Formation
GO:0016240,Autophagosome Membrane Docking
GO:0071313,Cellular Response To Caffeine
GO:0035729,Cellular Response To Hepatocyte Growth Factor Stimulus
GO:0071499,Cellular Response To Laminar Fluid Shear Stress
GO:0006707,Cholesterol Catabolic Process
GO:0099519,Dense Core Granule Cytoskeletal Transport
GO:0048484,Enteric Nervous System Development
GO:0015812,Gamma-Aminobutyric Acid Transport
GO:0006689,Ganglioside Catabolic Process
GO:0022612,Gland Morphogenesis
GO:0006750,Glutathione Biosynthetic Process
GO:0048012,Hepatocyte Growth Factor Receptor Signaling Pathway
GO:0035773,Insulin Secretion Involved In Cellular Response To Glucose Stimulus
GO:0038156,Interleukin-3-Mediated Signaling Pathway
GO:0035356,Intracellular Triglyceride Homeostasis
GO:0035735,Intraciliary Transport Involved In Cilium Assembly
GO:1902224,Ketone Body Metabolic Process
GO:0060292,Long-Term Synaptic Depression
GO:0071694,Maintenance Of Protein Location In Extracellular Region
GO:0002315,Marginal Zone B Cell Differentiation
GO:0042138,Meiotic DNA Double-Strand Break Formation
GO:1990456,Mitochondrion-Endoplasmic Reticulum Membrane Tethering
GO:0052651,Monoacylglycerol Catabolic Process
GO:0002674,Negative Regulation Of Acute Inflammatory Response
GO:0045620,Negative Regulation Of Lymphocyte Differentiation
GO:0070571,Negative Regulation Of Neuron Projection Regeneration
GO:0048715,Negative Regulation Of Oligodendrocyte Differentiation
GO:1903753,Negative Regulation Of p38MAPK Cascade
GO:1901032,Negative Regulation Of Response To Reactive Oxygen Species
GO:0048011,Neurotrophin TRK Receptor Signaling Pathway
GO:0031086,"Nuclear-Transcribed mRNA Catabolic Process, Deadenylation-Independent Decay"
GO:0046113,Nucleobase Catabolic Process
GO:0009134,Nucleoside Diphosphate Catabolic Process
GO:0030046,Parallel Actin Filament Bundle Assembly
GO:0060674,Placenta Blood Vessel Development
GO:0050861,Positive Regulation Of B Cell Receptor Signaling Pathway
GO:1903071,Positive Regulation Of ER-associated Ubiquitin-Dependent Protein Catabolic Process
GO:1905216,Positive Regulation Of RNA Binding
GO:1903524,Positive Regulation Of Blood Circulation
GO:0043950,Positive Regulation Of cAMP-mediated Signaling
GO:2001269,Positive Regulation Of Cysteine-Type Endopeptidase Activity Involved In Apoptotic Signaling Pathway
GO:0032352,Positive Regulation Of Hormone Metabolic Process
GO:0002922,Positive Regulation Of Humoral Immune Response
GO:0032305,Positive Regulation Of Icosanoid Secretion
GO:1902523,Positive Regulation Of Protein K63-linked Ubiquitination
GO:2001280,Positive Regulation Of Unsaturated Fatty Acid Biosynthetic Process
GO:0070973,Protein Localization To Endoplasmic Reticulum Exit Site
GO:0046128,Purine Ribonucleoside Metabolic Process
GO:1903719,Regulation Of I-kappaB Phosphorylation
GO:0039533,Regulation Of MDA-5 Signaling Pathway
GO:0033860,Regulation Of NAD(P)H Oxidase Activity
GO:0098907,Regulation Of SA Node Cell Action Potential
GO:0002840,Regulation Of T Cell Mediated Immune Response To Tumor Cell
GO:0045622,Regulation Of T-helper Cell Differentiation
GO:0032347,Regulation Of Aldosterone Biosynthetic Process
GO:0010359,Regulation Of Anion Channel Activity
GO:0086036,Regulation Of Cardiac Muscle Cell Membrane Potential
GO:1904026,Regulation Of Collagen Fibril Organization
GO:2000064,Regulation Of Cortisol Biosynthetic Process
GO:1901201,Regulation Of Extracellular Matrix Assembly
GO:2000322,Regulation Of Glucocorticoid Receptor Signaling Pathway
GO:0060123,Regulation Of Growth Hormone Secretion
GO:0046984,Regulation Of Hemoglobin Biosynthetic Process
GO:0030300,Regulation Of Intestinal Cholesterol Absorption
GO:0010566,Regulation Of Ketone Biosynthetic Process
GO:0032069,Regulation Of Nuclease Activity
GO:2001204,Regulation Of Osteoclast Development
GO:2001138,Regulation Of Phospholipid Transport
GO:0044065,Regulation Of Respiratory System Process
GO:0014842,Regulation Of Skeletal Muscle Satellite Cell Proliferation
GO:0051150,Regulation Of Smooth Muscle Cell Differentiation
GO:0016202,Regulation Of Striated Muscle Tissue Development
GO:1905063,Regulation Of Vascular Associated Smooth Muscle Cell Differentiation
GO:0031000,Response To Caffeine
GO:0035728,Response To Hepatocyte Growth Factor
GO:0000055,Ribosomal Large Subunit Export From Nucleus
GO:1990116,Ribosome-Associated Ubiquitin-Dependent Protein Catabolic Process
GO:0016127,Sterol Catabolic Process
GO:0006930,"Substrate-Dependent Cell Migration, Cell Extension"
GO:0099536,Synaptic Signaling
GO:0007021,Tubulin Complex Assembly
GO:0003323,Type B Pancreatic Cell Development
GO:0097084,Vascular Associated Smooth Muscle Cell Development
GO:0002456,T Cell Mediated Immunity
GO:0001667,Ameboidal-Type Cell Migration
GO:0009948,Anterior/Posterior Axis Specification
GO:0042744,Hydrogen Peroxide Catabolic Process
GO:0007616,Long-Term Memory
GO:0000959,Mitochondrial RNA Metabolic Process
GO:1900016,Negative Regulation Of Cytokine Production Involved In Inflammatory Response
GO:0007026,Negative Regulation Of Microtubule Depolymerization
GO:1904376,Negative Regulation Of Protein Localization To Cell Periphery
GO:1903077,Negative Regulation Of Protein Localization To Plasma Membrane
GO:2000242,Negative Regulation Of Reproductive Process
GO:0010954,Positive Regulation Of Protein Processing
GO:0006940,Regulation Of Smooth Muscle Contraction
GO:0071774,Response To Fibroblast Growth Factor
GO:0008334,Histone mRNA Metabolic Process
GO:0051250,Negative Regulation Of Lymphocyte Activation
GO:1901880,Negative Regulation Of Protein Depolymerization
GO:1904037,Positive Regulation Of Epithelial Cell Apoptotic Process
GO:0034143,Regulation Of Toll-Like Receptor 4 Signaling Pathway
GO:0019886,Antigen Processing And Presentation Of Exogenous Peptide Antigen Via MHC Class II
GO:0099024,Plasma Membrane Invagination
GO:0034394,Protein Localization To Cell Surface
GO:0045069,Regulation Of Viral Genome Replication
GO:0071712,ER-associated Misfolded Protein Catabolic Process
GO:0042088,T-helper 1 Type Immune Response
GO:1904953,Wnt Signaling Pathway Involved In Midbrain Dopaminergic Neuron Differentiation
GO:0036109,Alpha-Linolenic Acid Metabolic Process
GO:0045176,Apical Protein Localization
GO:0006171,cAMP Biosynthetic Process
GO:0043650,Dicarboxylic Acid Biosynthetic Process
GO:0007549,Dosage Compensation
GO:0006002,Fructose 6-Phosphate Metabolic Process
GO:0009914,Hormone Transport
GO:1901142,Insulin Metabolic Process
GO:0015820,Leucine Transport
GO:0140354,Lipid Import Into Cell
GO:0044539,Long-Chain Fatty Acid Import Into Cell
GO:0008045,Motor Neuron Axon Guidance
GO:0002924,Negative Regulation Of Humoral Immune Response Mediated By Circulating Immunoglobulin
GO:0098969,Neurotransmitter Receptor Transport To Postsynaptic Membrane
GO:0009313,Oligosaccharide Catabolic Process
GO:0018027,Peptidyl-Lysine Dimethylation
GO:0070262,Peptidyl-Serine Dephosphorylation
GO:0034727,Piecemeal Microautophagy Of The Nucleus
GO:2000344,Positive Regulation Of Acrosome Reaction
GO:2000637,Positive Regulation Of miRNA-mediated Gene Silencing
GO:0035794,Positive Regulation Of Mitochondrial Membrane Permeability
GO:1901741,Positive Regulation Of Myoblast Fusion
GO:0060100,"Positive Regulation Of Phagocytosis, Engulfment"
GO:0045987,Positive Regulation Of Smooth Muscle Contraction
GO:0034310,Primary Alcohol Catabolic Process
GO:0085020,Protein K6-linked Ubiquitination
GO:0007168,Receptor Guanylyl Cyclase Signaling Pathway
GO:2001185,"Regulation Of CD8-positive, Alpha-Beta T Cell Activation"
GO:0070857,Regulation Of Bile Acid Biosynthetic Process
GO:0033632,Regulation Of Cell-Cell Adhesion Mediated By Integrin
GO:0030449,Regulation Of Complement Activation
GO:0043380,Regulation Of Memory T Cell Differentiation
GO:0032817,Regulation Of Natural Killer Cell Proliferation
GO:1903725,Regulation Of Phospholipid Metabolic Process
GO:0051282,Regulation Of Sequestering Of Calcium Ion
GO:0039531,Regulation Of Viral-Induced Cytoplasmic Pattern Recognition Receptor Signaling Pathway
GO:0034340,Response To Type I Interferon
GO:0009071,Serine Family Amino Acid Catabolic Process
GO:0070936,Protein K48-linked Ubiquitination
GO:2000179,Positive Regulation Of Neural Precursor Cell Proliferation
GO:0051495,Positive Regulation Of Cytoskeleton Organization
GO:0090497,Mesenchymal Cell Migration
GO:0070555,Response To Interleukin-1
GO:1903305,Regulation Of Regulated Secretory Pathway
GO:0002755,MyD88-dependent Toll-Like Receptor Signaling Pathway
GO:0051315,Attachment Of Mitotic Spindle Microtubules To Kinetochore
GO:1990253,Cellular Response To Leucine Starvation
GO:0003158,Endothelium Development
GO:0030497,Fatty Acid Elongation
GO:0072393,Microtubule Anchoring At Microtubule Organizing Center
GO:0043508,Negative Regulation Of JUN Kinase Activity
GO:1901988,Negative Regulation Of Cell Cycle Phase Transition
GO:0045916,Negative Regulation Of Complement Activation
GO:0035795,Negative Regulation Of Mitochondrial Membrane Permeability
GO:1900025,Negative Regulation Of Substrate Adhesion-Dependent Cell Spreading
GO:0045624,Positive Regulation Of T-helper Cell Differentiation
GO:1903313,Positive Regulation Of mRNA Metabolic Process
GO:0060213,Positive Regulation Of Nuclear-Transcribed mRNA poly(A) Tail Shortening
GO:1903307,Positive Regulation Of Regulated Secretory Pathway
GO:1905564,Positive Regulation Of Vascular Endothelial Cell Proliferation
GO:0045907,Positive Regulation Of Vasoconstriction
GO:0001522,Pseudouridine Synthesis
GO:0009223,Pyrimidine Deoxyribonucleotide Catabolic Process
GO:0060046,Regulation Of Acrosome Reaction
GO:2000341,Regulation Of Chemokine (C-X-C Motif) Ligand 2 Production
GO:1904994,Regulation Of Leukocyte Adhesion To Vascular Endothelial Cell
GO:0042761,Very Long-Chain Fatty Acid Biosynthetic Process
GO:1902373,Negative Regulation Of mRNA Catabolic Process
GO:1903039,Positive Regulation Of Leukocyte Cell-Cell Adhesion
GO:0009100,Glycoprotein Metabolic Process
GO:0050427,3'-Phosphoadenosine 5'-Phosphosulfate Metabolic Process
GO:0036315,Cellular Response To Sterol
GO:0042832,Defense Response To Protozoan
GO:0034375,High-Density Lipoprotein Particle Remodeling
GO:0032366,Intracellular Sterol Transport
GO:0050765,Negative Regulation Of Phagocytosis
GO:0060339,Negative Regulation Of Type I Interferon-Mediated Signaling Pathway
GO:0009226,Nucleotide-Sugar Biosynthetic Process
GO:2000353,Positive Regulation Of Endothelial Cell Apoptotic Process
GO:1903672,Positive Regulation Of Sprouting Angiogenesis
GO:0032801,Receptor Catabolic Process
GO:2000369,Regulation Of Clathrin-Dependent Endocytosis
GO:0046883,Regulation Of Hormone Secretion
GO:0060964,Regulation Of miRNA-mediated Gene Silencing
GO:0003073,Regulation Of Systemic Arterial Blood Pressure
GO:0097205,Renal Filtration
GO:0035337,fatty-acyl-CoA Metabolic Process
GO:0007520,Myoblast Fusion
GO:0035194,ncRNA-mediated Post-Transcriptional Gene Silencing
GO:0032785,"Negative Regulation Of DNA-templated Transcription, Elongation"
GO:0046597,Negative Regulation Of Viral Entry Into Host Cell
GO:0045745,Positive Regulation Of G Protein-Coupled Receptor Signaling Pathway
GO:0045672,Positive Regulation Of Osteoclast Differentiation
GO:0039535,Regulation Of RIG-I Signaling Pathway
GO:0048041,Focal Adhesion Assembly
GO:0034260,Negative Regulation Of GTPase Activity
GO:0035268,Protein Mannosylation
GO:0060998,Regulation Of Dendritic Spine Development
GO:0051043,Regulation Of Membrane Protein Ectodomain Proteolysis
GO:0034063,Stress Granule Assembly
GO:1901223,Negative Regulation Of NIK/NF-kappaB Signaling
GO:0008654,Phospholipid Biosynthetic Process
GO:0006911,"Phagocytosis, Engulfment"
GO:0042130,Negative Regulation Of T Cell Proliferation
GO:1905039,Carboxylic Acid Transmembrane Transport
GO:0030258,Lipid Modification
GO:0006486,Protein Glycosylation
GO:0042273,Ribosomal Large Subunit Biogenesis
GO:0071347,Cellular Response To Interleukin-1
GO:0051225,Spindle Assembly
GO:0006734,NADH Metabolic Process
GO:0032933,SREBP Signaling Pathway
GO:0009650,UV Protection
GO:0015837,Amine Transport
GO:0015838,Amino-Acid Betaine Transport
GO:0015801,Aromatic Amino Acid Transport
GO:0019439,Aromatic Compound Catabolic Process
GO:0035457,Cellular Response To Interferon-Alpha
GO:0007253,Cytoplasmic Sequestering Of NF-kappaB
GO:0050651,Dermatan Sulfate Proteoglycan Biosynthetic Process
GO:0006703,Estrogen Biosynthetic Process
GO:0015755,Fructose Transmembrane Transport
GO:0015014,"Heparan Sulfate Proteoglycan Biosynthetic Process, Polysaccharide Chain Biosynthetic Process"
GO:0051122,Hepoxilin Biosynthetic Process
GO:0051121,Hepoxilin Metabolic Process
GO:0070076,Histone Lysine Demethylation
GO:0006972,Hyperosmotic Response
GO:0097340,Inhibition Of Cysteine-Type Endopeptidase Activity
GO:0060080,Inhibitory Postsynaptic Potential
GO:0046364,Monosaccharide Biosynthetic Process
GO:0060392,Negative Regulation Of SMAD Protein Signal Transduction
GO:0070233,Negative Regulation Of T Cell Apoptotic Process
GO:0001915,Negative Regulation Of T Cell Mediated Cytotoxicity
GO:0046325,Negative Regulation Of Glucose Import
GO:0032387,Negative Regulation Of Intracellular Transport
GO:0060965,Negative Regulation Of miRNA-mediated Gene Silencing
GO:1903979,Negative Regulation Of Microglial Cell Activation
GO:0010637,Negative Regulation Of Mitochondrial Fusion
GO:0010917,Negative Regulation Of Mitochondrial Membrane Potential
GO:0033689,Negative Regulation Of Osteoblast Proliferation
GO:1905064,Negative Regulation Of Vascular Associated Smooth Muscle Cell Differentiation
GO:0048665,Neuron Fate Specification
GO:0140058,Neuron Projection Arborization
GO:0099639,"Neurotransmitter Receptor Transport, Endosome To Plasma Membrane"
GO:0019184,Nonribosomal Peptide Biosynthetic Process
GO:0042415,Norepinephrine Metabolic Process
GO:0044829,Positive Regulation By Host Of Viral Genome Replication
GO:0090280,Positive Regulation Of Calcium Ion Import
GO:0045722,Positive Regulation Of Gluconeogenesis
GO:0032230,"Positive Regulation Of Synaptic Transmission, GABAergic"
GO:1900748,Positive Regulation Of Vascular Endothelial Growth Factor Signaling Pathway
GO:0099173,Postsynapse Organization
GO:0097106,Postsynaptic Density Organization
GO:0044314,Protein K27-linked Ubiquitination
GO:1902570,Protein Localization To Nucleolus
GO:0006208,Pyrimidine Nucleobase Catabolic Process
GO:0031118,rRNA Pseudouridine Synthesis
GO:0043376,"Regulation Of CD8-positive, Alpha-Beta T Cell Differentiation"
GO:0043255,Regulation Of Carbohydrate Biosynthetic Process
GO:0071649,Regulation Of Chemokine (C-C Motif) Ligand 5 Production
GO:0070099,Regulation Of Chemokine-Mediated Signaling Pathway
GO:0033599,Regulation Of Mammary Gland Epithelial Cell Proliferation
GO:0050926,Regulation Of Positive Chemotaxis
GO:1904776,Regulation Of Protein Localization To Cell Cortex
GO:1903689,"Regulation Of Wound Healing, Spreading Of Epidermal Cells"
GO:0042796,snRNA Transcription By RNA Polymerase III
GO:0002115,Store-Operated Calcium Entry
GO:0006569,Tryptophan Catabolic Process
GO:0010818,T Cell Chemotaxis
GO:0071711,Basement Membrane Organization
GO:0015803,Branched-Chain Amino Acid Transport
GO:0071397,Cellular Response To Cholesterol
GO:0015937,Coenzyme A Biosynthetic Process
GO:0006825,Copper Ion Transport
GO:0099558,Maintenance Of Synapse Structure
GO:0002279,Mast Cell Activation Involved In Immune Response
GO:0043303,Mast Cell Degranulation
GO:0034454,Microtubule Anchoring At Centrosome
GO:0000022,Mitotic Spindle Elongation
GO:0051256,Mitotic Spindle Midzone Assembly
GO:0032688,Negative Regulation Of Interferon-Beta Production
GO:1903671,Negative Regulation Of Sprouting Angiogenesis
GO:0010894,Negative Regulation Of Steroid Biosynthetic Process
GO:0034763,Negative Regulation Of Transmembrane Transport
GO:1990535,Neuron Projection Maintenance
GO:0019511,Peptidyl-Proline Hydroxylation
GO:0090309,Positive Regulation Of DNA Methylation-Dependent Heterochromatin Formation
GO:1900006,Positive Regulation Of Dendrite Development
GO:0045741,Positive Regulation Of Epidermal Growth Factor-Activated Receptor Activity
GO:0033625,Positive Regulation Of Integrin Activation
GO:0045651,Positive Regulation Of Macrophage Differentiation
GO:1900370,Positive Regulation Of Post-Transcriptional Gene Silencing By RNA
GO:1903818,Positive Regulation Of Voltage-Gated Potassium Channel Activity
GO:0007205,Protein Kinase C-activating G Protein-Coupled Receptor Signaling Pathway
GO:1903083,Protein Localization To Condensed Chromosome
GO:0036010,Protein Localization To Endosome
GO:0018158,Protein Oxidation
GO:0034033,Purine Nucleoside Bisphosphate Biosynthetic Process
GO:0009889,Regulation Of Biosynthetic Process
GO:0048169,Regulation Of Long-Term Neuronal Synaptic Plasticity
GO:0010965,Regulation Of Mitotic Sister Chromatid Separation
GO:0060099,"Regulation Of Phagocytosis, Engulfment"
GO:0019430,Removal Of Superoxide Radicals
GO:0034030,Ribonucleoside Bisphosphate Biosynthetic Process
GO:0042795,snRNA Transcription By RNA Polymerase II
GO:0015867,ATP Transport
GO:0031365,N-terminal Protein Amino Acid Modification
GO:0006953,Acute-Phase Response
GO:1904380,Endoplasmic Reticulum Mannose Trimming
GO:0006541,Glutamine Metabolic Process
GO:0051873,Killing By Host Of Symbiont Cells
GO:0000266,Mitochondrial Fission
GO:0046462,Monoacylglycerol Metabolic Process
GO:0051048,Negative Regulation Of Secretion
GO:0045947,Negative Regulation Of Translational Initiation
GO:0009225,Nucleotide-Sugar Metabolic Process
GO:0018206,Peptidyl-Methionine Modification
GO:2000318,Positive Regulation Of T-helper 17 Type Immune Response
GO:0035418,Protein Localization To Synapse
GO:0034035,Purine Ribonucleoside Bisphosphate Metabolic Process
GO:0080134,Regulation Of Response To Stress
GO:1901836,Regulation Of Transcription Of Nucleolar Large rRNA By RNA Polymerase I
GO:1901163,Regulation Of Trophoblast Cell Migration
GO:2001212,Regulation Of Vasculogenesis
GO:0043252,Sodium-Independent Organic Anion Transport
GO:0140861,DNA Repair-Dependent Chromatin Remodeling
GO:0140895,Cell Surface Toll-Like Receptor Signaling Pathway
GO:0002449,Lymphocyte Mediated Immunity
GO:0007141,Male Meiosis I
GO:0000460,Maturation Of 5.8S rRNA
GO:0000423,Mitophagy
GO:0032682,Negative Regulation Of Chemokine Production
GO:0050927,Positive Regulation Of Positive Chemotaxis
GO:0032814,Regulation Of Natural Killer Cell Activation
GO:0032228,"Regulation Of Synaptic Transmission, GABAergic"
GO:0031529,Ruffle Organization
GO:0030322,Stabilization Of Membrane Potential
GO:0016338,Calcium-Independent Cell-Cell Adhesion Via Plasma Membrane Cell-Adhesion Molecules
GO:0001573,Ganglioside Metabolic Process
GO:0046887,Positive Regulation Of Hormone Secretion
GO:0090287,Regulation Of Cellular Response To Growth Factor Stimulus
GO:0048278,Vesicle Docking
GO:0043534,Blood Vessel Endothelial Cell Migration
GO:0008645,Hexose Transmembrane Transport
GO:0030879,Mammary Gland Development
GO:0007266,Rho Protein Signal Transduction
GO:0000422,Autophagy Of Mitochondrion
GO:0051224,Negative Regulation Of Protein Transport
GO:0010043,Response To Zinc Ion
GO:0022409,Positive Regulation Of Cell-Cell Adhesion
GO:0030518,Intracellular Steroid Hormone Receptor Signaling Pathway
GO:0002711,Positive Regulation Of T Cell Mediated Immunity
GO:0002495,Antigen Processing And Presentation Of Peptide Antigen Via MHC Class II
GO:0051261,Protein Depolymerization
GO:0035304,Regulation Of Protein Dephosphorylation
GO:0002478,Antigen Processing And Presentation Of Exogenous Peptide Antigen
GO:0002687,Positive Regulation Of Leukocyte Migration
GO:0022604,Regulation Of Cell Morphogenesis
GO:0032715,Negative Regulation Of Interleukin-6 Production
GO:0050856,Regulation Of T Cell Receptor Signaling Pathway
GO:0006518,Peptide Metabolic Process
GO:0045071,Negative Regulation Of Viral Genome Replication
GO:0000381,"Regulation Of Alternative mRNA Splicing, Via Spliceosome"
GO:0006639,Acylglycerol Metabolic Process
GO:0006479,Protein Methylation
GO:0006687,Glycosphingolipid Metabolic Process
GO:0050832,Defense Response To Fungus
GO:0044331,Cell-Cell Adhesion Mediated By Cadherin
GO:0007127,Meiosis I
GO:0006611,Protein Export From Nucleus
GO:0007020,Microtubule Nucleation
GO:0008213,Protein Alkylation
GO:0060285,Cilium-Dependent Cell Motility
GO:0006873,Intracellular Monoatomic Ion Homeostasis
GO:0032515,Negative Regulation Of Phosphoprotein Phosphatase Activity
GO:1903901,Negative Regulation Of Viral Life Cycle
GO:0002696,Positive Regulation Of Leukocyte Activation
GO:0010921,Regulation Of Phosphatase Activity
GO:0030520,Intracellular Estrogen Receptor Signaling Pathway
GO:0045292,"mRNA Cis Splicing, Via Spliceosome"
GO:0034660,ncRNA Metabolic Process
GO:1903861,Positive Regulation Of Dendrite Extension
GO:1904996,Positive Regulation Of Leukocyte Adhesion To Vascular Endothelial Cell
GO:0009303,rRNA Transcription
GO:0033233,Regulation Of Protein Sumoylation
GO:0034142,Toll-Like Receptor 4 Signaling Pathway
GO:0035627,Ceramide Transport
GO:0007492,Endoderm Development
GO:0071044,Histone mRNA Catabolic Process
GO:0030212,Hyaluronan Metabolic Process
GO:0036159,Inner Dynein Arm Assembly
GO:1902018,Negative Regulation Of Cilium Assembly
GO:0051044,Positive Regulation Of Membrane Protein Ectodomain Proteolysis
GO:0070131,Positive Regulation Of Mitochondrial Translation
GO:1900153,"Positive Regulation Of Nuclear-Transcribed mRNA Catabolic Process, Deadenylation-Dependent Decay"
GO:0097428,Protein Maturation By Iron-Sulfur Cluster Transfer
GO:0097494,Regulation Of Vesicle Size
GO:0055002,Striated Muscle Cell Development
GO:0007156,Homophilic Cell Adhesion Via Plasma Membrane Adhesion Molecules
GO:0009068,Aspartate Family Amino Acid Catabolic Process
GO:0071451,Cellular Response To Superoxide
GO:0090158,Endoplasmic Reticulum Membrane Organization
GO:0002448,Mast Cell Mediated Immunity
GO:0034551,Mitochondrial Respiratory Chain Complex III Assembly
GO:0051253,Negative Regulation Of RNA Metabolic Process
GO:1905907,Negative Regulation Of Amyloid Fibril Formation
GO:0046851,Negative Regulation Of Bone Remodeling
GO:0031115,Negative Regulation Of Microtubule Polymerization
GO:0043116,Negative Regulation Of Vascular Permeability
GO:0048520,Positive Regulation Of Behavior
GO:0010838,Positive Regulation Of Keratinocyte Proliferation
GO:0034501,Protein Localization To Kinetochore
GO:0070873,Regulation Of Glycogen Metabolic Process
GO:0017062,Respiratory Chain Complex III Assembly
GO:0002690,Positive Regulation Of Leukocyte Chemotaxis
GO:0001578,Microtubule Bundle Formation
GO:0032488,Cdc42 Protein Signal Transduction
GO:0001913,T Cell Mediated Cytotoxicity
GO:0006309,Apoptotic DNA Fragmentation
GO:0030953,Astral Microtubule Organization
GO:0031223,Auditory Behavior
GO:0050873,Brown Fat Cell Differentiation
GO:0071501,Cellular Response To Sterol Depletion
GO:0071679,Commissural Neuron Axon Guidance
GO:0070189,Kynurenine Metabolic Process
GO:0098598,Learned Vocalization Behavior Or Vocal Learning
GO:1990481,mRNA Pseudouridine Synthesis
GO:0035090,Maintenance Of Apical/Basal Cell Polarity
GO:0045199,Maintenance Of Epithelial Cell Apical/Basal Polarity
GO:0043632,Modification-Dependent Macromolecule Catabolic Process
GO:0043301,Negative Regulation Of Leukocyte Degranulation
GO:0060192,Negative Regulation Of Lipase Activity
GO:0045837,Negative Regulation Of Membrane Potential
GO:0045839,Negative Regulation Of Mitotic Nuclear Division
GO:0002701,Negative Regulation Of Production Of Molecular Mediator Of Immune Response
GO:0019228,Neuronal Action Potential
GO:0050657,Nucleic Acid Transport
GO:0031639,Plasminogen Activation
GO:0060054,Positive Regulation Of Epithelial Cell Proliferation Involved In Wound Healing
GO:0043306,Positive Regulation Of Mast Cell Degranulation
GO:1905155,Positive Regulation Of Membrane Invagination
GO:0043382,Positive Regulation Of Memory T Cell Differentiation
GO:0002793,Positive Regulation Of Peptide Secretion
GO:0060267,Positive Regulation Of Respiratory Burst
GO:1903265,Positive Regulation Of Tumor Necrosis Factor-Mediated Signaling Pathway
GO:1904668,Positive Regulation Of Ubiquitin Protein Ligase Activity
GO:2000564,"Regulation Of CD8-positive, Alpha-Beta T Cell Proliferation"
GO:1903069,Regulation Of ER-associated Ubiquitin-Dependent Protein Catabolic Process
GO:2000095,"Regulation Of Wnt Signaling Pathway, Planar Cell Polarity Pathway"
GO:0030450,"Regulation Of Complement Activation, Classical Pathway"
GO:1900424,Regulation Of Defense Response To Bacterium
GO:0045601,Regulation Of Endothelial Cell Differentiation
GO:0080154,Regulation Of Fertilization
GO:1905165,Regulation Of Lysosomal Protein Catabolic Process
GO:1902622,Regulation Of Neutrophil Migration
GO:2000074,Regulation Of Type B Pancreatic Cell Development
GO:0035809,Regulation Of Urine Volume
GO:0033280,Response To Vitamin D
GO:0001514,Selenocysteine Incorporation
GO:0061549,Sympathetic Ganglion Development
GO:0006451,Translational Readthrough
GO:0045670,Regulation Of Osteoclast Differentiation
GO:0043045,DNA Methylation Involved In Embryo Development
GO:0090166,Golgi Disassembly
GO:0003164,His-Purkinje System Development
GO:0019852,L-ascorbic Acid Metabolic Process
GO:0030578,PML Body Organization
GO:0033211,Adiponectin-Activated Signaling Pathway
GO:0006531,Aspartate Metabolic Process
GO:0035425,Autocrine Signaling
GO:0035965,Cardiolipin Acyl-Chain Remodeling
GO:0070370,Cellular Heat Acclimation
GO:0021895,Cerebral Cortex Neuron Differentiation
GO:0070508,Cholesterol Import
GO:0061523,Cilium Disassembly
GO:0097484,Dendrite Extension
GO:0021879,Forebrain Neuron Differentiation
GO:0006677,Glycosylceramide Metabolic Process
GO:0046487,Glyoxylate Metabolic Process
GO:1903790,Guanine Nucleotide Transmembrane Transport
GO:0010286,Heat Acclimation
GO:0070365,Hepatocyte Differentiation
GO:0001692,Histamine Metabolic Process
GO:0030070,Insulin Processing
GO:0070106,Interleukin-27-Mediated Signaling Pathway
GO:0009992,Intracellular Water Homeostasis
GO:1901678,Iron Coordination Entity Transport
GO:0006549,Isoleucine Metabolic Process
GO:0046951,Ketone Body Biosynthetic Process
GO:0001710,Mesodermal Cell Fate Commitment
GO:0043320,Natural Killer Cell Degranulation
GO:0050859,Negative Regulation Of B Cell Receptor Signaling Pathway
GO:1903898,Negative Regulation Of PERK-mediated Unfolded Protein Response
GO:0030835,Negative Regulation Of Actin Filament Depolymerization
GO:0051956,Negative Regulation Of Amino Acid Transport
GO:2000726,Negative Regulation Of Cardiac Muscle Cell Differentiation
GO:0002692,Negative Regulation Of Cellular Extravasation
GO:1900038,Negative Regulation Of Cellular Response To Hypoxia
GO:0070100,Negative Regulation Of Chemokine-Mediated Signaling Pathway
GO:0045647,Negative Regulation Of Erythrocyte Differentiation
GO:0043569,Negative Regulation Of Insulin-Like Growth Factor Receptor Signaling Pathway
GO:1902744,Negative Regulation Of Lamellipodium Organization
GO:0033004,Negative Regulation Of Mast Cell Activation
GO:0051447,Negative Regulation Of Meiotic Cell Cycle
GO:1905331,Negative Regulation Of Morphogenesis Of An Epithelium
GO:0002887,Negative Regulation Of Myeloid Leukocyte Mediated Immunity
GO:2001223,Negative Regulation Of Neuron Migration
GO:1902915,Negative Regulation Of Protein Polyubiquitination
GO:0046137,Negative Regulation Of Vitamin Metabolic Process
GO:0098700,Neurotransmitter Loading Into Synaptic Vesicle
GO:0072578,Neurotransmitter-Gated Ion Channel Clustering
GO:0043312,Neutrophil Degranulation
GO:0015851,Nucleobase Transport
GO:0009142,Nucleoside Triphosphate Biosynthetic Process
GO:0048935,Peripheral Nervous System Neuron Development
GO:0044854,Plasma Membrane Raft Assembly
GO:0051142,Positive Regulation Of NK T Cell Proliferation
GO:0002842,Positive Regulation Of T Cell Mediated Immune Response To Tumor Cell
GO:2000556,Positive Regulation Of T-helper 1 Cell Cytokine Production
GO:2000727,Positive Regulation Of Cardiac Muscle Cell Differentiation
GO:0033634,Positive Regulation Of Cell-Cell Adhesion Mediated By Integrin
GO:0045542,Positive Regulation Of Cholesterol Biosynthetic Process
GO:0010886,Positive Regulation Of Cholesterol Storage
GO:0060124,Positive Regulation Of Growth Hormone Secretion
GO:0046985,Positive Regulation Of Hemoglobin Biosynthetic Process
GO:0032741,Positive Regulation Of Interleukin-18 Production
GO:1904352,Positive Regulation Of Protein Catabolic Process In The Vacuole
GO:1903566,Positive Regulation Of Protein Localization To Cilium
GO:0048743,Positive Regulation Of Skeletal Muscle Fiber Development
GO:0106120,Positive Regulation Of Sterol Biosynthetic Process
GO:1902949,Positive Regulation Of Tau-Protein Kinase Activity
GO:0032056,Positive Regulation Of Translation In Response To Stress
GO:0035810,Positive Regulation Of Urine Volume
GO:0031340,Positive Regulation Of Vesicle Fusion
GO:0097107,Postsynaptic Density Assembly
GO:0009155,Purine Deoxyribonucleotide Catabolic Process
GO:1905868,Regulation Of 3'-UTR-mediated mRNA Stabilization
GO:2000554,Regulation Of T-helper 1 Cell Cytokine Production
GO:1902510,Regulation Of Apoptotic DNA Fragmentation
GO:0010752,Regulation Of cGMP-mediated Signaling
GO:0070173,Regulation Of Enamel Mineralization
GO:1904904,Regulation Of Endothelial Cell-Matrix Adhesion Via Fibronectin
GO:0014060,Regulation Of Epinephrine Secretion
GO:1904889,Regulation Of Excitatory Synapse Assembly
GO:0070092,Regulation Of Glucagon Secretion
GO:0060398,Regulation Of Growth Hormone Receptor Signaling Pathway
GO:2000345,Regulation Of Hepatocyte Proliferation
GO:1903504,Regulation Of Mitotic Spindle Checkpoint
GO:0010749,Regulation Of Nitric Oxide Mediated Signal Transduction
GO:1902855,Regulation Of Non-Motile Cilium Assembly
GO:1900368,Regulation Of Post-Transcriptional Gene Silencing By RNA
GO:2000973,Regulation Of pro-B Cell Differentiation
GO:1901879,Regulation Of Protein Depolymerization
GO:0035813,Regulation Of Renal Sodium Excretion
GO:0060700,Regulation Of Ribonuclease Activity
GO:0036490,Regulation Of Translation In Response To Endoplasmic Reticulum Stress
GO:0061469,Regulation Of Type B Pancreatic Cell Proliferation
GO:0060556,Regulation Of Vitamin D Biosynthetic Process
GO:1905150,Regulation Of Voltage-Gated Sodium Channel Activity
GO:0001977,Renal System Process Involved In Regulation Of Blood Volume
GO:0071503,Response To Heparin
GO:0031290,Retinal Ganglion Cell Axon Guidance
GO:0040031,snRNA Modification
GO:0031119,tRNA Pseudouridine Synthesis
GO:0043586,Tongue Development
GO:0007185,Transmembrane Receptor Protein Tyrosine Phosphatase Signaling Pathway
GO:0021559,Trigeminal Nerve Development
GO:0006573,Valine Metabolic Process
GO:0036324,Vascular Endothelial Growth Factor Receptor-2 Signaling Pathway
GO:0055015,Ventricular Cardiac Muscle Cell Development
GO:0033120,Positive Regulation Of RNA Splicing
GO:0044272,Sulfur Compound Biosynthetic Process
GO:0010633,Negative Regulation Of Epithelial Cell Migration
GO:2000243,Positive Regulation Of Reproductive Process
GO:0002762,Negative Regulation Of Myeloid Leukocyte Differentiation
GO:0098742,Cell-Cell Adhesion Via Plasma-Membrane Adhesion Molecules
GO:0051491,Positive Regulation Of Filopodium Assembly
GO:0008064,Regulation Of Actin Polymerization Or Depolymerization
GO:0006024,Glycosaminoglycan Biosynthetic Process
GO:0042063,Gliogenesis
GO:0043171,Peptide Catabolic Process
GO:0045948,Positive Regulation Of Translational Initiation
GO:0090278,Negative Regulation Of Peptide Hormone Secretion
GO:0090026,Positive Regulation Of Monocyte Chemotaxis
GO:0032816,Positive Regulation Of Natural Killer Cell Activation
GO:2000047,Regulation Of Cell-Cell Adhesion Mediated By Cadherin
GO:1903859,Regulation Of Dendrite Extension
GO:0050670,Regulation Of Lymphocyte Proliferation
GO:0043542,Endothelial Cell Migration
GO:0031124,mRNA 3'-End Processing
GO:0043489,RNA Stabilization
GO:0070286,Axonemal Dynein Complex Assembly
GO:0061158,3'-UTR-mediated mRNA Destabilization
GO:0010586,miRNA Metabolic Process
GO:0150118,Negative Regulation Of Cell-Substrate Junction Organization
GO:0051895,Negative Regulation Of Focal Adhesion Assembly
GO:0051047,Positive Regulation Of Secretion
GO:1905906,Regulation Of Amyloid Fibril Formation
GO:0035303,Regulation Of Dephosphorylation
GO:1902229,Regulation Of Intrinsic Apoptotic Signaling Pathway In Response To DNA Damage
GO:0051056,Regulation Of Small GTPase Mediated Signal Transduction
GO:0046785,Microtubule Polymerization
GO:0050922,Negative Regulation Of Chemotaxis
GO:0071677,Positive Regulation Of Mononuclear Cell Migration
GO:0032048,Cardiolipin Metabolic Process
GO:0045217,Cell-Cell Junction Maintenance
GO:0003382,Epithelial Cell Morphogenesis
GO:0098787,mRNA Cleavage Involved In mRNA Processing
GO:0044774,Mitotic DNA Integrity Checkpoint Signaling
GO:0071676,Negative Regulation Of Mononuclear Cell Migration
GO:0046434,Organophosphate Catabolic Process
GO:0075294,Positive Regulation By Symbiont Of Entry Into Host
GO:1904294,Positive Regulation Of ERAD Pathway
GO:2000010,Positive Regulation Of Protein Localization To Cell Surface
GO:0046598,Positive Regulation Of Viral Entry Into Host Cell
GO:0031053,Primary miRNA Processing
GO:0032790,Ribosome Disassembly
GO:0009301,snRNA Transcription
GO:0048255,mRNA Stabilization
GO:1901570,Fatty Acid Derivative Biosynthetic Process
GO:0051494,Negative Regulation Of Cytoskeleton Organization
GO:0030032,Lamellipodium Assembly
GO:0015748,Organophosphate Ester Transport
GO:0006029,Proteoglycan Metabolic Process
GO:0090025,Regulation Of Monocyte Chemotaxis
GO:0006040,Amino Sugar Metabolic Process
GO:0071453,Cellular Response To Oxygen Levels
GO:0007398,Ectoderm Development
GO:0016571,Histone Methylation
GO:0016574,Histone Ubiquitination
GO:0000963,Mitochondrial RNA Processing
GO:0061668,Mitochondrial Ribosome Assembly
GO:0045779,Negative Regulation Of Bone Resorption
GO:1903054,Negative Regulation Of Extracellular Matrix Organization
GO:1903318,Negative Regulation Of Protein Maturation
GO:0016479,Negative Regulation Of Transcription By RNA Polymerase I
GO:0031102,Neuron Projection Regeneration
GO:0006646,Phosphatidylethanolamine Biosynthetic Process
GO:0035332,Positive Regulation Of Hippo Signaling
GO:0033235,Positive Regulation Of Protein Sumoylation
GO:2001214,Positive Regulation Of Vasculogenesis
GO:0018242,Protein O-linked Glycosylation Via Serine
GO:0018243,Protein O-linked Glycosylation Via Threonine
GO:2000561,"Regulation Of CD4-positive, Alpha-Beta T Cell Proliferation"
GO:1903897,Regulation Of PERK-mediated Unfolded Protein Response
GO:2000725,Regulation Of Cardiac Muscle Cell Differentiation
GO:0002691,Regulation Of Cellular Extravasation
GO:0106014,Regulation Of Inflammatory Response To Wounding
GO:0043403,Skeletal Muscle Tissue Regeneration
GO:2000177,Regulation Of Neural Precursor Cell Proliferation
GO:0006308,DNA Catabolic Process
GO:0015701,Bicarbonate Transport
GO:0002381,Immunoglobulin Production Involved In Immunoglobulin-Mediated Immune Response
GO:0061756,Leukocyte Adhesion To Vascular Endothelial Cell
GO:0019370,Leukotriene Biosynthetic Process
GO:0045652,Regulation Of Megakaryocyte Differentiation
GO:0006833,Water Transport
GO:0086067,AV Node Cell To Bundle Of His Cell Communication
GO:0034080,CENP-A Containing Chromatin Assembly
GO:0006382,Adenosine To Inosine Editing
GO:0042590,Antigen Processing And Presentation Of Exogenous Peptide Antigen Via MHC Class I
GO:0071474,Cellular Hyperosmotic Response
GO:0071380,Cellular Response To Prostaglandin E Stimulus
GO:0031055,Chromatin Remodeling At Centromere
GO:0015677,Copper Ion Import
GO:0060232,Delamination
GO:0140059,Dendrite Arborization
GO:0006068,Ethanol Catabolic Process
GO:0034625,"Fatty Acid Elongation, Monounsaturated Fatty Acid"
GO:0034626,"Fatty Acid Elongation, Polyunsaturated Fatty Acid"
GO:0019367,"Fatty Acid Elongation, Saturated Fatty Acid"
GO:0019368,"Fatty Acid Elongation, Unsaturated Fatty Acid"
GO:0021884,Forebrain Neuron Development
GO:0006072,Glycerol-3-Phosphate Metabolic Process
GO:0006548,Histidine Catabolic Process
GO:0006547,Histidine Metabolic Process
GO:0006880,Intracellular Sequestering Of Iron Ion
GO:0043616,Keratinocyte Proliferation
GO:0097021,Lymphocyte Migration Into Lymphoid Organs
GO:0044091,Membrane Biogenesis
GO:0010324,Membrane Invagination
GO:0006640,Monoacylglycerol Biosynthetic Process
GO:1903588,Negative Regulation Of Blood Vessel Endothelial Cell Proliferation Involved In Sprouting Angiogenesis
GO:1905208,Negative Regulation Of Cardiocyte Differentiation
GO:0033604,Negative Regulation Of Catecholamine Secretion
GO:0061000,Negative Regulation Of Dendritic Spine Development
GO:0060457,Negative Regulation Of Digestive System Process
GO:2001033,Negative Regulation Of Double-Strand Break Repair Via Nonhomologous End Joining
GO:0010459,Negative Regulation Of Heart Rate
GO:0051045,Negative Regulation Of Membrane Protein Ectodomain Proteolysis
GO:1903799,Negative Regulation Of miRNA Processing
GO:0033234,Negative Regulation Of Protein Sumoylation
GO:1900028,Negative Regulation Of Ruffle Assembly
GO:0098887,"Neurotransmitter Receptor Transport, Endosome To Postsynaptic Membrane"
GO:0042421,Norepinephrine Biosynthetic Process
GO:0009166,Nucleotide Catabolic Process
GO:0015833,Peptide Transport
GO:0006596,Polyamine Biosynthetic Process
GO:2000343,Positive Regulation Of Chemokine (C-X-C Motif) Ligand 2 Production
GO:0003353,Positive Regulation Of Cilium Movement
GO:2000155,Positive Regulation Of Cilium-Dependent Cell Motility
GO:1902237,Positive Regulation Of Endoplasmic Reticulum Stress-Induced Intrinsic Apoptotic Signaling Pathway
GO:1902093,Positive Regulation Of Flagellated Sperm Motility
GO:2000394,Positive Regulation Of Lamellipodium Morphogenesis
GO:0031666,Positive Regulation Of Lipopolysaccharide-Mediated Signaling Pathway
GO:0033005,Positive Regulation Of Mast Cell Activation
GO:0010940,Positive Regulation Of Necrotic Cell Death
GO:1901165,Positive Regulation Of Trophoblast Cell Migration
GO:1903361,Protein Localization To Basolateral Plasma Membrane
GO:0046813,Receptor-Mediated Virion Attachment To Host Cell
GO:0051140,Regulation Of NK T Cell Proliferation
GO:0045625,Regulation Of T-helper 1 Cell Differentiation
GO:0070163,Regulation Of Adiponectin Secretion
GO:1902667,Regulation Of Axon Guidance
GO:1905603,Regulation Of Blood-Brain Barrier Permeability
GO:2000544,Regulation Of Endothelial Cell Chemotaxis To Fibroblast Growth Factor
GO:0045685,Regulation Of Glial Cell Differentiation
GO:1905048,Regulation Of Metallopeptidase Activity
GO:1902108,Regulation Of Mitochondrial Membrane Permeability Involved In Apoptotic Process
GO:0070432,Regulation Of Nucleotide-Binding Oligomerization Domain Containing 2 Signaling Pathway
GO:0046877,Regulation Of Saliva Secretion
GO:0032908,Regulation Of Transforming Growth Factor Beta1 Production
GO:0036296,Response To Increased Oxygen Levels
GO:0010288,Response To Lead Ion
GO:0046390,Ribose Phosphate Biosynthetic Process
GO:0021513,Spinal Cord Dorsal/Ventral Patterning
GO:0016081,Synaptic Vesicle Docking
GO:0034138,Toll-Like Receptor 3 Signaling Pathway
GO:0061042,Vascular Wound Healing
GO:0062111,Zinc Ion Import Into Organelle
GO:0009306,Protein Secretion
GO:0000380,"Alternative mRNA Splicing, Via Spliceosome"
GO:0071786,Endoplasmic Reticulum Tubular Network Organization
GO:0010923,Negative Regulation Of Phosphatase Activity
GO:2000403,Positive Regulation Of Lymphocyte Migration
GO:0036508,"Protein Alpha-1,2-Demannosylation"
GO:1903587,Regulation Of Blood Vessel Endothelial Cell Proliferation Involved In Sprouting Angiogenesis
GO:0032652,Regulation Of Interleukin-1 Production
GO:0046822,Regulation Of Nucleocytoplasmic Transport
GO:1901137,Carbohydrate Derivative Biosynthetic Process
GO:0120033,Negative Regulation Of Plasma Membrane Bounded Cell Projection Assembly
GO:0006654,Phosphatidic Acid Biosynthetic Process
GO:0048525,Negative Regulation Of Viral Process
GO:0032272,Negative Regulation Of Protein Polymerization
GO:0002484,Antigen Processing And Presentation Of Endogenous Peptide Antigen Via MHC Class I Via ER Pathway
GO:0002486,"Antigen Processing And Presentation Of Endogenous Peptide Antigen Via MHC Class I Via ER Pathway, TAP-independent"
GO:0002476,Antigen Processing And Presentation Of Endogenous Peptide Antigen Via MHC Class Ib
GO:0002428,Antigen Processing And Presentation Of Peptide Antigen Via MHC Class Ib
GO:0003094,Glomerular Filtration
GO:0034122,Negative Regulation Of Toll-Like Receptor Signaling Pathway
GO:0045618,Positive Regulation Of Keratinocyte Differentiation
GO:1901739,Regulation Of Myoblast Fusion
GO:0046339,Diacylglycerol Metabolic Process
GO:2000404,Regulation Of T Cell Migration
GO:0072344,Rescue Of Stalled Ribosome
GO:0007157,Heterophilic Cell-Cell Adhesion Via Plasma Membrane Cell Adhesion Molecules
GO:0006664,Glycolipid Metabolic Process
GO:0046473,Phosphatidic Acid Metabolic Process
GO:0050863,Regulation Of T Cell Activation
GO:0140374,Antiviral Innate Immune Response
GO:0043112,Receptor Metabolic Process
GO:1901654,Response To Ketone
GO:0065004,protein-DNA Complex Assembly
GO:0006047,UDP-N-acetylglucosamine Metabolic Process
GO:0060055,Angiogenesis Involved In Wound Healing
GO:0071233,Cellular Response To Leucine
GO:0043652,Engulfment Of Apoptotic Cell
GO:0015015,"Heparan Sulfate Proteoglycan Biosynthetic Process, Enzymatic Modification"
GO:0050930,Induction Of Positive Chemotaxis
GO:0042159,Lipoprotein Catabolic Process
GO:0046636,Negative Regulation Of Alpha-Beta T Cell Activation
GO:0035305,Negative Regulation Of Dephosphorylation
GO:2000402,Negative Regulation Of Lymphocyte Migration
GO:0051127,Positive Regulation Of Actin Nucleation
GO:1905954,Positive Regulation Of Lipid Localization
GO:1901881,Positive Regulation Of Protein Depolymerization
GO:0034145,Positive Regulation Of Toll-Like Receptor 4 Signaling Pathway
GO:0070475,rRNA Base Methylation
GO:0050818,Regulation Of Coagulation
GO:0010559,Regulation Of Glycoprotein Biosynthetic Process
GO:2000392,Regulation Of Lamellipodium Morphogenesis
GO:0060263,Regulation Of Respiratory Burst
GO:0043201,Response To Leucine
GO:0097581,Lamellipodium Organization
GO:0030517,Negative Regulation Of Axon Extension
GO:0051489,Regulation Of Filopodium Assembly
GO:0072678,T Cell Migration
GO:0016553,Base Conversion Or Substitution Editing
GO:0002042,Cell Migration Involved In Sprouting Angiogenesis
GO:0046847,Filopodium Assembly
GO:0050901,Leukocyte Tethering Or Rolling
GO:0006643,Membrane Lipid Metabolic Process
GO:0044794,Positive Regulation By Host Of Viral Process
GO:0046782,Regulation Of Viral Transcription
GO:0050909,Sensory Perception Of Taste
GO:0045746,Negative Regulation Of Notch Signaling Pathway
GO:0051482,Positive Regulation Of Cytosolic Calcium Ion Concentration Involved In Phospholipase C-activating G Protein-Coupled Signaling Pathway
GO:0045022,Early Endosome To Late Endosome Transport
GO:2000765,Regulation Of Cytoplasmic Translation
GO:1900117,Regulation Of Execution Phase Of Apoptosis
GO:0048791,Calcium Ion-Regulated Exocytosis Of Neurotransmitter
GO:0000463,"Maturation Of LSU-rRNA From Tricistronic rRNA Transcript (SSU-rRNA, 5.8S rRNA, LSU-rRNA)"
GO:0051791,Medium-Chain Fatty Acid Metabolic Process
GO:0002710,Negative Regulation Of T Cell Mediated Immunity
GO:0007096,Regulation Of Exit From Mitosis
GO:0010528,Regulation Of Transposition
GO:0042537,Benzene-Containing Compound Metabolic Process
GO:0006651,Diacylglycerol Biosynthetic Process
GO:0001561,Fatty Acid Alpha-Oxidation
GO:0006681,Galactosylceramide Metabolic Process
GO:0070227,Lymphocyte Apoptotic Process
GO:0033615,Mitochondrial Proton-Transporting ATP Synthase Complex Assembly
GO:2001186,"Negative Regulation Of CD8-positive, Alpha-Beta T Cell Activation"
GO:0051126,Negative Regulation Of Actin Nucleation
GO:0045959,"Negative Regulation Of Complement Activation, Classical Pathway"
GO:0051148,Negative Regulation Of Muscle Cell Differentiation
GO:1900045,Negative Regulation Of Protein K63-linked Ubiquitination
GO:0010664,Negative Regulation Of Striated Muscle Cell Apoptotic Process
GO:0099628,Neurotransmitter Receptor Diffusion Trapping
GO:0015949,Nucleobase-Containing Small Molecule Interconversion
GO:0018401,Peptidyl-Proline Hydroxylation To 4-hydroxy-L-proline
GO:2000601,Positive Regulation Of Arp2/3 Complex-Mediated Actin Nucleation
GO:1901537,Positive Regulation Of DNA Demethylation
GO:2000427,Positive Regulation Of Apoptotic Cell Clearance
GO:2001137,Positive Regulation Of Endocytic Recycling
GO:0090091,Positive Regulation Of Extracellular Matrix Disassembly
GO:1902107,Positive Regulation Of Leukocyte Differentiation
GO:0045836,Positive Regulation Of Meiotic Nuclear Division
GO:0032819,Positive Regulation Of Natural Killer Cell Proliferation
GO:0010756,Positive Regulation Of Plasminogen Activation
GO:0070172,Positive Regulation Of Tooth Mineralization
GO:0098970,Postsynaptic Neurotransmitter Receptor Diffusion Trapping
GO:0016254,Preassembly Of GPI Anchor In ER Membrane
GO:0016926,Protein Desumoylation
GO:0071947,Protein Deubiquitination Involved In Ubiquitin-Dependent Protein Catabolic Process
GO:0006621,Protein Retention In ER Lumen
GO:0032988,protein-RNA Complex Disassembly
GO:0043461,Proton-Transporting ATP Synthase Complex Assembly
GO:0006195,Purine Nucleotide Catabolic Process
GO:2000514,"Regulation Of CD4-positive, Alpha-Beta T Cell Activation"
GO:2000425,Regulation Of Apoptotic Cell Clearance
GO:1900247,Regulation Of Cytoplasmic Translational Elongation
GO:0060191,Regulation Of Lipase Activity
GO:0062196,Regulation Of Lysosome Size
GO:0032530,Regulation Of Microvillus Organization
GO:2000035,Regulation Of Stem Cell Division
GO:0042797,tRNA Transcription By RNA Polymerase III
GO:0006369,Termination Of RNA Polymerase II Transcription
GO:0030833,Regulation Of Actin Filament Polymerization
GO:0035025,Positive Regulation Of Rho Protein Signal Transduction
GO:0045671,Negative Regulation Of Osteoclast Differentiation
GO:0010804,Negative Regulation Of Tumor Necrosis Factor-Mediated Signaling Pathway
GO:0036158,Outer Dynein Arm Assembly
GO:0051338,Regulation Of Transferase Activity
GO:0030838,Positive Regulation Of Actin Filament Polymerization
GO:0009395,Phospholipid Catabolic Process
GO:0017158,Regulation Of Calcium Ion-Dependent Exocytosis
GO:0016339,Calcium-Dependent Cell-Cell Adhesion Via Plasma Membrane Cell Adhesion Molecules
GO:0070935,3'-UTR-mediated mRNA Stabilization
GO:0046503,Glycerolipid Catabolic Process
GO:0030277,Maintenance Of Gastrointestinal Epithelium
GO:1901185,Negative Regulation Of ERBB Signaling Pathway
GO:0007274,Neuromuscular Synaptic Transmission
GO:0002501,Peptide Antigen Assembly With MHC Protein Complex
GO:0051764,Actin Crosslink Formation
GO:0042401,Biogenic Amine Biosynthetic Process
GO:1905145,Cellular Response To Acetylcholine
GO:0016554,Cytidine To Uridine Editing
GO:0035437,Maintenance Of Protein Localization In Endoplasmic Reticulum
GO:2000107,Negative Regulation Of Leukocyte Apoptotic Process
GO:0010642,Negative Regulation Of Platelet-Derived Growth Factor Receptor Signaling Pathway
GO:0098789,pre-mRNA Cleavage Required For Polyadenylation
GO:0030834,Regulation Of Actin Filament Depolymerization
GO:2001135,Regulation Of Endocytic Recycling
GO:0051036,Regulation Of Endosome Size
GO:1904035,Regulation Of Epithelial Cell Apoptotic Process
GO:0010635,Regulation Of Mitochondrial Fusion
GO:0046519,Sphingoid Metabolic Process
GO:0098927,Vesicle-Mediated Transport Between Endosomal Compartments
GO:0048024,"Regulation Of mRNA Splicing, Via Spliceosome"
GO:0015936,Coenzyme A Metabolic Process
GO:0050686,Negative Regulation Of mRNA Processing
GO:0048477,Oogenesis
GO:0035020,Regulation Of Rac Protein Signal Transduction
GO:0032645,Regulation Of Granulocyte Macrophage Colony-Stimulating Factor Production
GO:0062208,Positive Regulation Of Pattern Recognition Receptor Signaling Pathway
GO:0006376,mRNA Splice Site Recognition
GO:0071346,Cellular Response To Type II Interferon
GO:0070383,DNA Cytosine Deamination
GO:0090161,Golgi Ribbon Formation
GO:1903826,L-arginine Transmembrane Transport
GO:0006048,UDP-N-acetylglucosamine Biosynthetic Process
GO:1990822,Basic Amino Acid Transmembrane Transport
GO:0060294,Cilium Movement Involved In Cell Motility
GO:0001731,Formation Of Translation Preinitiation Complex
GO:0006868,Glutamine Transport
GO:0120009,Intermembrane Lipid Transfer
GO:1903306,Negative Regulation Of Regulated Secretory Pathway
GO:0051135,Positive Regulation Of NK T Cell Activation
GO:1903589,Positive Regulation Of Blood Vessel Endothelial Cell Proliferation Involved In Sprouting Angiogenesis
GO:0010890,Positive Regulation Of Sequestering Of Triglyceride
GO:0035519,Protein K29-linked Ubiquitination
GO:0070212,Protein poly-ADP-ribosylation
GO:0006863,Purine Nucleobase Transport
GO:1901535,Regulation Of DNA Demethylation
GO:0002604,Regulation Of Dendritic Cell Antigen Processing And Presentation
GO:0010962,Regulation Of Glucan Biosynthetic Process
GO:0070453,Regulation Of Heme Biosynthetic Process
GO:1905330,Regulation Of Morphogenesis Of An Epithelium
GO:0010939,Regulation Of Necrotic Cell Death
GO:0034139,Regulation Of Toll-Like Receptor 3 Signaling Pathway
GO:0031338,Regulation Of Vesicle Fusion
GO:0051788,Response To Misfolded Protein
GO:0009304,tRNA Transcription
GO:0009247,Glycolipid Biosynthetic Process
GO:0016579,Protein Deubiquitination
GO:0050650,Chondroitin Sulfate Proteoglycan Biosynthetic Process
GO:0010669,Epithelial Structure Maintenance
GO:0033119,Negative Regulation Of RNA Splicing
GO:0035308,Negative Regulation Of Protein Dephosphorylation
GO:0051205,Protein Insertion Into Membrane
GO:0017156,Calcium-Ion Regulated Exocytosis
GO:0090174,Organelle Membrane Fusion
GO:0007176,Regulation Of Epidermal Growth Factor-Activated Receptor Activity
GO:0045616,Regulation Of Keratinocyte Differentiation
GO:0060326,Cell Chemotaxis
GO:0034498,Early Endosome To Golgi Transport
GO:0140042,Lipid Droplet Formation
GO:1905517,Macrophage Migration
GO:1904152,"Regulation Of Retrograde Protein Transport, ER To Cytosol"
GO:0006684,Sphingomyelin Metabolic Process
GO:1990266,Neutrophil Migration
GO:0002429,Immune Response-Activating Cell Surface Receptor Signaling Pathway
GO:0030837,Negative Regulation Of Actin Filament Polymerization
GO:0048841,Regulation Of Axon Extension Involved In Axon Guidance
GO:0046839,Phospholipid Dephosphorylation
GO:0006334,Nucleosome Assembly
GO:0061760,Antifungal Innate Immune Response
GO:0051923,Sulfation
GO:0007271,"Synaptic Transmission, Cholinergic"
GO:0046596,Regulation Of Viral Entry Into Host Cell
GO:0051085,Chaperone Cofactor-Dependent Protein Refolding
GO:0010884,Positive Regulation Of Lipid Storage
GO:0050829,Defense Response To Gram-negative Bacterium
GO:0006637,acyl-CoA Metabolic Process
GO:0042267,Natural Killer Cell Mediated Cytotoxicity
GO:0071108,Protein K48-linked Deubiquitination
GO:2000311,Regulation Of AMPA Receptor Activity
GO:0034356,NAD Biosynthesis Via Nicotinamide Riboside Salvage Pathway
GO:0009308,Amine Metabolic Process
GO:0046349,Amino Sugar Biosynthetic Process
GO:0021515,Cell Differentiation In Spinal Cord
GO:0046486,Glycerolipid Metabolic Process
GO:0034453,Microtubule Anchoring
GO:0033314,Mitotic DNA Replication Checkpoint Signaling
GO:0046888,Negative Regulation Of Hormone Secretion
GO:0016322,Neuron Remodeling
GO:0018193,Peptidyl-Amino Acid Modification
GO:0031442,Positive Regulation Of mRNA 3'-End Processing
GO:0035871,Protein K11-linked Deubiquitination
GO:2000668,Regulation Of Dendritic Cell Apoptotic Process
GO:2001256,Regulation Of Store-Operated Calcium Entry
GO:0007589,Body Fluid Secretion
GO:0030201,Heparan Sulfate Proteoglycan Metabolic Process
GO:0098781,ncRNA Transcription
GO:0032897,Negative Regulation Of Viral Transcription
GO:0007008,Outer Mitochondrial Membrane Organization
GO:0032725,Positive Regulation Of Granulocyte Macrophage Colony-Stimulating Factor Production
GO:0045040,Protein Insertion Into Mitochondrial Outer Membrane
GO:0048172,Regulation Of Short-Term Neuronal Synaptic Plasticity
GO:0044790,Suppression Of Viral Release By Host
GO:0006644,Phospholipid Metabolic Process
GO:0009792,Embryo Development Ending In Birth Or Egg Hatching
GO:0042339,Keratan Sulfate Metabolic Process
GO:0035970,Peptidyl-Threonine Dephosphorylation
GO:0019751,Polyol Metabolic Process
GO:0002385,Mucosal Immune Response
GO:0035609,C-terminal Protein Deglutamylation
GO:0035710,"CD4-positive, Alpha-Beta T Cell Activation"
GO:0006335,DNA Replication-Dependent Chromatin Assembly
GO:0032020,ISG15-protein Conjugation
GO:0110154,RNA Decapping
GO:0038203,TORC2 Signaling
GO:0002191,Cap-Dependent Translational Initiation
GO:0032490,Detection Of Molecule Of Bacterial Origin
GO:0009597,Detection Of Virus
GO:0001767,Establishment Of Lymphocyte Polarity
GO:0019375,Galactolipid Biosynthetic Process
GO:0006682,Galactosylceramide Biosynthetic Process
GO:0000395,mRNA 5'-Splice Site Recognition
GO:0036112,Medium-Chain fatty-acyl-CoA Metabolic Process
GO:0035694,Mitochondrial Protein Catabolic Process
GO:0072674,Multinuclear Osteoclast Differentiation
GO:0034316,Negative Regulation Of Arp2/3 Complex-Mediated Actin Nucleation
GO:1904293,Negative Regulation Of ERAD Pathway
GO:0010667,Negative Regulation Of Cardiac Muscle Cell Apoptotic Process
GO:0090027,Negative Regulation Of Monocyte Chemotaxis
GO:2000623,"Negative Regulation Of Nuclear-Transcribed mRNA Catabolic Process, Nonsense-Mediated Decay"
GO:0015858,Nucleoside Transport
GO:0017183,Peptidyl-Diphthamide Biosynthetic Process From Peptidyl-Histidine
GO:0017182,Peptidyl-Diphthamide Metabolic Process
GO:0090383,Phagosome Acidification
GO:0036149,Phosphatidylinositol Acyl-Chain Remodeling
GO:0030309,poly-N-acetyllactosamine Metabolic Process
GO:2000096,"Positive Regulation Of Wnt Signaling Pathway, Planar Cell Polarity Pathway"
GO:0002579,Positive Regulation Of Antigen Processing And Presentation
GO:0002606,Positive Regulation Of Dendritic Cell Antigen Processing And Presentation
GO:1901552,Positive Regulation Of Endothelial Cell Development
GO:1903142,Positive Regulation Of Establishment Of Endothelial Barrier
GO:1903490,Positive Regulation Of Mitotic Cytokinesis
GO:0033690,Positive Regulation Of Osteoblast Proliferation
GO:1904184,Positive Regulation Of Pyruvate Dehydrogenase Activity
GO:0034137,Positive Regulation Of Toll-Like Receptor 2 Signaling Pathway
GO:0034157,Positive Regulation Of Toll-Like Receptor 7 Signaling Pathway
GO:0042270,Protection From Natural Killer Cell Mediated Cytotoxicity
GO:0018406,Protein C-linked Glycosylation Via 2'-alpha-mannosyl-L-tryptophan
GO:0018317,Protein C-linked Glycosylation Via Tryptophan
GO:1903044,Protein Localization To Membrane Raft
GO:0070647,Protein Modification By Small Protein Conjugation Or Removal
GO:0030091,Protein Repair
GO:0070070,Proton-Transporting V-type ATPase Complex Assembly
GO:1904823,Purine Nucleobase Transmembrane Transport
GO:0072523,Purine-Containing Compound Catabolic Process
GO:0015864,Pyrimidine Nucleoside Transport
GO:0060019,Radial Glial Cell Differentiation
GO:2001188,Regulation Of T Cell Activation Via T Cell Receptor Contact With Antigen Bound To MHC Molecule On Antigen Presenting Cell
GO:2000328,Regulation Of T-helper 17 Cell Lineage Commitment
GO:1903551,Regulation Of Extracellular Exosome Assembly
GO:0003093,Regulation Of Glomerular Filtration
GO:0046885,Regulation Of Hormone Biosynthetic Process
GO:1902172,Regulation Of Keratinocyte Apoptotic Process
GO:0060753,Regulation Of Mast Cell Chemotaxis
GO:0002715,Regulation Of Natural Killer Cell Mediated Immunity
GO:2000389,Regulation Of Neutrophil Extravasation
GO:0090085,Regulation Of Protein Deubiquitination
GO:1900003,Regulation Of Serine-Type Endopeptidase Activity
GO:0007172,Signal Complex Assembly
GO:0006686,Sphingomyelin Biosynthetic Process
GO:0051031,tRNA Transport
GO:0044342,Type B Pancreatic Cell Proliferation
GO:0015862,Uridine Transport
GO:0002227,Innate Immune Response In Mucosa
GO:0031664,Regulation Of Lipopolysaccharide-Mediated Signaling Pathway
GO:0010526,Retrotransposon Silencing
GO:0043547,Positive Regulation Of GTPase Activity
GO:0051084,'De Novo' Post-Translational Protein Folding
GO:0016051,Carbohydrate Biosynthetic Process
GO:0010529,Negative Regulation Of Transposition
GO:0046337,Phosphatidylethanolamine Metabolic Process
GO:0001914,Regulation Of T Cell Mediated Cytotoxicity
GO:0006067,Ethanol Metabolic Process
GO:0015749,Monosaccharide Transmembrane Transport
GO:0001911,Negative Regulation Of Leukocyte Mediated Cytotoxicity
GO:0048025,"Negative Regulation Of mRNA Splicing, Via Spliceosome"
GO:0034116,Positive Regulation Of Heterotypic Cell-Cell Adhesion
GO:0031644,Regulation Of Nervous System Process
GO:0048713,Regulation Of Oligodendrocyte Differentiation
GO:2000434,Regulation Of Protein Neddylation
GO:0006054,N-acetylneuraminate Metabolic Process
GO:0032486,Rap Protein Signal Transduction
GO:0034311,Diol Metabolic Process
GO:0090557,Establishment Of Endothelial Intestinal Barrier
GO:0097250,Mitochondrial Respirasome Assembly
GO:0030948,Negative Regulation Of Vascular Endothelial Growth Factor Receptor Signaling Pathway
GO:2000052,Positive Regulation Of Non-Canonical Wnt Signaling Pathway
GO:1904292,Regulation Of ERAD Pathway
GO:2001198,Regulation Of Dendritic Cell Differentiation
GO:1900363,Regulation Of mRNA Polyadenylation
GO:0034163,Regulation Of Toll-Like Receptor 9 Signaling Pathway
GO:0034695,Response To Prostaglandin E
GO:0043129,Surfactant Homeostasis
GO:0051017,Actin Filament Bundle Assembly
GO:0018200,Peptidyl-Glutamic Acid Modification
GO:0001912,Positive Regulation Of Leukocyte Mediated Cytotoxicity
GO:0019262,N-acetylneuraminate Catabolic Process
GO:0090527,Actin Filament Reorganization
GO:0048846,Axon Extension Involved In Axon Guidance
GO:0071221,Cellular Response To Bacterial Lipopeptide
GO:0036089,Cleavage Furrow Formation
GO:0010994,Free Ubiquitin Chain Polymerization
GO:0046476,Glycosylceramide Biosynthetic Process
GO:0060347,Heart Trabecula Formation
GO:0048874,Host-Mediated Regulation Of Intestinal Microbiota Composition
GO:0006020,Inositol Metabolic Process
GO:0042758,Long-Chain Fatty Acid Catabolic Process
GO:0045605,Negative Regulation Of Epidermal Cell Differentiation
GO:1901533,Negative Regulation Of Hematopoietic Progenitor Cell Differentiation
GO:1902284,Neuron Projection Extension Involved In Neuron Projection Guidance
GO:0098943,"Neurotransmitter Receptor Transport, Postsynaptic Endosome To Lysosome"
GO:2000321,Positive Regulation Of T-helper 17 Cell Differentiation
GO:0010536,Positive Regulation Of Activation Of Janus Kinase Activity
GO:1903238,Positive Regulation Of Leukocyte Tethering Or Rolling
GO:0034141,Positive Regulation Of Toll-Like Receptor 3 Signaling Pathway
GO:0035608,Protein Deglutamylation
GO:0090481,Pyrimidine Nucleotide-Sugar Transmembrane Transport
GO:0032483,Regulation Of Rab Protein Signal Transduction
GO:1903593,Regulation Of Histamine Secretion By Mast Cell
GO:1902412,Regulation Of Mitotic Cytokinesis
GO:1904182,Regulation Of Pyruvate Dehydrogenase Activity
GO:1901077,Regulation Of Relaxation Of Muscle
GO:0043576,Regulation Of Respiratory Gaseous Exchange
GO:0034155,Regulation Of Toll-Like Receptor 7 Signaling Pathway
GO:0032329,Serine Transport
GO:0098814,Spontaneous Synaptic Transmission
GO:0048280,Vesicle Fusion With Golgi Apparatus
GO:0071526,Semaphorin-Plexin Signaling Pathway
GO:0009952,Anterior/Posterior Pattern Specification
GO:0071621,Granulocyte Chemotaxis
GO:0006491,N-glycan Processing
GO:0042044,Fluid Transport
GO:0048843,Negative Regulation Of Axon Extension Involved In Axon Guidance
GO:0034587,piRNA Processing
GO:0071294,Cellular Response To Zinc Ion
GO:0090382,Phagosome Maturation
GO:0046173,Polyol Biosynthetic Process
GO:0009101,Glycoprotein Biosynthetic Process
GO:0042059,Negative Regulation Of Epidermal Growth Factor Receptor Signaling Pathway
GO:0061099,Negative Regulation Of Protein Tyrosine Kinase Activity
GO:0042742,Defense Response To Bacterium
GO:0030593,Neutrophil Chemotaxis
GO:0016556,mRNA Modification
GO:0031109,Microtubule Polymerization Or Depolymerization
GO:0031110,Regulation Of Microtubule Polymerization Or Depolymerization
GO:0043562,Cellular Response To Nitrogen Levels
GO:0006995,Cellular Response To Nitrogen Starvation
GO:0002430,Complement Receptor Mediated Signaling Pathway
GO:0048246,Macrophage Chemotaxis
GO:2000515,"Negative Regulation Of CD4-positive, Alpha-Beta T Cell Activation"
GO:0031274,Positive Regulation Of Pseudopodium Assembly
GO:1903236,Regulation Of Leukocyte Tethering Or Rolling
GO:0031272,Regulation Of Pseudopodium Assembly
GO:0099601,Regulation Of Neurotransmitter Receptor Activity
GO:0070098,Chemokine-Mediated Signaling Pathway
GO:0000470,Maturation Of LSU-rRNA
GO:0050858,Negative Regulation Of Antigen Receptor-Mediated Signaling Pathway
GO:0046688,Response To Copper Ion
GO:0030204,Chondroitin Sulfate Metabolic Process
GO:0050685,Positive Regulation Of mRNA Processing
GO:0070534,Protein K63-linked Ubiquitination
GO:0046348,Amino Sugar Catabolic Process
GO:0032049,Cardiolipin Biosynthetic Process
GO:0006751,Glutathione Catabolic Process
GO:0098734,Macromolecule Depalmitoylation
GO:1902369,Negative Regulation Of RNA Catabolic Process
GO:1902750,Negative Regulation Of Cell Cycle G2/M Phase Transition
GO:0106015,Negative Regulation Of Inflammatory Response To Wounding
GO:0010519,Negative Regulation Of Phospholipase Activity
GO:1990264,Peptidyl-Tyrosine Dephosphorylation Involved In Inactivation Of Protein Kinase Activity
GO:0017121,Plasma Membrane Phospholipid Scrambling
GO:0048227,Plasma Membrane To Endosome Transport
GO:2000510,Positive Regulation Of Dendritic Cell Chemotaxis
GO:0048714,Positive Regulation Of Oligodendrocyte Differentiation
GO:0002084,Protein Depalmitoylation
GO:0010533,Regulation Of Activation Of Janus Kinase Activity
GO:2000508,Regulation Of Dendritic Cell Chemotaxis
GO:0032429,Regulation Of Phospholipase A2 Activity
GO:0010996,Response To Auditory Stimulus
GO:0006493,Protein O-linked Glycosylation
GO:0007175,Negative Regulation Of Epidermal Growth Factor-Activated Receptor Activity
GO:0002827,Positive Regulation Of T-helper 1 Type Immune Response
GO:0051931,Regulation Of Sensory Perception
GO:0070741,Response To Interleukin-6
GO:1902285,Semaphorin-Plexin Signaling Pathway Involved In Neuron Projection Guidance
GO:0099560,Synaptic Membrane Adhesion
GO:0070646,Protein Modification By Small Protein Removal
GO:0034341,Response To Type II Interferon
GO:0009311,Oligosaccharide Metabolic Process
GO:0061572,Actin Filament Bundle Organization
GO:0001916,Positive Regulation Of T Cell Mediated Cytotoxicity
GO:1990869,Cellular Response To Chemokine
GO:0030521,Androgen Receptor Signaling Pathway
GO:0007019,Microtubule Depolymerization
GO:0042551,Neuron Maturation
GO:0030206,Chondroitin Sulfate Biosynthetic Process
GO:1901317,Regulation Of Flagellated Sperm Motility
GO:0006465,Signal Peptide Processing
GO:0042355,L-fucose Catabolic Process
GO:0042354,L-fucose Metabolic Process
GO:0019317,Fucose Catabolic Process
GO:1901072,Glucosamine-Containing Compound Catabolic Process
GO:0015793,Glycerol Transmembrane Transport
GO:0030214,Hyaluronan Catabolic Process
GO:0002767,Immune Response-Inhibiting Cell Surface Receptor Signaling Pathway
GO:0007595,Lactation
GO:2000766,Negative Regulation Of Cytoplasmic Translation
GO:1904153,"Negative Regulation Of Retrograde Protein Transport, ER To Cytosol"
GO:0018026,Peptidyl-Lysine Monomethylation
GO:0036148,Phosphatidylglycerol Acyl-Chain Remodeling
GO:2000049,Positive Regulation Of Cell-Cell Adhesion Mediated By Cadherin
GO:1901203,Positive Regulation Of Extracellular Matrix Assembly
GO:0045654,Positive Regulation Of Megakaryocyte Differentiation
GO:1902110,Positive Regulation Of Mitochondrial Membrane Permeability Involved In Apoptotic Process
GO:1905719,Protein Localization To Perinuclear Region Of Cytoplasm
GO:0042989,Sequestering Of Actin Monomers
GO:0043647,Inositol Phosphate Metabolic Process
GO:0002228,Natural Killer Cell Mediated Immunity
GO:0009312,Oligosaccharide Biosynthetic Process
GO:0006470,Protein Dephosphorylation
GO:0050860,Negative Regulation Of T Cell Receptor Signaling Pathway
GO:0002399,MHC Class II Protein Complex Assembly
GO:1901071,Glucosamine-Containing Compound Metabolic Process
GO:0002503,Peptide Antigen Assembly With MHC Class II Protein Complex
GO:0051930,Regulation Of Sensory Perception Of Pain
GO:0048026,"Positive Regulation Of mRNA Splicing, Via Spliceosome"
GO:0046834,Lipid Phosphorylation
GO:0002686,Negative Regulation Of Leukocyte Migration
GO:0070862,Negative Regulation Of Protein Exit From Endoplasmic Reticulum
GO:0036152,Phosphatidylethanolamine Acyl-Chain Remodeling
GO:0006655,Phosphatidylglycerol Biosynthetic Process
GO:1900246,Positive Regulation Of RIG-I Signaling Pathway
GO:0033003,Regulation Of Mast Cell Activation
GO:0001574,Ganglioside Biosynthetic Process
GO:0018146,Keratan Sulfate Biosynthetic Process
GO:0080009,mRNA Methylation
GO:0018023,Peptidyl-Lysine Trimethylation
GO:0071280,Cellular Response To Copper Ion
GO:0046471,Phosphatidylglycerol Metabolic Process
GO:0035335,Peptidyl-Tyrosine Dephosphorylation
GO:0032958,Inositol Phosphate Biosynthetic Process
GO:0031665,Negative Regulation Of Lipopolysaccharide-Mediated Signaling Pathway
GO:1900426,Positive Regulation Of Defense Response To Bacterium
GO:0000338,Protein Deneddylation
GO:0018342,Protein Prenylation
GO:0016311,Dephosphorylation
GO:0002548,Monocyte Chemotaxis
GO:0045953,Negative Regulation Of Natural Killer Cell Mediated Cytotoxicity
GO:0052372,Modulation By Symbiont Of Entry Into Host
GO:1901748,Leukotriene D4 Metabolic Process
GO:0002689,Negative Regulation Of Leukocyte Chemotaxis
GO:0050820,Positive Regulation Of Coagulation
GO:1900048,Positive Regulation Of Hemostasis
GO:0000413,Protein Peptidyl-Prolyl Isomerization
GO:0018022,Peptidyl-Lysine Methylation
GO:0018208,Peptidyl-Proline Modification
GO:0035592,Establishment Of Protein Localization To Extracellular Region
GO:0050830,Defense Response To Gram-positive Bacterium
GO:0097320,Plasma Membrane Tubulation
GO:1903900,Regulation Of Viral Life Cycle
GO:0006688,Glycosphingolipid Biosynthetic Process
GO:1900118,Negative Regulation Of Execution Phase Of Apoptosis
GO:0034032,Purine Nucleoside Bisphosphate Metabolic Process
GO:0033875,Ribonucleoside Bisphosphate Metabolic Process
GO:0018345,Protein Palmitoylation
GO:0006658,Phosphatidylserine Metabolic Process
GO:0061844,Antimicrobial Humoral Immune Response Mediated By Antimicrobial Peptide
GO:0045954,Positive Regulation Of Natural Killer Cell Mediated Cytotoxicity
GO:0006044,N-acetylglucosamine Metabolic Process
GO:0016266,O-glycan Processing
GO:0072676,Lymphocyte Migration
GO:0090630,Activation Of GTPase Activity
GO:0048247,Lymphocyte Chemotaxis
GO:0002717,Positive Regulation Of Natural Killer Cell Mediated Immunity
GO:0019731,Antibacterial Humoral Response
GO:0019730,Antimicrobial Humoral Response
GO:0042269,Regulation Of Natural Killer Cell Mediated Cytotoxicity
GO:0018230,peptidyl-L-cysteine S-palmitoylation
GO:0018231,peptidyl-S-diacylglycerol-L-cysteine Biosynthetic Process From Peptidyl-Cysteine
GO:0045116,Protein Neddylation
GO:0048245,Eosinophil Chemotaxis
GO:0072677,Eosinophil Migration
GO:0001580,Detection Of Chemical Stimulus Involved In Sensory Perception Of Bitter Taste
GO:0050913,Sensory Perception Of Bitter Taste
GO:0050912,Detection Of Chemical Stimulus Involved In Sensory Perception Of Taste
GO:0007608,Sensory Perception Of Smell
GO:0050907,Detection Of Chemical Stimulus Involved In Sensory Perception
GO:0050911,Detection Of Chemical Stimulus Involved In Sensory Perception Of Smell
GO:0007606,Sensory Perception Of Chemical Stimulus
GO:0004674,Protein Serine/Threonine Kinase Activity
GO:0032559,Adenyl Ribonucleotide Binding
GO:0005524,ATP Binding
GO:0003677,DNA Binding
GO:0004713,Protein Tyrosine Kinase Activity
GO:0042803,Protein Homodimerization Activity
GO:0140297,DNA-binding Transcription Factor Binding
GO:0061629,RNA Polymerase II-specific DNA-binding Transcription Factor Binding
GO:0035639,Purine Ribonucleoside Triphosphate Binding
GO:0003723,RNA Binding
GO:0019901,Protein Kinase Binding
GO:0019900,Kinase Binding
GO:0001221,Transcription Coregulator Binding
GO:0019199,Transmembrane Receptor Protein Kinase Activity
GO:0008137,NADH Dehydrogenase (Ubiquinone) Activity
GO:0015453,Oxidoreduction-Driven Active Transmembrane Transporter Activity
GO:0044389,Ubiquitin-Like Protein Ligase Binding
GO:0001067,Transcription Regulatory Region Nucleic Acid Binding
GO:0050136,NADH Dehydrogenase (Quinone) Activity
GO:0004812,aminoacyl-tRNA Ligase Activity
GO:0004714,Transmembrane Receptor Protein Tyrosine Kinase Activity
GO:0031625,Ubiquitin Protein Ligase Binding
GO:0002020,Protease Binding
GO:0004715,Non-Membrane Spanning Protein Tyrosine Kinase Activity
GO:0046982,Protein Heterodimerization Activity
GO:0000287,Magnesium Ion Binding
GO:0000976,Transcription Cis-Regulatory Region Binding
GO:0016922,Nuclear Receptor Binding
GO:0003697,Single-Stranded DNA Binding
GO:0050321,Tau-Protein Kinase Activity
GO:0046914,Transition Metal Ion Binding
GO:0048156,Tau Protein Binding
GO:0008331,High Voltage-Gated Calcium Channel Activity
GO:0004712,Protein Serine/Threonine/Tyrosine Kinase Activity
GO:0099589,Serotonin Receptor Activity
GO:1990837,Sequence-Specific Double-Stranded DNA Binding
GO:0022824,Transmitter-Gated Monoatomic Ion Channel Activity
GO:0046872,Metal Ion Binding
GO:0003684,Damaged DNA Binding
GO:0020037,Heme Binding
GO:0004683,Calmodulin-Dependent Protein Kinase Activity
GO:0001222,Transcription Corepressor Binding
GO:0016301,Kinase Activity
GO:0004114,"3',5'-Cyclic-Nucleotide Phosphodiesterase Activity"
GO:0004709,MAP Kinase Kinase Kinase Activity
GO:0008270,Zinc Ion Binding
GO:0003899,DNA-directed 5'-3' RNA Polymerase Activity
GO:0001056,RNA Polymerase III Activity
GO:0004549,tRNA-specific Ribonuclease Activity
GO:0004993,G Protein-Coupled Serotonin Receptor Activity
GO:0019902,Phosphatase Binding
GO:0033293,Monocarboxylic Acid Binding
GO:0043565,Sequence-Specific DNA Binding
GO:0097472,Cyclin-Dependent Protein Kinase Activity
GO:0004693,Cyclin-Dependent Protein Serine/Threonine Kinase Activity
GO:0004532,RNA Exonuclease Activity
GO:0004697,Protein Kinase C Activity
GO:0003690,Double-Stranded DNA Binding
GO:0051020,GTPase Binding
GO:0035064,Methylated Histone Binding
GO:0030554,Adenyl Nucleotide Binding
GO:0004115,"3',5'-cyclic-AMP Phosphodiesterase Activity"
GO:0010484,Histone H3 Acetyltransferase Activity
GO:0042809,Nuclear Vitamin D Receptor Binding
GO:0000217,DNA Secondary Structure Binding
GO:0019903,Protein Phosphatase Binding
GO:0045296,Cadherin Binding
GO:0008395,Steroid Hydroxylase Activity
GO:0001223,Transcription Coactivator Binding
GO:0043531,ADP Binding
GO:0031490,Chromatin DNA Binding
GO:0001540,Amyloid-Beta Binding
GO:0030295,Protein Kinase Activator Activity
GO:0140034,Methylation-Dependent Protein Binding
GO:0005245,Voltage-Gated Calcium Channel Activity
GO:0001046,Core Promoter Sequence-Specific DNA Binding
GO:0051117,ATPase Binding
GO:0001054,RNA Polymerase I Activity
GO:0001972,Retinoic Acid Binding
GO:0005501,Retinoid Binding
GO:0016836,Hydro-Lyase Activity
GO:0019843,rRNA Binding
GO:0005080,Protein Kinase C Binding
GO:0034061,DNA Polymerase Activity
GO:0004970,Ionotropic Glutamate Receptor Activity
GO:0005254,Chloride Channel Activity
GO:0015078,Proton Transmembrane Transporter Activity
GO:0017069,snRNA Binding
GO:0003688,DNA Replication Origin Binding
GO:0016307,Phosphatidylinositol Phosphate Kinase Activity
GO:0019787,Ubiquitin-Like Protein Transferase Activity
GO:0043015,Gamma-Tubulin Binding
GO:0003743,Translation Initiation Factor Activity
GO:0004706,JUN Kinase Kinase Kinase Activity
GO:0043995,Histone H4K5 Acetyltransferase Activity
GO:0043996,Histone H4K8 Acetyltransferase Activity
GO:0048407,Platelet-Derived Growth Factor Binding
GO:0004526,Ribonuclease P Activity
GO:0034062,5'-3' RNA Polymerase Activity
GO:0043539,Protein Serine/Threonine Kinase Activator Activity
GO:0003887,DNA-directed DNA Polymerase Activity
GO:0010485,Histone H4 Acetyltransferase Activity
GO:0031267,Small GTPase Binding
GO:0004675,Transmembrane Receptor Protein Serine/Threonine Kinase Activity
GO:0022853,Active Monoatomic Ion Transmembrane Transporter Activity
GO:0050660,Flavin Adenine Dinucleotide Binding
GO:0016891,"RNA Endonuclease Activity, Producing 5'-Phosphomonoesters"
GO:0043130,Ubiquitin Binding
GO:0031491,Nucleosome Binding
GO:0042826,Histone Deacetylase Binding
GO:0042974,Nuclear Retinoic Acid Receptor Binding
GO:0004896,Cytokine Receptor Activity
GO:0140996,Histone H3 Kinase Activity
GO:0032357,Oxidized Purine DNA Binding
GO:0106310,Protein Serine Kinase Activity
GO:0033204,Ribonuclease P RNA Binding
GO:0005247,Voltage-Gated Chloride Channel Activity
GO:0005248,Voltage-Gated Sodium Channel Activity
GO:0030551,Cyclic Nucleotide Binding
GO:0099529,Neurotransmitter Receptor Activity Involved In Regulation Of Postsynaptic Membrane Potential
GO:0019887,Protein Kinase Regulator Activity
GO:0140033,Acetylation-Dependent Protein Binding
GO:0070577,Lysine-Acetylated Histone Binding
GO:0004708,MAP Kinase Kinase Activity
GO:0086008,Voltage-Gated Potassium Channel Activity Involved In Cardiac Muscle Cell Action Potential Repolarization
GO:0015085,Calcium Ion Transmembrane Transporter Activity
GO:0004402,Histone Acetyltransferase Activity
GO:0046966,Nuclear Thyroid Hormone Receptor Binding
GO:0005249,Voltage-Gated Potassium Channel Activity
GO:0000400,Four-Way Junction DNA Binding
GO:0004707,MAP Kinase Activity
GO:0000049,tRNA Binding
GO:0043014,Alpha-Tubulin Binding
GO:0030506,Ankyrin Binding
GO:0004407,Histone Deacetylase Activity
GO:0099095,Ligand-Gated Monoatomic Anion Channel Activity
GO:0030170,Pyridoxal Phosphate Binding
GO:0008353,RNA Polymerase II CTD Heptapeptide Repeat Kinase Activity
GO:0004112,Cyclic-Nucleotide Phosphodiesterase Activity
GO:0036408,Histone H3K14 Acetyltransferase Activity
GO:0046972,Histone H4K16 Acetyltransferase Activity
GO:0055105,Ubiquitin-Protein Transferase Inhibitor Activity
GO:0017116,Single-Stranded DNA Helicase Activity
GO:0140296,General Transcription Initiation Factor Binding
GO:0008227,G Protein-Coupled Amine Receptor Activity
GO:0005310,Dicarboxylic Acid Transmembrane Transporter Activity
GO:0051287,NAD Binding
GO:0051059,NF-kappaB Binding
GO:0017022,Myosin Binding
GO:0004089,Carbonate Dehydratase Activity
GO:0030374,Nuclear Receptor Coactivator Activity
GO:0005272,Sodium Channel Activity
GO:0031690,Adrenergic Receptor Binding
GO:0005003,Ephrin Receptor Activity
GO:0022890,Inorganic Cation Transmembrane Transporter Activity
GO:0001228,"DNA-binding Transcription Activator Activity, RNA Polymerase II-specific"
GO:0004527,Exonuclease Activity
GO:0035035,Histone Acetyltransferase Binding
GO:1990756,Ubiquitin Ligase-Substrate Adaptor Activity
GO:0008559,ABC-type Xenobiotic Transporter Activity
GO:0003995,acyl-CoA Dehydrogenase Activity
GO:0034056,Estrogen Response Element Binding
GO:0043997,Histone H4K12 Acetyltransferase Activity
GO:0099507,Ligand-Gated Monoatomic Ion Channel Activity Involved In Regulation Of Presynaptic Membrane Potential
GO:0046965,Nuclear Retinoid X Receptor Binding
GO:0015271,Outward Rectifier Potassium Channel Activity
GO:0005024,Transforming Growth Factor Beta Receptor Activity
GO:0016917,GABA Receptor Activity
GO:0016702,"Oxidoreductase Activity, Acting On Single Donors With Incorporation Of Molecular Oxygen, Incorporation Of Two Atoms Of Oxygen"
GO:0004519,Endonuclease Activity
GO:0047555,"3',5'-cyclic-GMP Phosphodiesterase Activity"
GO:0010857,Calcium-Dependent Protein Kinase Activity
GO:0004690,Cyclic Nucleotide-Dependent Protein Kinase Activity
GO:0032356,Oxidized DNA Binding
GO:1990948,Ubiquitin Ligase Inhibitor Activity
GO:0022851,GABA-gated Chloride Ion Channel Activity
GO:0070403,NAD+ Binding
GO:0000979,RNA Polymerase II Core Promoter Sequence-Specific DNA Binding
GO:0005261,Monoatomic Cation Channel Activity
GO:0015103,Inorganic Anion Transmembrane Transporter Activity
GO:0043138,3'-5' DNA Helicase Activity
GO:0015556,C4-dicarboxylate Transmembrane Transporter Activity
GO:0031420,Alkali Metal Ion Binding
GO:0005005,Transmembrane-Ephrin Receptor Activity
GO:0022843,Voltage-Gated Monoatomic Cation Channel Activity
GO:0052742,Phosphatidylinositol Kinase Activity
GO:0005262,Calcium Channel Activity
GO:0015108,Chloride Transmembrane Transporter Activity
GO:0003779,Actin Binding
GO:0004890,GABA-A Receptor Activity
GO:0017025,TBP-class Protein Binding
GO:0099604,Ligand-Gated Calcium Channel Activity
GO:0033764,"Steroid Dehydrogenase Activity, Acting On The CH-OH Group Of Donors, NAD Or NADP As Acceptor"
GO:0016620,"Oxidoreductase Activity, Acting On The Aldehyde Or Oxo Group Of Donors, NAD Or NADP As Acceptor"
GO:0004435,Phosphatidylinositol Phospholipase C Activity
GO:1990381,Ubiquitin-Specific Protease Binding
GO:0050661,NADP Binding
GO:0003725,Double-Stranded RNA Binding
GO:0016303,1-Phosphatidylinositol-3-Kinase Activity
GO:0051880,G-quadruplex DNA Binding
GO:0098505,G-rich Strand Telomeric DNA Binding
GO:0030957,Tat Protein Binding
GO:0070410,co-SMAD Binding
GO:0070181,Small Ribosomal Subunit rRNA Binding
GO:0008408,3'-5' Exonuclease Activity
GO:1990841,Promoter-Specific Chromatin Binding
GO:0015631,Tubulin Binding
GO:0016811,"Hydrolase Activity, Acting On Carbon-Nitrogen (But Not Peptide) Bonds, In Linear Amides"
GO:0043022,Ribosome Binding
GO:0046873,Metal Ion Transmembrane Transporter Activity
GO:0008504,Monoamine Transmembrane Transporter Activity
GO:0043047,Single-Stranded Telomeric DNA Binding
GO:1902282,Voltage-Gated Potassium Channel Activity Involved In Ventricular Cardiac Muscle Cell Action Potential Repolarization
GO:0070325,Lipoprotein Particle Receptor Binding
GO:0035005,1-Phosphatidylinositol-4-Phosphate 3-Kinase Activity
GO:0015431,ABC-type Glutathione S-conjugate Transporter Activity
GO:0016907,G Protein-Coupled Acetylcholine Receptor Activity
GO:0099528,G Protein-Coupled Neurotransmitter Receptor Activity
GO:0032405,MutLalpha Complex Binding
GO:0032407,MutSalpha Complex Binding
GO:0003680,Minor Groove Of Adenine-Thymine-Rich DNA Binding
GO:0052890,"Oxidoreductase Activity, Acting On The CH-CH Group Of Donors, With A Flavin As Acceptor"
GO:0005113,Patched Binding
GO:0005047,Signal Recognition Particle Binding
GO:0016597,Amino Acid Binding
GO:0140938,Histone H3 Methyltransferase Activity
GO:0051539,"4 Iron, 4 Sulfur Cluster Binding"
GO:0070411,I-SMAD Binding
GO:0005237,Inhibitory Extracellular Ligand-Gated Monoatomic Ion Channel Activity
GO:0015276,Ligand-Gated Monoatomic Ion Channel Activity
GO:0004629,Phospholipase C Activity
GO:0070034,Telomerase RNA Binding
GO:0005123,Death Receptor Binding
GO:0043274,Phospholipase Binding
GO:0000175,3'-5'-RNA Exonuclease Activity
GO:0030331,Nuclear Estrogen Receptor Binding
GO:0031492,Nucleosomal DNA Binding
GO:0070182,DNA Polymerase Binding
GO:0031406,Carboxylic Acid Binding
GO:0015651,Quaternary Ammonium Group Transmembrane Transporter Activity
GO:0030165,PDZ Domain Binding
GO:0005048,Signal Sequence Binding
GO:0048487,Beta-Tubulin Binding
GO:0016896,"RNA Exonuclease Activity, Producing 5'-Phosphomonoesters"
GO:0015020,Glucuronosyltransferase Activity
GO:0017002,Activin Receptor Activity
GO:0009931,Calcium-Dependent Protein Serine/Threonine Kinase Activity
GO:0016884,"Carbon-Nitrogen Ligase Activity, With Glutamine As amido-N-donor"
GO:0004659,Prenyltransferase Activity
GO:1902936,Phosphatidylinositol Bisphosphate Binding
GO:0005242,Inward Rectifier Potassium Channel Activity
GO:0008200,Ion Channel Inhibitor Activity
GO:0008509,Monoatomic Anion Transmembrane Transporter Activity
GO:0050750,Low-Density Lipoprotein Particle Receptor Binding
GO:0030553,cGMP Binding
GO:0005230,Extracellular Ligand-Gated Monoatomic Ion Channel Activity
GO:0017134,Fibroblast Growth Factor Binding
GO:0005267,Potassium Channel Activity
GO:0004129,Cytochrome-C Oxidase Activity
GO:0008066,Glutamate Receptor Activity
GO:0061133,Endopeptidase Activator Activity
GO:0005126,Cytokine Receptor Binding
GO:0015272,ATP-activated Inward Rectifier Potassium Channel Activity
GO:0051400,BH Domain Binding
GO:0051434,BH3 Domain Binding
GO:0004703,G Protein-Coupled Receptor Kinase Activity
GO:0140666,Annealing Activity
GO:0004691,cAMP-dependent Protein Kinase Activity
GO:0004977,Melanocortin Receptor Activity
GO:0004576,Oligosaccharyl Transferase Activity
GO:0015141,Succinate Transmembrane Transporter Activity
GO:0015234,Thiamine Transmembrane Transporter Activity
GO:0016407,Acetyltransferase Activity
GO:0099094,Ligand-Gated Monoatomic Cation Channel Activity
GO:0004540,RNA Nuclease Activity
GO:0005546,"Phosphatidylinositol-4,5-Bisphosphate Binding"
GO:0070851,Growth Factor Receptor Binding
GO:0051019,Mitogen-Activated Protein Kinase Binding
GO:0008194,UDP-glycosyltransferase Activity
GO:0019209,Kinase Activator Activity
GO:0004520,DNA Endonuclease Activity
GO:0003954,NADH Dehydrogenase Activity
GO:0070016,Armadillo Repeat Domain Binding
GO:0047499,Calcium-Independent Phospholipase A2 Activity
GO:0043422,Protein Kinase B Binding
GO:0001758,Retinal Dehydrogenase Activity
GO:0045322,Unmethylated CpG Binding
GO:0061980,Regulatory RNA Binding
GO:0051879,Hsp90 Protein Binding
GO:0008503,Benzodiazepine Receptor Activity
GO:0035497,cAMP Response Element Binding
GO:0016594,Glycine Binding
GO:0030955,Potassium Ion Binding
GO:0035197,siRNA Binding
GO:0017070,U6 snRNA Binding
GO:0015378,Sodium:Chloride Symporter Activity
GO:0015662,P-type Ion Transporter Activity
GO:0030552,cAMP Binding
GO:0035004,Phosphatidylinositol 3-Kinase Activity
GO:0015132,Prostaglandin Transmembrane Transporter Activity
GO:0015291,Secondary Active Transmembrane Transporter Activity
GO:0048027,mRNA 5'-UTR Binding
GO:0008139,Nuclear Localization Sequence Binding
GO:0003727,Single-Stranded RNA Binding
GO:0032452,Histone Demethylase Activity
GO:0015171,Amino Acid Transmembrane Transporter Activity
GO:0005506,Iron Ion Binding
GO:0017080,Sodium Channel Regulator Activity
GO:0001664,G Protein-Coupled Receptor Binding
GO:0016709,"Oxidoreductase Activity, Acting On Paired Donors, With Incorporation Or Reduction Of Molecular Oxygen, NAD(P)H As One Donor, And Incorporation Of One Atom Of Oxygen"
GO:0032813,Tumor Necrosis Factor Receptor Superfamily Binding
GO:0016616,"Oxidoreductase Activity, Acting On The CH-OH Group Of Donors, NAD Or NADP As Acceptor"
GO:0016628,"Oxidoreductase Activity, Acting On The CH-CH Group Of Donors, NAD Or NADP As Acceptor"
GO:0030159,Signaling Receptor Complex Adaptor Activity
GO:0016712,"Oxidoreductase Activity, Acting On Paired Donors, With Incorporation Or Reduction Of Molecular Oxygen, Reduced Flavin Or Flavoprotein As One Donor, And Incorporation Of One Atom Of Oxygen"
GO:0004029,Aldehyde Dehydrogenase (NAD+) Activity
GO:0004030,Aldehyde Dehydrogenase [NAD(P)+] Activity
GO:0035615,Clathrin Adaptor Activity
GO:0016308,1-Phosphatidylinositol-4-Phosphate 5-Kinase Activity
GO:0008556,P-type Potassium Transmembrane Transporter Activity
GO:0016881,Acid-Amino Acid Ligase Activity
GO:0050544,Arachidonic Acid Binding
GO:0017162,Aryl Hydrocarbon Receptor Binding
GO:0019828,Aspartic-Type Endopeptidase Inhibitor Activity
GO:0004723,Calcium-Dependent Protein Serine/Threonine Phosphatase Activity
GO:0050543,Icosatetraenoic Acid Binding
GO:0050998,Nitric-Oxide Synthase Binding
GO:0031402,Sodium Ion Binding
GO:0051537,"2 Iron, 2 Sulfur Cluster Binding"
GO:0034236,Protein Kinase A Catalytic Subunit Binding
GO:0032266,Phosphatidylinositol-3-Phosphate Binding
GO:0015459,Potassium Channel Regulator Activity
GO:0005509,Calcium Ion Binding
GO:0016208,AMP Binding
GO:0004032,alditol:NADP+ 1-Oxidoreductase Activity
GO:0070513,Death Domain Binding
GO:0015095,Magnesium Ion Transmembrane Transporter Activity
GO:0045159,Myosin II Binding
GO:0001640,Adenylate Cyclase Inhibiting G Protein-Coupled Glutamate Receptor Activity
GO:0032052,Bile Acid Binding
GO:0140492,Metal-Dependent Deubiquitinase Activity
GO:0052813,Phosphatidylinositol Bisphosphate Kinase Activity
GO:0042162,Telomeric DNA Binding
GO:0015297,Antiporter Activity
GO:0031593,Polyubiquitin Modification-Dependent Protein Binding
GO:0048018,Receptor Ligand Activity
GO:0030145,Manganese Ion Binding
GO:0000339,RNA Cap Binding
GO:0000993,RNA Polymerase II Complex Binding
GO:0042169,SH2 Domain Binding
GO:0030515,snoRNA Binding
GO:0001099,Basal RNA Polymerase II Transcription Machinery Binding
GO:0016706,2-Oxoglutarate-Dependent Dioxygenase Activity
GO:0015175,Neutral L-amino Acid Transmembrane Transporter Activity
GO:0005112,Notch Binding
GO:0005085,Guanyl-Nucleotide Exchange Factor Activity
GO:0035198,miRNA Binding
GO:0019210,Kinase Inhibitor Activity
GO:0015172,Acidic Amino Acid Transmembrane Transporter Activity
GO:0016655,"Oxidoreductase Activity, Acting On NAD(P)H, Quinone Or Similar Compound As Acceptor"
GO:0008308,Voltage-Gated Monoatomic Anion Channel Activity
GO:0043425,bHLH Transcription Factor Binding
GO:0050700,CARD Domain Binding
GO:0017081,Chloride Channel Regulator Activity
GO:0042800,Histone H3K4 Methyltransferase Activity
GO:0016780,"Phosphotransferase Activity, For Other Substituted Phosphate Groups"
GO:0140035,Ubiquitination-Like Modification-Dependent Protein Binding
GO:0042805,Actinin Binding
GO:0015295,Solute:Proton Symporter Activity
GO:0070742,C2H2 Zinc Finger Domain Binding
GO:0003906,DNA-(apurinic Or Apyrimidinic Site) Endonuclease Activity
GO:1990226,Histone Methyltransferase Binding
GO:0046974,Histone H3K9 Methyltransferase Activity
GO:0019966,Interleukin-1 Binding
GO:0031435,Mitogen-Activated Protein Kinase Kinase Kinase Binding
GO:0016783,Sulfurtransferase Activity
GO:0008083,Growth Factor Activity
GO:0008528,G Protein-Coupled Peptide Receptor Activity
GO:0003785,Actin Monomer Binding
GO:0097718,Disordered Domain Specific Binding
GO:0051721,Protein Phosphatase 2A Binding
GO:0043139,5'-3' DNA Helicase Activity
GO:0035381,ATP-gated Ion Channel Activity
GO:0004972,NMDA Glutamate Receptor Activity
GO:0030619,U1 snRNA Binding
GO:0047023,Androsterone Dehydrogenase Activity
GO:0000405,Bubble DNA Binding
GO:0101020,Estrogen 16-Alpha-Hydroxylase Activity
GO:0015926,Glucosidase Activity
GO:0140852,Histone Ubiquitin Ligase Activity
GO:0016742,"Hydroxymethyl-, Formyl- And Related Transferase Activity"
GO:0050542,Icosanoid Binding
GO:0043121,Neurotrophin Binding
GO:0016624,"Oxidoreductase Activity, Acting On The Aldehyde Or Oxo Group Of Donors, Disulfide As Acceptor"
GO:0034046,poly(G) Binding
GO:0015216,Purine Nucleotide Transmembrane Transporter Activity
GO:0019871,Sodium Channel Inhibitor Activity
GO:0003857,3-hydroxyacyl-CoA Dehydrogenase Activity
GO:0098821,BMP Receptor Activity
GO:0055131,C3HC4-type RING Finger Domain Binding
GO:0016421,CoA Carboxylase Activity
GO:0050693,LBD Domain Binding
GO:0008554,P-type Sodium Transporter Activity
GO:0005391,P-type Sodium:Potassium-Exchanging Transporter Activity
GO:0003964,RNA-directed DNA Polymerase Activity
GO:0030621,U4 snRNA Binding
GO:0010854,Adenylate Cyclase Regulator Activity
GO:0034190,Apolipoprotein Receptor Binding
GO:0016406,Carnitine O-acyltransferase Activity
GO:0005127,Ciliary Neurotrophic Factor Receptor Binding
GO:0031419,Cobalamin Binding
GO:0051379,Epinephrine Binding
GO:0009378,Four-Way Junction Helicase Activity
GO:1903763,Gap Junction Channel Activity Involved In Cell Communication By Electrical Coupling
GO:1990254,Keratin Filament Binding
GO:0030983,Mismatched DNA Binding
GO:0046934,"Phosphatidylinositol-4,5-Bisphosphate 3-Kinase Activity"
GO:0030346,Protein Phosphatase 2B Binding
GO:0050253,Retinyl-Palmitate Esterase Activity
GO:0120146,Sulfatide Binding
GO:0000099,Sulfur Amino Acid Transmembrane Transporter Activity
GO:0003720,Telomerase Activity
GO:0030283,Testosterone Dehydrogenase [NAD(P)] Activity
GO:0005251,Delayed Rectifier Potassium Channel Activity
GO:0043175,RNA Polymerase Core Enzyme Binding
GO:0008237,Metallopeptidase Activity
GO:0046943,Carboxylic Acid Transmembrane Transporter Activity
GO:0016538,Cyclin-Dependent Protein Serine/Threonine Kinase Regulator Activity
GO:0001727,Lipid Kinase Activity
GO:0004806,Triglyceride Lipase Activity
GO:0019894,Kinesin Binding
GO:0015079,Potassium Ion Transmembrane Transporter Activity
GO:0001614,Purinergic Nucleotide Receptor Activity
GO:0005452,Solute:Inorganic Anion Antiporter Activity
GO:0003746,Translation Elongation Factor Activity
GO:1904315,Transmitter-Gated Monoatomic Ion Channel Activity Involved In Regulation Of Postsynaptic Membrane Potential
GO:0070412,R-SMAD Binding
GO:0008106,Alcohol Dehydrogenase (NADP+) Activity
GO:0004950,Chemokine Receptor Activity
GO:0042054,Histone Methyltransferase Activity
GO:0008017,Microtubule Binding
GO:0030296,Protein Tyrosine Kinase Activator Activity
GO:0019789,SUMO Transferase Activity
GO:0005313,L-glutamate Transmembrane Transporter Activity
GO:0000340,RNA 7-Methylguanosine Cap Binding
GO:0060229,Lipase Activator Activity
GO:0004535,poly(A)-specific Ribonuclease Activity
GO:0031432,Titin Binding
GO:0016758,Hexosyltransferase Activity
GO:0005246,Calcium Channel Regulator Activity
GO:0008324,Monoatomic Cation Transmembrane Transporter Activity
GO:0045309,Protein Phosphorylated Amino Acid Binding
GO:0016831,Carboxy-Lyase Activity
GO:0005244,Voltage-Gated Monoatomic Ion Channel Activity
GO:0022839,Monoatomic Ion Gated Channel Activity
GO:0010181,FMN Binding
GO:0019855,Calcium Channel Inhibitor Activity
GO:0036122,BMP Binding
GO:0008392,Arachidonic Acid Epoxygenase Activity
GO:0008484,Sulfuric Ester Hydrolase Activity
GO:0023026,MHC Class II Protein Complex Binding
GO:0050681,Nuclear Androgen Receptor Binding
GO:0022829,Wide Pore Channel Activity
GO:0016279,Protein-Lysine N-methyltransferase Activity
GO:0008097,5S rRNA Binding
GO:0015180,L-alanine Transmembrane Transporter Activity
GO:0015183,L-aspartate Transmembrane Transporter Activity
GO:0005388,P-type Calcium Transporter Activity
GO:0001164,RNA Polymerase I Core Promoter Sequence-Specific DNA Binding
GO:0015377,Chloride:Monoatomic Cation Symporter Activity
GO:0043522,Leucine Zipper Domain Binding
GO:0035259,Nuclear Glucocorticoid Receptor Binding
GO:0015379,Potassium:Chloride Symporter Activity
GO:0005523,Tropomyosin Binding
GO:0043184,Vascular Endothelial Growth Factor Receptor 2 Binding
GO:0004222,Metalloendopeptidase Activity
GO:0046915,Transition Metal Ion Transmembrane Transporter Activity
GO:0004521,RNA Endonuclease Activity
GO:0017151,DEAD/H-box RNA Helicase Binding
GO:0002151,G-quadruplex RNA Binding
GO:0034979,NAD-dependent Protein Deacetylase Activity
GO:0003988,acetyl-CoA C-acyltransferase Activity
GO:0003993,Acid Phosphatase Activity
GO:0003997,acyl-CoA Oxidase Activity
GO:0016832,Aldehyde-Lyase Activity
GO:0090599,Alpha-Glucosidase Activity
GO:0015247,Aminophospholipid Flippase Activity
GO:0005351,Carbohydrate:Proton Symporter Activity
GO:0004931,Extracellularly ATP-gated Monoatomic Cation Channel Activity
GO:0005223,Intracellular cGMP-activated Cation Channel Activity
GO:0004465,Lipoprotein Lipase Activity
GO:0016015,Morphogen Activity
GO:0032036,Myosin Heavy Chain Binding
GO:0016502,Nucleotide Receptor Activity
GO:0016670,"Oxidoreductase Activity, Acting On A Sulfur Group Of Donors, Oxygen As Acceptor"
GO:0042975,Peroxisome Proliferator Activated Receptor Binding
GO:0031433,Telethonin Binding
GO:0005021,Vascular Endothelial Growth Factor Receptor Activity
GO:0061578,K63-linked Deubiquitinase Activity
GO:0042288,MHC Class I Protein Binding
GO:0089720,Caspase Binding
GO:0000062,fatty-acyl-CoA Binding
GO:0032454,Histone H3K9 Demethylase Activity
GO:0005159,Insulin-Like Growth Factor Receptor Binding
GO:0015116,Sulfate Transmembrane Transporter Activity
GO:0070530,K63-linked Polyubiquitin Modification-Dependent Protein Binding
GO:0008080,N-acetyltransferase Activity
GO:0051393,Alpha-Actinin Binding
GO:0071813,Lipoprotein Particle Binding
GO:0120020,Cholesterol Transfer Activity
GO:0016799,"Hydrolase Activity, Hydrolyzing N-glycosyl Compounds"
GO:0022840,Leak Channel Activity
GO:0050145,Nucleoside Monophosphate Kinase Activity
GO:0016773,"Phosphotransferase Activity, Alcohol Group As Acceptor"
GO:0140101,"Catalytic Activity, Acting On A tRNA"
GO:0001784,Phosphotyrosine Residue Binding
GO:0004518,Nuclease Activity
GO:0015485,Cholesterol Binding
GO:0061135,Endopeptidase Regulator Activity
GO:0016298,Lipase Activity
GO:0030544,Hsp70 Protein Binding
GO:0050431,Transforming Growth Factor Beta Binding
GO:0004300,enoyl-CoA Hydratase Activity
GO:0034595,Phosphatidylinositol Phosphate 5-Phosphatase Activity
GO:0016423,tRNA (Guanine) Methyltransferase Activity
GO:0042813,Wnt Receptor Activity
GO:0008391,Arachidonic Acid Monooxygenase Activity
GO:0010314,Phosphatidylinositol-5-Phosphate Binding
GO:0017075,Syntaxin-1 Binding
GO:0140036,Ubiquitin-Dependent Protein Binding
GO:0004860,Protein Kinase Inhibitor Activity
GO:0005355,Glucose Transmembrane Transporter Activity
GO:0030291,Protein Serine/Threonine Kinase Inhibitor Activity
GO:0043027,Cysteine-Type Endopeptidase Inhibitor Activity Involved In Apoptotic Process
GO:0120015,Sterol Transfer Activity
GO:0015217,ADP Transmembrane Transporter Activity
GO:0045028,G Protein-Coupled Purinergic Nucleotide Receptor Activity
GO:0008432,JUN Kinase Binding
GO:0001163,RNA Polymerase I Transcription Regulatory Region Sequence-Specific DNA Binding
GO:0034511,U3 snoRNA Binding
GO:0015173,Aromatic Amino Acid Transmembrane Transporter Activity
GO:1901612,Cardiolipin Binding
GO:0004303,Estradiol 17-Beta-Dehydrogenase [NAD(P)] Activity
GO:0016813,"Hydrolase Activity, Acting On Carbon-Nitrogen (But Not Peptide) Bonds, In Linear Amidines"
GO:0005149,Interleukin-1 Receptor Binding
GO:0016868,"Intramolecular Transferase Activity, Phosphotransferases"
GO:0047429,Nucleoside Triphosphate Diphosphatase Activity
GO:0019531,Oxalate Transmembrane Transporter Activity
GO:0042301,Phosphate Ion Binding
GO:0086080,Protein Binding Involved In Heterotypic Cell-Cell Adhesion
GO:0008401,Retinoic Acid 4-Hydroxylase Activity
GO:0008020,G Protein-Coupled Photoreceptor Activity
GO:0022858,Alanine Transmembrane Transporter Activity
GO:0004033,Aldo-Keto Reductase (NADP) Activity
GO:0061575,Cyclin-Dependent Protein Serine/Threonine Kinase Activator Activity
GO:0016779,Nucleotidyltransferase Activity
GO:0008483,Transaminase Activity
GO:1990782,Protein Tyrosine Kinase Binding
GO:0015179,L-amino Acid Transmembrane Transporter Activity
GO:0015106,Bicarbonate Transmembrane Transporter Activity
GO:0005104,Fibroblast Growth Factor Receptor Binding
GO:0005125,Cytokine Activity
GO:0005109,Frizzled Binding
GO:0008301,"DNA Binding, Bending"
GO:0070063,RNA Polymerase Binding
GO:0015278,Calcium-Release Channel Activity
GO:0022821,Solute:Potassium Antiporter Activity
GO:0005154,Epidermal Growth Factor Receptor Binding
GO:0008198,Ferrous Iron Binding
GO:0042609,CD4 Receptor Binding
GO:0015193,L-proline Transmembrane Transporter Activity
GO:0016413,O-acetyltransferase Activity
GO:0071936,Coreceptor Activity Involved In Wnt Signaling Pathway
GO:0033300,Dehydroascorbic Acid Transmembrane Transporter Activity
GO:0030368,Interleukin-17 Receptor Activity
GO:0005384,Manganese Ion Transmembrane Transporter Activity
GO:0015215,Nucleotide Transmembrane Transporter Activity
GO:0004439,"Phosphatidylinositol-4,5-Bisphosphate 5-Phosphatase Activity"
GO:0003810,Protein-Glutamine Gamma-Glutamyltransferase Activity
GO:0015143,Urate Transmembrane Transporter Activity
GO:0016895,"DNA Exonuclease Activity, Producing 5'-Phosphomonoesters"
GO:0005217,Intracellular Ligand-Gated Monoatomic Ion Channel Activity
GO:0005161,Platelet-Derived Growth Factor Receptor Binding
GO:0005172,Vascular Endothelial Growth Factor Receptor Binding
GO:0016747,"Acyltransferase Activity, Transferring Groups Other Than Amino-Acyl Groups"
GO:0098631,Cell Adhesion Mediator Activity
GO:0032561,Guanyl Ribonucleotide Binding
GO:0050699,WW Domain Binding
GO:0008656,Cysteine-Type Endopeptidase Activator Activity Involved In Apoptotic Process
GO:0005243,Gap Junction Channel Activity
GO:0005253,Monoatomic Anion Channel Activity
GO:0019905,Syntaxin Binding
GO:0017124,SH3 Domain Binding
GO:0032934,Sterol Binding
GO:0005507,Copper Ion Binding
GO:0004536,DNA Nuclease Activity
GO:0005520,Insulin-Like Growth Factor Binding
GO:0042287,MHC Protein Binding
GO:0015370,Solute:Sodium Symporter Activity
GO:0070888,E-box Binding
GO:0005216,Monoatomic Ion Channel Activity
GO:0005347,ATP Transmembrane Transporter Activity
GO:0070700,BMP Receptor Binding
GO:0001055,RNA Polymerase II Activity
GO:0008519,Ammonium Transmembrane Transporter Activity
GO:0008603,cAMP-dependent Protein Kinase Regulator Activity
GO:0005402,Carbohydrate:Monoatomic Cation Symporter Activity
GO:0001851,Complement Component C3b Binding
GO:0140333,Glycerophospholipid Flippase Activity
GO:0070679,"Inositol 1,4,5 Trisphosphate Binding"
GO:0046030,Inositol Trisphosphate Phosphatase Activity
GO:0005221,Intracellular Cyclic Nucleotide Activated Monoatomic Cation Channel Activity
GO:0016004,Phospholipase Activator Activity
GO:1990459,Transferrin Receptor Binding
GO:0070696,Transmembrane Receptor Protein Serine/Threonine Kinase Binding
GO:0017166,Vinculin Binding
GO:0034458,3'-5' RNA Helicase Activity
GO:0016892,"RNA Endonuclease Activity, Producing 3'-Phosphomonoesters"
GO:0010698,Acetyltransferase Activator Activity
GO:0004035,Alkaline Phosphatase Activity
GO:0005280,Amino Acid:Proton Symporter Activity
GO:0047676,arachidonate-CoA Ligase Activity
GO:0004064,Arylesterase Activity
GO:0008046,Axon Guidance Receptor Activity
GO:0008422,Beta-Glucosidase Activity
GO:0004322,Ferroxidase Activity
GO:0055077,Gap Junction Hemi-Channel Activity
GO:0070568,Guanylyltransferase Activity
GO:0140934,Histone Deubiquitinase Activity
GO:0016861,"Intramolecular Oxidoreductase Activity, Interconverting Aldoses And Ketoses"
GO:0070180,Large Ribosomal Subunit rRNA Binding
GO:0032027,Myosin Light Chain Binding
GO:0016724,"Oxidoreductase Activity, Acting On Metal Ions, Oxygen As Acceptor"
GO:0016716,"Oxidoreductase Activity, Acting On Paired Donors, With Incorporation Or Reduction Of Molecular Oxygen, Another Compound As One Donor, And Incorporation Of One Atom Of Oxygen"
GO:0004630,Phospholipase D Activity
GO:0016433,rRNA (Adenine) Methyltransferase Activity
GO:0032217,Riboflavin Transmembrane Transporter Activity
GO:0004771,Sterol Esterase Activity
GO:0097100,Supercoiled DNA Binding
GO:0005283,Amino Acid:Sodium Symporter Activity
GO:0035254,Glutamate Receptor Binding
GO:0051427,Hormone Receptor Binding
GO:0005160,Transforming Growth Factor Beta Receptor Binding
GO:0004553,"Hydrolase Activity, Hydrolyzing O-glycosyl Compounds"
GO:0008409,5'-3' Exonuclease Activity
GO:0001637,G Protein-Coupled Chemoattractant Receptor Activity
GO:0070402,NADPH Binding
GO:0004065,Arylsulfatase Activity
GO:0016646,"Oxidoreductase Activity, Acting On The CH-NH Group Of Donors, NAD Or NADP As Acceptor"
GO:0106018,"Phosphatidylinositol-3,5-Bisphosphate Phosphatase Activity"
GO:0080025,"Phosphatidylinositol-3,5-Bisphosphate Binding"
GO:0043024,Ribosomal Small Subunit Binding
GO:0097027,Ubiquitin-Protein Transferase Activator Activity
GO:0035312,5'-3' DNA Exonuclease Activity
GO:0045134,UDP Phosphatase Activity
GO:0008179,Adenylate Cyclase Binding
GO:0008140,cAMP Response Element Binding Protein Binding
GO:0004862,cAMP-dependent Protein Kinase Inhibitor Activity
GO:0019869,Chloride Channel Inhibitor Activity
GO:1903136,Cuprous Ion Binding
GO:0003691,Double-Stranded Telomeric DNA Binding
GO:0016888,"Endodeoxyribonuclease Activity, Producing 5'-Phosphomonoesters"
GO:0005131,Growth Hormone Receptor Binding
GO:0004385,Guanylate Kinase Activity
GO:0032453,Histone H3K4 Demethylase Activity
GO:0005222,Intracellular cAMP-activated Cation Channel Activity
GO:0016713,"Oxidoreductase Activity, Acting On Paired Donors, With Incorporation Or Reduction Of Molecular Oxygen, Reduced Iron-Sulfur Protein As One Donor, And Incorporation Of One Atom Of Oxygen"
GO:0034212,Peptide N-acetyltransferase Activity
GO:0097157,pre-mRNA Intronic Binding
GO:0070883,pre-miRNA Binding
GO:0000014,Single-Stranded DNA Endodeoxyribonuclease Activity
GO:0008297,Single-Stranded DNA Exodeoxyribonuclease Activity
GO:0016175,Superoxide-Generating NAD(P)H Oxidase Activity
GO:0003729,mRNA Binding
GO:0051010,Microtubule Plus-End Binding
GO:0008188,Neuropeptide Receptor Activity
GO:0016505,Peptidase Activator Activity Involved In Apoptotic Process
GO:0034237,Protein Kinase A Regulatory Subunit Binding
GO:0055056,D-glucose Transmembrane Transporter Activity
GO:0035325,Toll-like Receptor Binding
GO:0005035,Death Receptor Activity
GO:0034452,Dynactin Binding
GO:0015929,Hexosaminidase Activity
GO:1990825,Sequence-Specific mRNA Binding
GO:0005436,Sodium:Phosphate Symporter Activity
GO:0042923,Neuropeptide Binding
GO:0047372,Acylglycerol Lipase Activity
GO:0070001,Aspartic-Type Peptidase Activity
GO:0015081,Sodium Ion Transmembrane Transporter Activity
GO:0019956,Chemokine Binding
GO:0008168,Methyltransferase Activity
GO:0036435,K48-linked Polyubiquitin Modification-Dependent Protein Binding
GO:0042289,MHC Class II Protein Binding
GO:0015220,Choline Transmembrane Transporter Activity
GO:0050780,Dopamine Receptor Binding
GO:0016803,Ether Hydrolase Activity
GO:0015925,Galactosidase Activity
GO:0015185,Gamma-Aminobutyric Acid Transmembrane Transporter Activity
GO:0005138,Interleukin-6 Receptor Binding
GO:0031434,Mitogen-Activated Protein Kinase Kinase Binding
GO:0015145,Monosaccharide Transmembrane Transporter Activity
GO:0019206,Nucleoside Kinase Activity
GO:0034594,Phosphatidylinositol Trisphosphate Phosphatase Activity
GO:0070008,Serine-Type Exopeptidase Activity
GO:0050291,Sphingosine N-acyltransferase Activity
GO:0015293,Symporter Activity
GO:0098632,Cell-Cell Adhesion Mediator Activity
GO:0070300,Phosphatidic Acid Binding
GO:0005385,Zinc Ion Transmembrane Transporter Activity
GO:0044769,"ATPase Activity, Coupled To Transmembrane Movement Of Ions, Rotational Mechanism"
GO:0019104,DNA N-glycosylase Activity
GO:0004382,GDP Phosphatase Activity
GO:0001091,RNA Polymerase II General Transcription Initiation Factor Binding
GO:0097677,STAT Family Protein Binding
GO:0004000,Adenosine Deaminase Activity
GO:0005416,Amino Acid:Monoatomic Cation Symporter Activity
GO:0015658,Branched-Chain Amino Acid Transmembrane Transporter Activity
GO:0032050,Clathrin Heavy Chain Binding
GO:0070567,Cytidylyltransferase Activity
GO:0015187,Glycine Transmembrane Transporter Activity
GO:0051864,Histone H3K36 Demethylase Activity
GO:0055102,Lipase Inhibitor Activity
GO:0106019,"Phosphatidylinositol-4,5-Bisphosphate Phosphatase Activity"
GO:0004955,Prostaglandin Receptor Activity
GO:0046961,"Proton-Transporting ATPase Activity, Rotational Mechanism"
GO:0005345,Purine Nucleobase Transmembrane Transporter Activity
GO:0009678,Pyrophosphate Hydrolysis-Driven Proton Transmembrane Transporter Activity
GO:0016176,Superoxide-Generating NADPH Oxidase Activator Activity
GO:0005164,Tumor Necrosis Factor Receptor Binding
GO:0034713,Type I Transforming Growth Factor Beta Receptor Binding
GO:0008327,methyl-CpG Binding
GO:0004866,Endopeptidase Inhibitor Activity
GO:0005092,GDP-dissociation Inhibitor Activity
GO:0030275,LRR Domain Binding
GO:0046975,Histone H3K36 Methyltransferase Activity
GO:0016812,"Hydrolase Activity, Acting On Carbon-Nitrogen (But Not Peptide) Bonds, In Cyclic Amides"
GO:0031994,Insulin-Like Growth Factor I Binding
GO:0022834,Ligand-Gated Channel Activity
GO:0051011,Microtubule Minus-End Binding
GO:0050664,"Oxidoreductase Activity, Acting On NAD(P)H, Oxygen As Acceptor"
GO:0052744,Phosphatidylinositol Monophosphate Phosphatase Activity
GO:0015386,Potassium:Proton Antiporter Activity
GO:0015294,Solute:Monoatomic Cation Symporter Activity
GO:0004867,Serine-Type Endopeptidase Inhibitor Activity
GO:0022841,Potassium Ion Leak Channel Activity
GO:0015347,Sodium-Independent Organic Anion Transmembrane Transporter Activity
GO:0030971,Receptor Tyrosine Kinase Binding
GO:0005227,Calcium Activated Cation Channel Activity
GO:0019205,Nucleobase-Containing Compound Kinase Activity
GO:0052689,Carboxylic Ester Hydrolase Activity
GO:0046875,Ephrin Receptor Binding
GO:0016504,Peptidase Activator Activity
GO:0016763,Pentosyltransferase Activity
GO:0097322,7SK snRNA Binding
GO:0035256,G Protein-Coupled Glutamate Receptor Binding
GO:0008172,S-methyltransferase Activity
GO:0034618,Arginine Binding
GO:0008821,Crossover Junction DNA Endonuclease Activity
GO:0005353,Fructose Transmembrane Transporter Activity
GO:0042799,Histone H4K20 Methyltransferase Activity
GO:0005315,Inorganic Phosphate Transmembrane Transporter Activity
GO:0097177,Mitochondrial Ribosome Binding
GO:0005295,Neutral L-amino Acid:Sodium Symporter Activity
GO:0016641,"Oxidoreductase Activity, Acting On The CH-NH2 Group Of Donors, Oxygen As Acceptor"
GO:1904680,Peptide Transmembrane Transporter Activity
GO:0008429,Phosphatidylethanolamine Binding
GO:1990275,Preribosome Binding
GO:0019798,Procollagen-Proline Dioxygenase Activity
GO:0015214,Pyrimidine Nucleoside Transmembrane Transporter Activity
GO:0015349,Thyroid Hormone Transmembrane Transporter Activity
GO:0005078,MAP-kinase Scaffold Activity
GO:0035251,UDP-glucosyltransferase Activity
GO:0031404,Chloride Ion Binding
GO:0004312,Fatty Acid Synthase Activity
GO:0016274,Protein-Arginine N-methyltransferase Activity
GO:0005346,Purine Ribonucleotide Transmembrane Transporter Activity
GO:1901981,Phosphatidylinositol Phosphate Binding
GO:0140939,Histone H4 Methyltransferase Activity
GO:0051428,Peptide Hormone Receptor Binding
GO:1901611,Phosphatidylglycerol Binding
GO:0034450,Ubiquitin-Ubiquitin Ligase Activity
GO:0015149,Hexose Transmembrane Transporter Activity
GO:0030169,Low-Density Lipoprotein Particle Binding
GO:0004745,NAD-retinol Dehydrogenase Activity
GO:0004722,Protein Serine/Threonine Phosphatase Activity
GO:0071949,FAD Binding
GO:0008375,Acetylglucosaminyltransferase Activity
GO:0070717,Poly-Purine Tract Binding
GO:0030414,Peptidase Inhibitor Activity
GO:0005525,GTP Binding
GO:0004175,Endopeptidase Activity
GO:0008081,Phosphoric Diester Hydrolase Activity
GO:0003950,NAD+ ADP-ribosyltransferase Activity
GO:0005231,Excitatory Extracellular Ligand-Gated Monoatomic Ion Channel Activity
GO:0035613,RNA Stem-Loop Binding
GO:0015464,Acetylcholine Receptor Activity
GO:0015174,Basic Amino Acid Transmembrane Transporter Activity
GO:0019211,Phosphatase Activator Activity
GO:0008525,Phosphatidylcholine Transporter Activity
GO:0046935,1-Phosphatidylinositol-3-Kinase Regulator Activity
GO:0032183,SUMO Binding
GO:0000295,Adenine Nucleotide Transmembrane Transporter Activity
GO:0017110,Nucleoside Diphosphate Phosphatase Activity
GO:0015385,Sodium:Proton Antiporter Activity
GO:0008296,3'-5'-DNA Exonuclease Activity
GO:0015269,Calcium-Activated Potassium Channel Activity
GO:0019200,Carbohydrate Kinase Activity
GO:0035255,Ionotropic Glutamate Receptor Binding
GO:0015280,Ligand-Gated Sodium Channel Activity
GO:0008381,Mechanosensitive Monoatomic Ion Channel Activity
GO:0042043,Neurexin Family Protein Binding
GO:0005343,Organic Acid:Sodium Symporter Activity
GO:0004438,Phosphatidylinositol-3-Phosphate Phosphatase Activity
GO:0046527,Glucosyltransferase Activity
GO:0140566,Histone Reader Activity
GO:0071617,Lysophospholipid Acyltransferase Activity
GO:0015923,Mannosidase Activity
GO:0005337,Nucleoside Transmembrane Transporter Activity
GO:0070003,Threonine-Type Peptidase Activity
GO:0005031,Tumor Necrosis Factor Receptor Activity
GO:0017108,5'-Flap Endonuclease Activity
GO:0160002,ADP-D-ribose Modification-Dependent Protein Binding
GO:0009008,DNA-methyltransferase Activity
GO:0004985,G Protein-Coupled Opioid Receptor Activity
GO:0015190,L-leucine Transmembrane Transporter Activity
GO:0017040,N-acylsphingosine Amidohydrolase Activity
GO:0070087,Chromo Shadow Domain Binding
GO:1904929,"Coreceptor Activity Involved In Wnt Signaling Pathway, Planar Cell Polarity Pathway"
GO:0010853,Cyclase Activator Activity
GO:0016929,deSUMOylase Activity
GO:0004157,Dihydropyrimidinase Activity
GO:0010385,Double-Stranded Methylated DNA Binding
GO:0070061,Fructose Binding
GO:0008035,High-Density Lipoprotein Particle Binding
GO:0004457,Lactate Dehydrogenase Activity
GO:0016615,Malate Dehydrogenase Activity
GO:0060228,Phosphatidylcholine-Sterol O-acyltransferase Activator Activity
GO:0030628,pre-mRNA 3'-Splice Site Binding
GO:0050833,Pyruvate Transmembrane Transporter Activity
GO:0005000,Vasopressin Receptor Activity
GO:0019003,GDP Binding
GO:0036002,pre-mRNA Binding
GO:0015267,Channel Activity
GO:0051139,Metal Cation:Proton Antiporter Activity
GO:0004190,Aspartic-Type Endopeptidase Activity
GO:0005537,Mannose Binding
GO:0016410,N-acyltransferase Activity
GO:0044390,Ubiquitin-Like Protein Conjugating Enzyme Binding
GO:0008374,O-acyltransferase Activity
GO:0004842,Ubiquitin-Protein Transferase Activity
GO:0016863,"Intramolecular Oxidoreductase Activity, Transposing C=C Bonds"
GO:0008757,S-adenosylmethionine-dependent Methyltransferase Activity
GO:0001227,"DNA-binding Transcription Repressor Activity, RNA Polymerase II-specific"
GO:0070566,Adenylyltransferase Activity
GO:0043325,"Phosphatidylinositol-3,4-Bisphosphate Binding"
GO:0016889,"DNA Endonuclease Activity, Producing 3'-Phosphomonoesters"
GO:0052650,NADP-retinol Dehydrogenase Activity
GO:0008171,O-methyltransferase Activity
GO:0045125,Bioactive Lipid Receptor Activity
GO:0005432,Calcium:Sodium Antiporter Activity
GO:0004861,Cyclin-Dependent Protein Serine/Threonine Kinase Inhibitor Activity
GO:0008190,Eukaryotic Initiation Factor 4E Binding
GO:0004726,Non-Membrane Spanning Protein Tyrosine Phosphatase Activity
GO:0008242,Omega Peptidase Activity
GO:0052629,"Phosphatidylinositol-3,5-Bisphosphate 3-Phosphatase Activity"
GO:0004859,Phospholipase Inhibitor Activity
GO:0015279,Store-Operated Calcium Channel Activity
GO:0031996,Thioesterase Binding
GO:0004930,G Protein-Coupled Receptor Activity
GO:0030695,GTPase Regulator Activity
GO:0098960,Postsynaptic Neurotransmitter Receptor Activity
GO:0008028,Monocarboxylic Acid Transmembrane Transporter Activity
GO:0003847,1-Alkyl-2-Acetylglycerophosphocholine Esterase Activity
GO:0018812,3-hydroxyacyl-CoA Dehydratase Activity
GO:0019788,NEDD8 Transferase Activity
GO:0099122,RNA Polymerase II C-terminal Domain Binding
GO:0001006,RNA Polymerase III Type 3 Promoter Sequence-Specific DNA Binding
GO:0004017,Adenylate Kinase Activity
GO:0004559,Alpha-Mannosidase Activity
GO:0016273,Arginine N-methyltransferase Activity
GO:0032051,Clathrin Light Chain Binding
GO:0009922,Fatty Acid Elongase Activity
GO:0048256,Flap Endonuclease Activity
GO:0005412,Glucose:Sodium Symporter Activity
GO:0004571,"Mannosyl-Oligosaccharide 1,2-Alpha-Mannosidase Activity"
GO:0015924,Mannosyl-Oligosaccharide Mannosidase Activity
GO:0008142,Oxysterol Binding
GO:0008443,Phosphofructokinase Activity
GO:0008131,Primary Amine Oxidase Activity
GO:0030292,Protein Tyrosine Kinase Inhibitor Activity
GO:0005350,Pyrimidine Nucleobase Transmembrane Transporter Activity
GO:0008649,rRNA Methyltransferase Activity
GO:0019841,Retinol Binding
GO:1990757,Ubiquitin Ligase Activator Activity
GO:0004620,Phospholipase Activity
GO:0000978,RNA Polymerase II Cis-Regulatory Region Sequence-Specific DNA Binding
GO:0061665,SUMO Ligase Activity
GO:0035925,mRNA 3'-UTR AU-rich Region Binding
GO:0000030,Mannosyltransferase Activity
GO:0035091,Phosphatidylinositol Binding
GO:0016776,"Phosphotransferase Activity, Phosphate Group As Acceptor"
GO:0061459,L-arginine Transmembrane Transporter Activity
GO:0016857,"Racemase And Epimerase Activity, Acting On Carbohydrates And Derivatives"
GO:0098641,Cadherin Binding Involved In Cell-Cell Adhesion
GO:0016814,"Hydrolase Activity, Acting On Carbon-Nitrogen (But Not Peptide) Bonds, In Cyclic Amidines"
GO:0035014,Phosphatidylinositol 3-Kinase Regulator Activity
GO:0008170,N-methyltransferase Activity
GO:0045499,Chemorepellent Activity
GO:0005545,1-Phosphatidylinositol Binding
GO:0004198,Calcium-Dependent Cysteine-Type Endopeptidase Activity
GO:0051371,Muscle Alpha-Actinin Binding
GO:0031489,Myosin V Binding
GO:0004550,Nucleoside Diphosphate Kinase Activity
GO:0019957,C-C Chemokine Binding
GO:0034235,GPI Anchor Binding
GO:0023029,MHC Class Ib Protein Binding
GO:0000992,RNA Polymerase III Cis-Regulatory Region Sequence-Specific DNA Binding
GO:0033130,Acetylcholine Receptor Binding
GO:0015368,Calcium:Monoatomic Cation Antiporter Activity
GO:0047844,Deoxycytidine Deaminase Activity
GO:0042806,Fucose Binding
GO:0034987,Immunoglobulin Receptor Binding
GO:0005381,Iron Ion Transmembrane Transporter Activity
GO:0016717,"Oxidoreductase Activity, Acting On Paired Donors, With Oxidation Of A Pair Of Donors Resulting In The Reduction Of Molecular Oxygen To Two Molecules Of Water"
GO:0004596,Peptide alpha-N-acetyltransferase Activity
GO:0031545,Peptidyl-Proline 4-Dioxygenase Activity
GO:0034596,Phosphatidylinositol Phosphate 4-Phosphatase Activity
GO:0016427,tRNA (Cytosine) Methyltransferase Activity
GO:0008251,tRNA-specific Adenosine Deaminase Activity
GO:0022832,Voltage-Gated Channel Activity
GO:0004623,Phospholipase A2 Activity
GO:0004622,Lysophospholipase Activity
GO:0008234,Cysteine-Type Peptidase Activity
GO:0003730,mRNA 3'-UTR Binding
GO:0004197,Cysteine-Type Endopeptidase Activity
GO:0031624,Ubiquitin Conjugating Enzyme Binding
GO:0061778,Intracellular Chloride Channel Activity
GO:0016408,C-acyltransferase Activity
GO:0004875,Complement Receptor Activity
GO:0097153,Cysteine-Type Endopeptidase Activity Involved In Apoptotic Process
GO:0140410,Monoatomic Cation:Bicarbonate Symporter Activity
GO:0009982,Pseudouridine Synthase Activity
GO:0070273,Phosphatidylinositol-4-Phosphate Binding
GO:0008143,poly(A) Binding
GO:0004869,Cysteine-Type Endopeptidase Inhibitor Activity
GO:1990380,K48-linked Deubiquitinase Activity
GO:0072542,Protein Phosphatase Activator Activity
GO:0005547,"Phosphatidylinositol-3,4,5-Trisphosphate Binding"
GO:0015186,L-glutamine Transmembrane Transporter Activity
GO:0050786,RAGE Receptor Binding
GO:0035252,UDP-xylosyltransferase Activity
GO:0004022,Alcohol Dehydrogenase (NAD+) Activity
GO:0036041,Long-Chain Fatty Acid Binding
GO:0016290,palmitoyl-CoA Hydrolase Activity
GO:0050815,Phosphoserine Residue Binding
GO:0016918,Retinal Binding
GO:0005114,Type II Transforming Growth Factor Beta Receptor Binding
GO:0004252,Serine-Type Endopeptidase Activity
GO:0016791,Phosphatase Activity
GO:0008253,5'-Nucleotidase Activity
GO:0005095,GTPase Inhibitor Activity
GO:0140161,Monocarboxylate:Sodium Symporter Activity
GO:0030297,Transmembrane Receptor Protein Tyrosine Kinase Activator Activity
GO:0008236,Serine-Type Peptidase Activity
GO:0000987,Cis-Regulatory Region Sequence-Specific DNA Binding
GO:0048019,Receptor Antagonist Activity
GO:0005179,Hormone Activity
GO:0019888,Protein Phosphatase Regulator Activity
GO:0019239,Deaminase Activity
GO:0043295,Glutathione Binding
GO:0016653,"Oxidoreductase Activity, Acting On NAD(P)H, Heme Protein As Acceptor"
GO:0008526,Phosphatidylinositol Transfer Activity
GO:0034483,Heparan Sulfate Sulfotransferase Activity
GO:0008191,Metalloendopeptidase Inhibitor Activity
GO:0005068,Transmembrane Receptor Protein Tyrosine Kinase Adaptor Activity
GO:0000977,RNA Polymerase II Transcription Regulatory Region Sequence-Specific DNA Binding
GO:0042056,Chemoattractant Activity
GO:0005229,Intracellular Calcium Activated Chloride Channel Activity
GO:0005502,11-Cis Retinal Binding
GO:0004499,"N,N-dimethylaniline Monooxygenase Activity"
GO:0062105,RNA 2'-O-methyltransferase Activity
GO:0042500,"Aspartic Endopeptidase Activity, Intramembrane Cleaving"
GO:0008508,Bile Acid:Sodium Symporter Activity
GO:1902387,Ceramide 1-Phosphate Binding
GO:1902388,Ceramide 1-Phosphate Transfer Activity
GO:0004128,"Cytochrome-B5 Reductase Activity, Acting On NAD(P)H"
GO:0047238,glucuronosyl-N-acetylgalactosaminyl-proteoglycan 4-beta-N-acetylgalactosaminyltransferase Activity
GO:0016818,"Hydrolase Activity, Acting On Acid Anhydrides, In Phosphorus-Containing Anhydrides"
GO:0052642,Lysophosphatidic Acid Phosphatase Activity
GO:0004983,Neuropeptide Y Receptor Activity
GO:0005167,Neurotrophin TRK Receptor Binding
GO:0005168,Neurotrophin TRKA Receptor Binding
GO:0051998,Protein Carboxyl O-methyltransferase Activity
GO:0015213,Uridine Transmembrane Transporter Activity
GO:0019783,Ubiquitin-Like Protein Peptidase Activity
GO:0008187,Poly-Pyrimidine Tract Binding
GO:0004181,Metallocarboxypeptidase Activity
GO:0008376,Acetylgalactosaminyltransferase Activity
GO:0008252,Nucleotidase Activity
GO:0008970,Phospholipase A1 Activity
GO:1990247,N6-methyladenosine-containing RNA Binding
GO:0004143,Diacylglycerol Kinase Activity
GO:0008239,Dipeptidyl-Peptidase Activity
GO:0008378,Galactosyltransferase Activity
GO:0030215,Semaphorin Receptor Binding
GO:0017111,Ribonucleoside Triphosphate Phosphatase Activity
GO:0101005,Deubiquitinase Activity
GO:0017169,CDP-alcohol Phosphatidyltransferase Activity
GO:0015194,L-serine Transmembrane Transporter Activity
GO:0001517,N-acetylglucosamine 6-O-sulfotransferase Activity
GO:0016174,NAD(P)H Oxidase H2O2-forming Activity
GO:0048495,Roundabout Binding
GO:0004024,"Alcohol Dehydrogenase Activity, Zinc-Dependent"
GO:0003836,"Beta-Galactoside (CMP) Alpha-2,3-Sialyltransferase Activity"
GO:0098634,Cell-Matrix Adhesion Mediator Activity
GO:0120017,Ceramide Transfer Activity
GO:0030250,Guanylate Cyclase Activator Activity
GO:0004415,Hyalurononglucosaminidase Activity
GO:0070728,Leucine Binding
GO:0016671,"Oxidoreductase Activity, Acting On A Sulfur Group Of Donors, Disulfide As Acceptor"
GO:0036312,Phosphatidylinositol 3-Kinase Regulatory Subunit Binding
GO:0070878,Primary miRNA Binding
GO:0015252,Proton Channel Activity
GO:0015165,Pyrimidine Nucleotide-Sugar Transmembrane Transporter Activity
GO:0003924,GTPase Activity
GO:0008238,Exopeptidase Activity
GO:0016289,CoA Hydrolase Activity
GO:0016018,Cyclosporin A Binding
GO:0050811,GABA Receptor Binding
GO:0004126,Cytidine Deaminase Activity
GO:0008417,Fucosyltransferase Activity
GO:0008174,mRNA Methyltransferase Activity
GO:1990817,poly(A) RNA Polymerase Activity
GO:0016462,Pyrophosphatase Activity
GO:0047617,acyl-CoA Hydrolase Activity
GO:0042171,Lysophosphatidic Acid Acyltransferase Activity
GO:0045236,CXCR Chemokine Receptor Binding
GO:0047498,Calcium-Dependent Phospholipase A2 Activity
GO:0019198,Transmembrane Receptor Protein Phosphatase Activity
GO:0005001,Transmembrane Receptor Protein Tyrosine Phosphatase Activity
GO:0005372,Water Transmembrane Transporter Activity
GO:0004364,Glutathione Transferase Activity
GO:0047144,2-Acylglycerol-3-Phosphate O-acyltransferase Activity
GO:0018455,Alcohol Dehydrogenase [NAD(P)+] Activity
GO:0004551,Dinucleotide Phosphatase Activity
GO:0046703,Natural Killer Cell Lectin-Like Receptor Binding
GO:0042285,Xylosyltransferase Activity
GO:0004725,Protein Tyrosine Phosphatase Activity
GO:0016411,Acylglycerol O-acyltransferase Activity
GO:0004177,Aminopeptidase Activity
GO:0071855,Neuropeptide Receptor Binding
GO:0008157,Protein Phosphatase 1 Binding
GO:0043023,Ribosomal Large Subunit Binding
GO:0004090,Carbonyl Reductase (NADPH) Activity
GO:0015036,Disulfide Oxidoreductase Activity
GO:0015168,Glycerol Transmembrane Transporter Activity
GO:0022889,Serine Transmembrane Transporter Activity
GO:0005225,Volume-Sensitive Anion Channel Activity
GO:0160041,Neuropeptide Activity
GO:0005184,Neuropeptide Hormone Activity
GO:0019212,Phosphatase Inhibitor Activity
GO:0008266,poly(U) RNA Binding
GO:0004180,Carboxypeptidase Activity
GO:0008146,Sulfotransferase Activity
GO:0008235,Metalloexopeptidase Activity
GO:0030548,Acetylcholine Receptor Regulator Activity
GO:0005540,Hyaluronic Acid Binding
GO:0015250,Water Channel Activity
GO:0120014,Phospholipid Transfer Activity
GO:0008138,Protein Tyrosine/Serine/Threonine Phosphatase Activity
GO:0004843,Cysteine-Type Deubiquitinase Activity
GO:0033550,MAP Kinase Tyrosine Phosphatase Activity
GO:0017017,MAP Kinase Tyrosine/Serine/Threonine Phosphatase Activity
GO:0032395,MHC Class II Receptor Activity
GO:0008330,Protein Tyrosine/Threonine Phosphatase Activity
GO:0003841,1-Acylglycerol-3-Phosphate O-acyltransferase Activity
GO:0042834,Peptidoglycan Binding
GO:0016805,Dipeptidase Activity
GO:0031005,Filamin Binding
GO:0017154,Semaphorin Receptor Activity
GO:0016278,Lysine N-methyltransferase Activity
GO:0008173,RNA Methyltransferase Activity
GO:0005544,Calcium-Dependent Phospholipid Binding
GO:0008499,"UDP-galactose:beta-N-acetylglucosamine Beta-1,3-Galactosyltransferase Activity"
GO:0061659,Ubiquitin-Like Protein Ligase Activity
GO:0016878,Acid-Thiol Ligase Activity
GO:0005096,GTPase Activator Activity
GO:0061630,Ubiquitin Protein Ligase Activity
GO:0042577,Lipid Phosphatase Activity
GO:0008195,Phosphatidate Phosphatase Activity
GO:0008175,tRNA Methyltransferase Activity
GO:0035250,UDP-galactosyltransferase Activity
GO:0070006,Metalloaminopeptidase Activity
GO:0042578,Phosphoric Ester Hydrolase Activity
GO:0033549,MAP Kinase Phosphatase Activity
GO:0048531,"Beta-1,3-Galactosyltransferase Activity"
GO:0061650,Ubiquitin-Like Protein Conjugating Enzyme Activity
GO:0016409,Palmitoyltransferase Activity
GO:0004864,Protein Phosphatase Inhibitor Activity
GO:0022848,Acetylcholine-Gated Monoatomic Cation-Selective Channel Activity
GO:0061631,Ubiquitin Conjugating Enzyme Activity
GO:0008373,Sialyltransferase Activity
GO:0019706,Protein-Cysteine S-palmitoyltransferase Activity
GO:0033038,Bitter Taste Receptor Activity
GO:0042379,Chemokine Receptor Binding
GO:0008527,Taste Receptor Activity
GO:0004984,Olfactory Receptor Activity
GO:0048020,CCR Chemokine Receptor Binding
GO:0008009,Chemokine Activity
GO:0043231,Intracellular Membrane-Bounded Organelle
GO:0005634,Nucleus
GO:0005743,Mitochondrial Inner Membrane
GO:0019866,Organelle Inner Membrane
GO:0031966,Mitochondrial Membrane
GO:0005759,Mitochondrial Matrix
GO:0070013,Intracellular Organelle Lumen
GO:0043232,Intracellular Non-Membrane-Bounded Organelle
GO:0043005,Neuron Projection
GO:0005764,Lysosome
GO:0031461,cullin-RING Ubiquitin Ligase Complex
GO:0005789,Endoplasmic Reticulum Membrane
GO:0005730,Nucleolus
GO:0031981,Nuclear Lumen
GO:0000228,Nuclear Chromosome
GO:0030425,Dendrite
GO:0030055,Cell-Substrate Junction
GO:0005925,Focal Adhesion
GO:0005747,Mitochondrial Respiratory Chain Complex I
GO:0045271,Respiratory Chain Complex I
GO:0022625,Cytosolic Large Ribosomal Subunit
GO:0015934,Large Ribosomal Subunit
GO:0005856,Cytoskeleton
GO:0005840,Ribosome
GO:0030659,Cytoplasmic Vesicle Membrane
GO:0032040,Small-Subunit Processome
GO:0030424,Axon
GO:0062023,Collagen-Containing Extracellular Matrix
GO:0044665,MLL1/2 Complex
GO:0005929,Cilium
GO:0000123,Histone Acetyltransferase Complex
GO:0098852,Lytic Vacuole Membrane
GO:0071339,MLL1 Complex
GO:0071005,U2-type Precatalytic Spliceosome
GO:0070461,SAGA-type Complex
GO:0016514,SWI/SNF Complex
GO:0099513,Polymeric Cytoskeletal Fiber
GO:0000323,Lytic Vacuole
GO:0071011,Precatalytic Spliceosome
GO:0005765,Lysosomal Membrane
GO:1904813,Ficolin-1-Rich Granule Lumen
GO:0101002,Ficolin-1-Rich Granule
GO:0070847,Core Mediator Complex
GO:0019005,SCF Ubiquitin Ligase Complex
GO:0034774,Secretory Granule Lumen
GO:0005819,Spindle
GO:0015935,Small Ribosomal Subunit
GO:0000793,Condensed Chromosome
GO:0097525,Spliceosomal snRNP Complex
GO:0022627,Cytosolic Small Ribosomal Subunit
GO:0030666,Endocytic Vesicle Membrane
GO:0046540,U4/U6 X U5 tri-snRNP Complex
GO:0098588,Bounding Membrane Of Organelle
GO:0097526,Spliceosomal tri-snRNP Complex
GO:0005684,U2-type Spliceosomal Complex
GO:0043202,Lysosomal Lumen
GO:0097346,INO80-type Complex
GO:0005686,U2 snRNP
GO:0005770,Late Endosome
GO:0034703,Cation Channel Complex
GO:0034704,Calcium Channel Complex
GO:0060205,Cytoplasmic Vesicle Lumen
GO:0009898,Cytoplasmic Side Of Plasma Membrane
GO:0005753,Mitochondrial Proton-Transporting ATP Synthase Complex
GO:0045259,Proton-Transporting ATP Synthase Complex
GO:0034706,Sodium Channel Complex
GO:0031253,Cell Projection Membrane
GO:0005775,Vacuolar Lumen
GO:0016580,Sin3 Complex
GO:0070822,Sin3-type Complex
GO:0005740,Mitochondrial Envelope
GO:0005666,RNA Polymerase III Complex
GO:0042788,Polysomal Ribosome
GO:0045121,Membrane Raft
GO:0010008,Endosome Membrane
GO:0005788,Endoplasmic Reticulum Lumen
GO:0005761,Mitochondrial Ribosome
GO:0015630,Microtubule Cytoskeleton
GO:0031982,Vesicle
GO:0060170,Ciliary Membrane
GO:0035102,PRC1 Complex
GO:0000791,Euchromatin
GO:0000124,SAGA Complex
GO:0031965,Nuclear Membrane
GO:0072686,Mitotic Spindle
GO:0000792,Heterochromatin
GO:0031011,Ino80 Complex
GO:0016586,RSC-type Complex
GO:0071565,nBAF Complex
GO:0014069,Postsynaptic Density
GO:1902555,Endoribonuclease Complex
GO:0033276,Transcription Factor TFTC Complex
GO:0045111,Intermediate Filament Cytoskeleton
GO:0042383,Sarcolemma
GO:0005769,Early Endosome
GO:0140672,ATAC Complex
GO:0140288,GBAF Complex
GO:0035060,Brahma Complex
GO:0005874,Microtubule
GO:0005694,Chromosome
GO:0015629,Actin Cytoskeleton
GO:0005911,Cell-Cell Junction
GO:0031970,Organelle Envelope Lumen
GO:0005758,Mitochondrial Intermembrane Space
GO:1902554,Serine/Threonine Protein Kinase Complex
GO:0016323,Basolateral Plasma Membrane
GO:0005736,RNA Polymerase I Complex
GO:0106068,SUMO Ligase Complex
GO:0071564,npBAF Complex
GO:0005744,TIM23 Mitochondrial Import Inner Membrane Translocase Complex
GO:0043189,H4/H2A Histone Acetyltransferase Complex
GO:0035267,NuA4 Histone Acetyltransferase Complex
GO:0031234,Extrinsic Component Of Cytoplasmic Side Of Plasma Membrane
GO:0080008,Cul4-RING E3 Ubiquitin Ligase Complex
GO:1990072,TRAPPIII Protein Complex
GO:0044753,Amphisome
GO:1905369,Endopeptidase Complex
GO:0000794,Condensed Nuclear Chromosome
GO:0036019,Endolysosome
GO:0005776,Autophagosome
GO:0005604,Basement Membrane
GO:0032279,Asymmetric Synapse
GO:0031903,Microbody Membrane
GO:0005778,Peroxisomal Membrane
GO:0005777,Peroxisome
GO:0044853,Plasma Membrane Raft
GO:0071162,CMG Complex
GO:0045334,Clathrin-Coated Endocytic Vesicle
GO:0031463,Cul3-RING Ubiquitin Ligase Complex
GO:0005767,Secondary Lysosome
GO:0005901,Caveola
GO:0005751,Mitochondrial Respiratory Chain Complex IV
GO:0005882,Intermediate Filament
GO:0048188,Set1C/COMPASS Complex
GO:1904930,Amphisome Membrane
GO:0140092,bBAF Complex
GO:0030681,Multimeric Ribonuclease P Complex
GO:0101019,Nucleolar Exosome (RNase Complex)
GO:0000439,Transcription Factor TFIIH Core Complex
GO:0034705,Potassium Channel Complex
GO:0035578,Azurophil Granule Lumen
GO:0014704,Intercalated Disc
GO:0071007,U2-type Catalytic Step 2 Spliceosome
GO:0030139,Endocytic Vesicle
GO:0065010,Extracellular Membrane-Bounded Organelle
GO:0000307,Cyclin-Dependent Protein Kinase Holoenzyme Complex
GO:0044666,MLL3/4 Complex
GO:1990071,TRAPPII Protein Complex
GO:1903561,Extracellular Vesicle
GO:0099512,Supramolecular Fiber
GO:0098839,Postsynaptic Density Membrane
GO:0005680,Anaphase-Promoting Complex
GO:0031083,BLOC-1 Complex
GO:0030915,Smc5-Smc6 Complex
GO:0016442,RISC Complex
GO:0097386,Glial Cell Projection
GO:0030669,Clathrin-Coated Endocytic Vesicle Membrane
GO:0005771,Multivesicular Body
GO:0005884,Actin Filament
GO:0030127,COPII Vesicle Coat
GO:1902562,H4 Histone Acetyltransferase Complex
GO:0045335,Phagocytic Vesicle
GO:0097060,Synaptic Membrane
GO:0030016,Myofibril
GO:1905370,Serine-Type Endopeptidase Complex
GO:0042101,T Cell Receptor Complex
GO:0036020,Endolysosome Membrane
GO:0045277,Respiratory Chain Complex IV
GO:0005669,Transcription Factor TFIID Complex
GO:0031462,Cul2-RING Ubiquitin Ligase Complex
GO:0098858,Actin-Based Cell Projection
GO:0005891,Voltage-Gated Calcium Channel Complex
GO:0099634,Postsynaptic Specialization Membrane
GO:0035098,ESC/E(Z) Complex
GO:0061617,MICOS Complex
GO:0070578,RISC-loading Complex
GO:0005688,U6 snRNP
GO:0000276,"Mitochondrial Proton-Transporting ATP Synthase Complex, Coupling Factor F(o)"
GO:0001518,Voltage-Gated Sodium Channel Complex
GO:0044291,Cell-Cell Contact Zone
GO:0140275,MIB Complex
GO:0001401,SAM Complex
GO:0000812,Swr1 Complex
GO:1905286,Serine-Type Peptidase Complex
GO:0030670,Phagocytic Vesicle Membrane
GO:0031514,Motile Cilium
GO:0030665,Clathrin-Coated Vesicle Membrane
GO:0000932,P-body
GO:0097730,Non-Motile Cilium
GO:0012506,Vesicle Membrane
GO:1902711,GABA-A Receptor Complex
GO:0044754,Autolysosome
GO:0030863,Cortical Cytoskeleton
GO:0031526,Brush Border Membrane
GO:0031968,Organelle Outer Membrane
GO:0031093,Platelet Alpha Granule Lumen
GO:0005675,Transcription Factor TFIIH Holo Complex
GO:0030123,AP-3 Adaptor Complex
GO:0110016,B-WICH Complex
GO:0070775,H3 Histone Acetyltransferase Complex
GO:0070776,MOZ/MORF Histone Acetyltransferase Complex
GO:0005683,U7 snRNP
GO:0016011,Dystroglycan Complex
GO:0005579,Membrane Attack Complex
GO:0042582,Azurophil Granule
GO:0090533,Cation-Transporting ATPase Complex
GO:0005682,U5 snRNP
GO:0030131,Clathrin Adaptor Complex
GO:0031091,Platelet Alpha Granule
GO:0030057,Desmosome
GO:1902911,Protein Kinase Complex
GO:0005741,Mitochondrial Outer Membrane
GO:0030175,Filopodium
GO:0005689,U12-type Spliceosomal Complex
GO:0032590,Dendrite Membrane
GO:0030120,Vesicle Coat
GO:0030864,Cortical Actin Cytoskeleton
GO:0030136,Clathrin-Coated Vesicle
GO:0005774,Vacuolar Membrane
GO:0044545,NSL Complex
GO:0005687,U4 snRNP
GO:0042405,Nuclear Inclusion Body
GO:0070820,Tertiary Granule
GO:0005828,Kinetochore Microtubule
GO:0016593,Cdc73/Paf1 Complex
GO:0120157,PAR Polarity Complex
GO:0000445,THO Complex Part Of Transcription Export Complex
GO:0060473,Cortical Granule
GO:0042106,Gamma-Delta T Cell Receptor Complex
GO:0030867,Rough Endoplasmic Reticulum Membrane
GO:0016012,Sarcoglycan Complex
GO:0097180,Serine Protease Inhibitor Complex
GO:0070187,Shelterin Complex
GO:0005786,"Signal Recognition Particle, Endoplasmic Reticulum Targeting"
GO:1990246,Uniplex Complex
GO:0033017,Sarcoplasmic Reticulum Membrane
GO:0008076,Voltage-Gated Potassium Channel Complex
GO:0005876,Spindle Microtubule
GO:0045095,Keratin Filament
GO:0071682,Endocytic Vesicle Lumen
GO:0033176,Proton-Transporting V-type ATPase Complex
GO:0031907,Microbody Lumen
GO:0005782,Peroxisomal Matrix
GO:1990712,HFE-transferrin Receptor Complex
GO:0045240,Dihydrolipoyl Dehydrogenase Complex
GO:0000172,Ribonuclease MRP Complex
GO:0017059,Serine C-palmitoyltransferase Complex
GO:0032585,Multivesicular Body Membrane
GO:0005811,Lipid Droplet
GO:0045009,Chitosome
GO:0033162,Melanosome Membrane
GO:0090741,Pigment Granule Membrane
GO:0000779,"Condensed Chromosome, Centromeric Region"
GO:0030130,Clathrin Coat Of trans-Golgi Network Vesicle
GO:0030121,AP-1 Adaptor Complex
GO:0005750,Mitochondrial Respiratory Chain Complex III
GO:0045275,Respiratory Chain Complex III
GO:0005834,Heterotrimeric G-protein Complex
GO:0016471,Vacuolar Proton-Transporting V-type ATPase Complex
GO:0005902,Microvillus
GO:0070160,Tight Junction
GO:0005859,Muscle Myosin Complex
GO:0098978,Glutamatergic Synapse
GO:0098533,ATPase Dependent Transmembrane Transport Complex
GO:0038037,G Protein-Coupled Receptor Dimeric Complex
GO:0042721,TIM22 Mitochondrial Import Inner Membrane Insertion Complex
GO:0098878,Neurotransmitter Receptor Complex
GO:0035032,"Phosphatidylinositol 3-Kinase Complex, Class III"
GO:0030126,COPI Vesicle Coat
GO:0031464,Cul4A-RING E3 Ubiquitin Ligase Complex
GO:0030132,Clathrin Coat Of Coated Pit
GO:0101003,Ficolin-1-Rich Granule Membrane
GO:0012507,ER To Golgi Transport Vesicle Membrane
GO:0035631,CD40 Receptor Complex
GO:0098984,Neuron To Neuron Synapse
GO:0014701,Junctional Sarcoplasmic Reticulum Membrane
GO:0097651,"Phosphatidylinositol 3-Kinase Complex, Class I"
GO:0005943,"Phosphatidylinositol 3-Kinase Complex, Class IA"
GO:0008328,Ionotropic Glutamate Receptor Complex
GO:0042470,Melanosome
GO:0031902,Late Endosome Membrane
GO:0060076,Excitatory Synapse
GO:0042581,Specific Granule
GO:0044295,Axonal Growth Cone
GO:0032982,Myosin Filament
GO:0098554,Cytoplasmic Side Of Endoplasmic Reticulum Membrane
GO:0030658,Transport Vesicle Membrane
GO:0030662,Coated Vesicle Membrane
GO:0032009,Early Phagosome
GO:0001527,Microfibril
GO:0005912,Adherens Junction
GO:0016529,Sarcoplasmic Reticulum
GO:0016235,Aggresome
GO:0000421,Autophagosome Membrane
GO:0005685,U1 snRNP
GO:0055037,Recycling Endosome
GO:0017146,NMDA Selective Glutamate Receptor Complex
GO:0097449,Astrocyte Projection
GO:0061200,Clathrin-Sculpted Gamma-Aminobutyric Acid Transport Vesicle
GO:0061202,Clathrin-Sculpted Gamma-Aminobutyric Acid Transport Vesicle Membrane
GO:0031264,Death-Inducing Signaling Complex
GO:0014731,Spectrin-Associated Cytoskeleton
GO:0043190,ATP-binding Cassette (ABC) Transporter Complex
GO:0042612,MHC Class I Protein Complex
GO:0048179,Activin Receptor Complex
GO:0031428,Box C/D RNP Complex
GO:0008024,cyclin/CDK Positive Transcription Elongation Factor Complex
GO:0098591,External Side Of Apical Plasma Membrane
GO:0042406,Extrinsic Component Of Endoplasmic Reticulum Membrane
GO:0005947,Mitochondrial Alpha-Ketoglutarate Dehydrogenase Complex
GO:0000803,Sex Chromosome
GO:0016342,Catenin Complex
GO:0030663,COPI-coated Vesicle Membrane
GO:0005721,Pericentric Heterochromatin
GO:0031594,Neuromuscular Junction
GO:0005790,Smooth Endoplasmic Reticulum
GO:0030667,Secretory Granule Membrane
GO:1904724,Tertiary Granule Lumen
GO:0043020,NADPH Oxidase Complex
GO:0042105,Alpha-Beta T Cell Receptor Complex
GO:0120111,Neuron Projection Cytoplasm
GO:0030688,"Preribosome, Small Subunit Precursor"
GO:0033180,"Proton-Transporting V-type ATPase, V1 Domain"
GO:0000221,"Vacuolar Proton-Transporting V-type ATPase, V1 Domain"
GO:0005791,Rough Endoplasmic Reticulum
GO:0005923,Bicellular Tight Junction
GO:0031904,Endosome Lumen
GO:0097731,9+0 Non-Motile Cilium
GO:0030122,AP-2 Adaptor Complex
GO:0042627,Chylomicron
GO:0030128,Clathrin Coat Of Endocytic Vesicle
GO:0032839,Dendrite Cytoplasm
GO:0016589,NURF Complex
GO:0000805,X Chromosome
GO:0034707,Chloride Channel Complex
GO:0030056,Hemidesmosome
GO:0034362,Low-Density Lipoprotein Particle
GO:0033179,"Proton-Transporting V-type ATPase, V0 Domain"
GO:0000220,"Vacuolar Proton-Transporting V-type ATPase, V0 Domain"
GO:0031010,ISWI-type Complex
GO:0005847,mRNA Cleavage And Polyadenylation Specificity Factor Complex
GO:0031901,Early Endosome Membrane
GO:0034364,High-Density Lipoprotein Particle
GO:0005637,Nuclear Inner Membrane
GO:0070821,Tertiary Granule Membrane
GO:0032588,trans-Golgi Network Membrane
GO:0005742,Mitochondrial Outer Membrane Translocase Complex
GO:0071006,U2-type Catalytic Step 1 Spliceosome
GO:0031527,Filopodium Membrane
GO:0097708,Intracellular Vesicle
GO:0043296,Apical Junction Complex
GO:0035579,Specific Granule Membrane
GO:0005640,Nuclear Outer Membrane
GO:0097440,Apical Dendrite
GO:0005890,Sodium:Potassium-Exchanging ATPase Complex
GO:0061695,"Transferase Complex, Transferring Phosphorus-Containing Groups"
GO:0048788,Cytoskeleton Of Presynaptic Active Zone
GO:0035580,Specific Granule Lumen
GO:0030686,90S Preribosome
GO:0000139,Golgi Membrane
GO:0030134,COPII-coated ER To Golgi Transport Vesicle
GO:0030135,Coated Vesicle
GO:0071004,U2-type Prespliceosome
GO:0071010,Prespliceosome
GO:0071782,Endoplasmic Reticulum Tubular Network
GO:0005766,Primary Lysosome
GO:0000839,Hrd1p Ubiquitin Ligase ERAD-L Complex
GO:0010369,Chromocenter
GO:0032541,Cortical Endoplasmic Reticulum
GO:0032593,Insulin-Responsive Compartment
GO:0017071,Intracellular Cyclic Nucleotide Activated Cation Channel Complex
GO:0098992,Neuronal Dense Core Vesicle
GO:0097165,Nuclear Stress Granule
GO:0031088,Platelet Dense Granule Membrane
GO:0005922,Connexin Complex
GO:0005868,Cytoplasmic Dynein Complex
GO:0005921,Gap Junction
GO:0042599,Lamellar Body
GO:0031528,Microvillus Membrane
GO:0033116,Endoplasmic reticulum-Golgi Intermediate Compartment Membrane
GO:0048770,Pigment Granule
GO:0098553,Lumenal Side Of Endoplasmic Reticulum Membrane
GO:0031143,Pseudopodium
GO:0005798,Golgi-associated Vesicle
GO:0098982,GABA-ergic Synapse
GO:0034385,Triglyceride-Rich Plasma Lipoprotein Particle
GO:0034361,Very-Low-Density Lipoprotein Particle
GO:0072357,PTW/PP1 Phosphatase Complex
GO:0044354,Macropinosome
GO:0044352,Pinosome
GO:0043527,tRNA Methyltransferase Complex
GO:0042588,Zymogen Granule
GO:0042589,Zymogen Granule Membrane
GO:0030660,Golgi-associated Vesicle Membrane
GO:0010494,Cytoplasmic Stress Granule
GO:0001533,Cornified Envelope
GO:0070382,Exocytic Vesicle
GO:0034702,Monoatomic Ion Channel Complex
GO:0000836,Hrd1p Ubiquitin Ligase Complex
GO:0031932,TORC2 Complex
GO:0032591,Dendritic Spine Membrane
GO:0034366,Spherical High-Density Lipoprotein Particle
GO:0031094,Platelet Dense Tubular Network
GO:0030118,Clathrin Coat
GO:0031045,Dense Core Granule
GO:0031092,Platelet Alpha Granule Membrane
GO:0005795,Golgi Stack
GO:0005802,trans-Golgi Network
GO:0008287,Protein Serine/Threonine Phosphatase Complex
GO:0042827,Platelet Dense Granule
GO:0005665,"RNA Polymerase II, Core Complex"
GO:0031466,Cul5-RING Ubiquitin Ligase Complex
GO:0033391,Chromatoid Body
GO:0060077,Inhibitory Synapse
GO:0036157,Outer Dynein Arm
GO:0031095,Platelet Dense Tubular Network Membrane
GO:0097208,Alveolar Lamellar Body
GO:0098985,"Asymmetric, Glutamatergic, Excitatory Synapse"
GO:0097487,"Multivesicular Body, Internal Vesicle"
GO:0005641,Nuclear Envelope Lumen
GO:0032280,Symmetric Synapse
GO:0097729,9+2 Motile Cilium
GO:0042611,MHC Protein Complex
GO:0099503,Secretory Vesicle
GO:1990907,beta-catenin-TCF Complex
GO:0098574,Cytoplasmic Side Of Lysosomal Membrane
GO:0002102,Podosome
GO:0099501,Exocytic Vesicle Membrane
GO:0098966,Perisynaptic Extracellular Matrix
GO:0030672,Synaptic Vesicle Membrane
GO:0055038,Recycling Endosome Membrane
GO:0000235,Astral Microtubule
GO:0031313,Extrinsic Component Of Endosome Membrane
GO:0016600,Flotillin Complex
GO:0097486,Multivesicular Body Lumen
GO:0000159,Protein Phosphatase Type 2A Complex
GO:0035577,Azurophil Granule Membrane
GO:0036126,Sperm Flagellum
GO:0044194,Cytolytic Granule
GO:0031906,Late Endosome Lumen
GO:0072534,Perineuronal Net
GO:0032281,AMPA Glutamate Receptor Complex
GO:1990498,Mitotic Spindle Microtubule
GO:0031089,Platelet Dense Granule Lumen
GO:0032156,Septin Cytoskeleton
GO:0005940,Septin Ring
GO:0060293,Germ Plasm
GO:0016327,Apicolateral Plasma Membrane
GO:0010009,Cytoplasmic Side Of Endosome Membrane
GO:0005915,Zonula Adherens
GO:0002080,Acrosomal Membrane
GO:0005797,Golgi Medial Cisterna
GO:0030137,COPI-coated Vesicle
GO:0005796,Golgi Lumen
GO:0042613,MHC Class II Protein Complex
GO:0043186,P Granule
GO:0033106,cis-Golgi Network Membrane
GO:0005801,cis-Golgi Network
GO:0036128,CatSper Complex
GO:0036396,RNA N6-methyladenosine Methyltransferase Complex
GO:0001669,Acrosomal Vesicle
GO:0030140,trans-Golgi Network Transport Vesicle
GO:0030125,Clathrin Vesicle Coat
GO:0030687,"Preribosome, Large Subunit Precursor"
GO:0005892,Acetylcholine-Gated Channel Complex
GO:0031985,Golgi Cisterna
GO:0000137,Golgi Cis Cisterna
